7.38e-12,9.192370476079175e-09,0.010519742965698242,0.0,0.0030243396759033203,0.009168180146548681,0.2238762378692627
6.5e-12,-1.9713808060541313e-09,0.22786939144134521,0.0,0.22587084770202637,0.010701652894051936,0.23086810111999512
6.63e-12,-1.8021042540563441e-09,0.24335193634033203,0.0,0.2358558177947998,0.009686388178463574,0.25084805488586426
6.63e-12,-1.8021042540563441e-09,0.262839674949646,0.0,0.2538449764251709,0.012488941820452282,0.27283477783203125
6.72e-12,-6.085179518683251e-09,0.2858316898345947,0.0,0.2778327465057373,0.012404336427486586,0.3397951126098633
6.26e-12,4.827307183015943e-09,0.35029029846191406,0.0,0.34279561042785645,0.00971811520082571,0.4597334861755371
8e-12,8.432034682235004e-09,0.47321903705596924,0.0,0.4627256393432617,0.009961355705602089,0.484713077545166
6.9e-12,-4.445950507433739e-09,0.4962061643600464,0.0,0.4867115020751953,0.009707539526704997,0.5067000389099121
6.9e-12,-4.445950507433739e-09,0.5186960697174072,0.0,0.5107028484344482,0.008988393686496576,0.52768874168396
6.54e-12,6.393920165033319e-10,0.5396876335144043,0.0,0.5306873321533203,0.008882636945289454,0.5896520614624023
6.83e-12,1.3439426124295612e-08,0.6031448841094971,0.0,0.5946500301361084,0.008734577507599484,0.7215762138366699
7.53e-12,-5.175974958719014e-10,0.7315701246261597,0.0,0.7245743274688721,0.011484252778984634,0.7395665645599365
7.48e-12,-7.561544596859484e-09,0.752058744430542,0.0,0.7445638179779053,0.011611160868433178,0.7605545520782471
7.48e-12,-7.561544596859484e-09,0.7740482091903687,0.0,0.7655518054962158,0.008597093744030226,0.783541202545166
7.1e-12,-3.5920467746321114e-09,0.7970362901687622,0.0,0.7905411720275879,0.00851248835106453,0.8545081615447998
7.12e-12,-4.163158159765262e-09,0.861496090888977,0.0,0.8564996719360352,0.011230436600087542,0.9834263324737549
6.37e-12,-3.0117977531067303e-09,0.9914402961730957,0.0,0.9894232749938965,0.0077087371178904095,0.9944260120391846
7.78e-12,-3.1089703554749165e-09,1.0059144496917725,0.0,0.9974198341369629,0.01073337991641407,1.0154082775115967
7.78e-12,-3.1089703554749165e-09,1.028403639793396,0.0,1.0204126834869385,0.010500715085758408,1.0373945236206055
5.96e-12,-2.6981128682384437e-09,1.0488879680633545,0.0,1.0393929481506348,0.009485450370170047,1.105363368988037
6.7e-12,-7.537529005978383e-09,1.1158537864685059,0.0,1.1093614101409912,0.008089461386236046,1.2242953777313232
8.02e-12,1.2022319651706982e-08,1.2282859086990356,0.0,1.226287841796875,0.00910472610182441,1.2312965393066406
6.99e-12,-1.07743232267055e-08,1.2427822351455688,0.0,1.2362828254699707,0.010416109692792712,1.2502741813659668
6.99e-12,-1.07743232267055e-08,1.2612842321395874,0.0,1.2522716522216797,0.008903788293530876,1.2712616920471191
8.14e-12,-1.0356888501089471e-09,1.2837564945220947,0.0,1.2752642631530762,0.007560677680200439,1.340226650238037
8.23e-12,2.7794455604472297e-09,1.3497214317321777,0.0,1.3422255516052246,0.01142079873426036,1.4591526985168457
7.23e-12,9.053686753342045e-10,1.4746464490890503,0.0,1.4661481380462646,0.011336193341294664,1.485137939453125
6.27e-12,8.005574160925213e-09,1.4961373805999756,0.0,1.48714280128479,0.010056536772688498,1.5061285495758057
6.27e-12,8.005574160925213e-09,1.5191192626953125,0.0,1.511124610900879,0.01112467985888042,1.528113842010498
7.7e-12,-4.77806083321533e-09,1.5401071310043335,0.0,1.5311126708984375,0.011420798734260364,1.5890777111053467
6.6e-12,-5.3325016710914716e-09,1.6045691967010498,0.0,1.5960745811462402,0.008998969360617289,1.7150115966796875
6.37e-12,-6.145668371953999e-09,1.7295020818710327,0.0,1.7190115451812744,0.00859709374403023,1.7409980297088623
6.37e-12,-6.145668371953999e-09,1.7484862804412842,0.0,1.745987892150879,0.009665236830222152,1.7509846687316895
8.33e-12,-6.084924421359781e-09,1.7579810619354248,0.0,1.752983570098877,0.010743955590534787,1.76397705078125
8.33e-12,-6.084924421359781e-09,1.7769697904586792,0.0,1.7689740657806396,0.008840334248806606,1.823946475982666
9.05e-12,4.873144276468879e-10,1.8384370803833008,0.0,1.8279447555541992,0.012943695807642906,1.9448754787445068
5.63e-12,1.8529075771760756e-09,1.9503765106201172,0.0,1.9468793869018555,0.009675812504342862,1.9548730850219727
5.63e-12,1.8529075771760756e-09,1.9673662185668945,0.0,1.9598708152770996,0.011103528510638998,1.975860834121704
5.63e-12,4.925875909159384e-09,1.9883549213409424,0.0,1.978860855102539,0.009496026044290756,1.9988455772399902
5.63e-12,4.925875909159384e-09,2.0108410120010376,0.0,2.002845525741577,0.007983704645028924,2.0588130950927734
7.23e-12,2.609351566040979e-09,2.07234787940979,0.0,2.061811923980713,0.009284512561876516,2.1807942390441895
5.73e-12,4.868998630803202e-09,2.187807559967041,0.0,2.185825824737549,0.009305663910117938,2.189789295196533
7.58e-12,-2.9137920003668128e-09,2.2017855644226074,0.0,2.1937873363494873,0.00986617463851568,2.210777997970581
6.89e-12,-1.2567419906305469e-09,2.2242860794067383,0.0,2.217806577682495,0.011790947328485287,2.231771230697632
6.89e-12,-1.2567419906305469e-09,2.243774890899658,0.0,2.233797550201416,0.009527753066652895,2.2937629222869873
8.1e-12,5.759651457829462e-09,2.307842969894409,0.0,2.298760414123535,0.009369117954842212,2.4185006618499756
6.78e-12,8.684009262608827e-09,2.423514485359192,0.0,2.4214982986450195,0.010944893398828318,2.4255306720733643
6.89e-12,-1.111586775522582e-08,2.4380078315734863,0.0,2.4315273761749268,0.010532442108120543,2.445486068725586
6.68e-12,3.453429653659239e-09,2.456996202468872,0.0,2.4485177993774414,0.011082377162397572,2.4664738178253174
6.68e-12,3.453429653659239e-09,2.4789830446243286,0.0,2.470470428466797,0.009633509807860013,2.528445243835449
7.98e-12,5.246630634135309e-09,2.5414950847625732,0.0,2.53147029876709,0.008438458632219543,2.6517727375030518
7.11e-12,4.303839935430074e-09,2.667294979095459,0.0,2.6567704677581787,0.011156406881242559,2.6788113117218018
7.7e-12,-6.193675049293506e-09,2.6899096965789795,0.0,2.680807590484619,0.010743955590534787,2.700009346008301
7.82e-12,2.664073083518267e-09,2.71297025680542,0.0,2.703972101211548,0.008745153181720196,2.722961664199829
7.55e-12,-2.4482777124617156e-09,2.734461545944214,0.0,2.7249677181243896,0.010701652894051936,2.792922258377075
6.27e-12,-1.1183220988444663e-08,2.80441951751709,0.0,2.80092453956604,0.005995477910335046,2.914851188659668
6.03e-12,-2.5138427511421343e-09,2.928948998451233,0.0,2.922969341278076,0.008935515315893015,2.9359614849090576
7.33e-12,-1.3471306378225714e-09,2.950437545776367,0.0,2.9449236392974854,0.008015431667391059,2.9569520950317383
6.82e-12,2.0525784097788125e-10,2.9709248542785645,0.0,2.96494460105896,0.012922544459401483,2.9779038429260254
7.36e-12,-1.4007381465448967e-09,2.9924734830856323,0.0,2.986931800842285,0.013218663334781423,3.0421340465545654
7.94e-12,-6.520425818008073e-10,3.0566426515579224,0.0,3.051163911819458,0.008269247846288151,3.163419485092163
7.33e-12,-2.047638569490308e-09,3.1799718141555786,0.0,3.1714158058166504,0.010680501545810513,3.189492702484131
7.59e-12,8.24549319365015e-09,3.2035218477249146,0.0,3.197523593902588,0.008692274811116635,3.211515426635742
7.1e-12,-6.604155545411548e-09,3.225195527076721,0.0,3.219653606414795,0.010648774523448378,3.2317392826080322
6.84e-12,2.5399399613155043e-09,3.2467416524887085,0.0,3.240762233734131,0.01037380699630986,3.2937943935394287
6.79e-12,-7.709173062199914e-09,3.308812737464905,0.0,3.301816940307617,0.012478366146331573,3.4448699951171875
6.96e-12,1.9678936382086465e-09,3.4583712816238403,0.0,3.452857255935669,0.010045961098567785,3.464858293533325
5.85e-12,-2.392856876459738e-09,3.4788544178009033,0.0,3.472853899002075,0.007148226389492664,3.485872268676758
7.67e-12,-3.1305543536421398e-09,3.5003387928009033,0.0,3.4948415756225586,0.010997771769431876,3.5068600177764893
6.4e-12,5.129491953816499e-09,3.5208258628845215,0.0,3.514829158782959,0.014371411813939042,3.5749619007110596
8.25e-12,1.0543499104712704e-09,3.586518883705139,0.0,3.5829925537109375,0.012689879628745813,3.690485715866089
6.91e-12,5.691943852959294e-10,3.707552671432495,0.0,3.6985135078430176,0.012266852663917329,3.7175638675689697
7.64e-12,1.9110207580821796e-09,3.7331578731536865,0.0,3.7275550365448,0.013260966031264271,3.7387607097625732
6.58e-12,3.0900026756696026e-09,3.7537360191345215,0.0,3.7477264404296875,0.009369117954842212,3.760744571685791
7.76e-12,-6.781683176354721e-09,3.775209903717041,0.0,3.7697136402130127,0.008438458632219547,3.8237078189849854
6.76e-12,2.8330379895248177e-09,3.8381859064102173,0.0,3.8317043781280518,0.012774485021711513,3.9788503646850586
5.6e-12,-3.256449281005036e-09,3.9898574352264404,0.0,3.9878768920898438,0.013123482267695014,3.992837429046631
7.17e-12,-2.9625168457869293e-09,4.007342219352722,0.0,4.001859426498413,0.011283314970691103,4.013840913772583
5.72e-12,-4.478820363049718e-09,4.028475880622864,0.0,4.022854804992676,0.012118793226227359,4.03512716293335
7.21e-12,-1.3101270745929986e-09,4.049603462219238,0.0,4.044121980667114,0.013017725526487889,4.105349540710449
6.55e-12,-3.926174002897308e-10,4.116430282592773,0.0,4.113431692123413,0.011833250024968135,4.271606922149658
7.69e-12,2.259335418770987e-09,4.283600807189941,0.0,4.279601573944092,0.010521866433999834,4.288595914840698
6.45e-12,-7.672890808643606e-09,4.303132057189941,0.0,4.297591686248779,0.010204596210378468,4.3096396923065186
6.17e-12,3.5158022058850795e-09,4.324647784233093,0.0,4.318666934967041,0.016444243941598616,4.331658840179443
7.31e-12,5.1363613603128386e-09,4.3456515073776245,0.0,4.339655637741089,0.010722804242293365,4.400676965713501
5.22e-12,-3.6822569793614114e-09,4.4122923612594604,0.0,4.409731864929199,0.011135255533001133,4.513995409011841
6.65e-12,-2.9737090837746076e-09,4.53181517124176,0.0,4.522289514541626,0.010553593456361966,4.542340278625488
7.17e-12,2.701674805989084e-09,4.556880712509155,0.0,4.5503621101379395,0.009136453124186546,4.564393758773804
7.3e-12,-3.770288175426182e-09,4.578420400619507,0.0,4.5724241733551025,0.009665236830222152,4.585383415222168
6.82e-12,5.049171482760699e-09,4.599440574645996,0.0,4.593387126922607,0.011526555475467482,4.652554750442505
6.6e-12,-2.0892093801196697e-09,4.66456925868988,0.0,4.660531759262085,0.010828560983500483,4.769661903381348
8.36e-12,5.4660042792243014e-09,4.786620259284973,0.0,4.777623653411865,0.007772191162614683,4.796620845794678
6.66e-12,-4.854137640914661e-10,4.8106220960617065,0.0,4.804642915725708,0.008026007341511775,4.817601203918457
6.85e-12,-6.389691581321587e-09,4.832603335380554,0.0,4.827604532241821,0.012065914855623798,4.838587522506714
7.01e-12,2.5017633273890817e-09,4.854100227355957,0.0,4.848616361618042,0.011991885136778815,4.901615858078003
7.02e-12,2.8701050129259935e-09,4.9166035652160645,0.0,4.910603046417236,0.008427882958098834,5.0235724449157715
6.77e-12,-5.848860122820797e-10,5.041549205780029,0.0,5.033541440963745,0.010447836715154847,5.050529479980469
6.66e-12,1.2018175262678366e-09,5.0655200481414795,0.0,5.060523986816406,0.009834447616153544,5.0715172290802
7.15e-12,-1.3441492663943146e-09,5.086504817008972,0.0,5.080509185791016,0.011579433846071043,5.09349799156189
7.21e-12,3.108154169703514e-09,5.107494115829468,0.0,5.101500988006592,0.012753333673470087,5.152552127838135
6.76e-12,-4.113639119722319e-09,5.168564319610596,0.0,5.160581111907959,0.009072999079462275,5.276247262954712
6.91e-12,-9.295104954081275e-09,5.294302463531494,0.0,5.285276412963867,0.007677010095528274,5.303328514099121
6.87e-12,-1.462878220914372e-09,5.318311929702759,0.0,5.312314033508301,0.008470185654581679,5.325307369232178
7.75e-12,-4.023154968113625e-09,5.339860796928406,0.0,5.334336996078491,0.00912587745006583,5.34638524055481
7.54e-12,4.484064309507091e-09,5.360918164253235,0.0,5.355382680892944,0.013398449794833525,5.418699026107788
8.19e-12,-7.1209362271935155e-09,5.430692434310913,0.0,5.428693532943726,0.012795636369952935,5.538095712661743
8.22e-12,-2.924813964032667e-09,5.551194071769714,0.0,5.546091556549072,0.008745153181720196,5.557264804840088
7.07e-12,-3.153970528644937e-10,5.572270512580872,0.0,5.566291093826294,0.013239814683022846,5.5792834758758545
7.47e-12,2.00226391847598e-09,5.5933637619018555,0.0,5.587366580963135,0.010976620421190453,5.600360631942749
6.84e-12,1.95115523255032e-09,5.615028500556946,0.0,5.609443187713623,0.0117169176096403,5.667810440063477
7.67e-12,-7.764218163720523e-09,5.679802656173706,0.0,5.675806045532227,0.012436063449848725,5.81990385055542
6.15e-12,6.449281310774878e-09,5.8309208154678345,0.0,5.828927516937256,0.010585320478724104,5.8339245319366455
7.79e-12,-4.2387247728176487e-10,5.847914457321167,0.0,5.842919588088989,0.011071801488276859,5.853914260864258
5.73e-12,2.812167132889959e-09,5.867874264717102,0.0,5.861880302429199,0.011198709577725407,5.874872207641602
7.46e-12,-2.2250405367273392e-09,5.889401793479919,0.0,5.883867502212524,0.013134057941815724,5.933132886886597
6.33e-12,-5.564181562923105e-10,5.949677348136902,0.0,5.9410951137542725,0.008692274811116635,6.058701992034912
6.32e-12,1.041189150526852e-09,6.076209664344788,0.0,6.067697286605835,0.007677010095528274,6.08568811416626
7.93e-12,-6.33782388661082e-10,6.100680708885193,0.0,6.094684362411499,0.011632312216674604,6.107709169387817
5.89e-12,3.6401030891355443e-09,6.122256278991699,0.0,6.116668701171875,0.009464299021928618,6.128872871398926
7.87e-12,-2.8057174431721395e-09,6.143391966819763,0.0,6.137832880020142,0.008586518069909514,6.200124025344849
6.99e-12,8.577910767193263e-09,6.210137248039246,0.0,6.208124876022339,0.012531244516935134,6.313504219055176
6.47e-12,1.0660228749668018e-08,6.329989194869995,0.0,6.321495056152344,0.011315041993053238,6.340491533279419
6.12e-12,-8.097837082294368e-09,6.354491591453552,0.0,6.348512172698975,0.008544215373426665,6.362504720687866
8.05e-12,-2.415683688680721e-09,6.37598443031311,0.0,6.370500326156616,0.00887206127116874,6.38247275352478
7.59e-12,2.7178175656802893e-09,6.397450923919678,0.0,6.391454458236694,0.007930826274425363,6.450425863265991
7.08e-12,5.945413831436225e-09,6.462429642677307,0.0,6.458414554595947,0.013493630861919938,6.5683863162994385
7.45e-12,-1.0213883203498065e-09,6.585346817970276,0.0,6.5773537158966064,0.010088263795050633,6.5943403244018555
6.5e-12,-5.4220119289775515e-09,6.608845472335815,0.0,6.603331089019775,0.009548904414894317,6.6153600215911865
7.91e-12,-3.026729742989243e-10,6.630320429801941,0.0,6.625326633453369,0.011008347443552589,6.636312484741211
6.27e-12,1.6262492070419405e-09,6.650821089744568,0.0,6.645306825637817,0.008755728855840906,6.700426340103149
8.14e-12,-9.671032329239547e-09,6.714418411254883,0.0,6.70841908454895,0.012816787718194358,6.822359323501587
6.88e-12,-5.30152054097883e-09,6.8389047384262085,0.0,6.831380844116211,0.007412618242510469,6.847428321838379
7.13e-12,4.715554449142447e-09,6.862921714782715,0.0,6.857428312301636,0.01082856098350048,6.8694212436676025
6.31e-12,-5.708360559529893e-09,6.883409023284912,0.0,6.877416133880615,0.008449034306340256,6.8904030323028564
7.25e-12,5.5342453265270475e-09,6.90489649772644,0.0,6.899402618408203,0.011759220306123148,6.9478113651275635
5.73e-12,3.027823017232692e-10,6.965328574180603,0.0,6.956806421279907,0.011431374408381073,7.114198684692383
6.23e-12,-3.723791975834523e-09,7.132678389549255,0.0,7.123167276382446,0.012478366146331573,7.143155336380005
7.51e-12,-4.717728431258731e-09,7.158244490623474,0.0,7.152230262756348,0.010416109692792708,7.165224313735962
6.06e-12,5.943679672291444e-09,7.179781079292297,0.0,7.174226999282837,0.010035385424447076,7.186307430267334
7.68e-12,8.825814471806563e-10,7.200853109359741,0.0,7.195328712463379,0.013165784964177862,7.246354103088379
6.62e-12,5.003840814043522e-10,7.261862516403198,0.0,7.254350423812866,0.007835645207338954,7.369547128677368
8.31e-12,8.438708681668291e-09,7.387246608734131,0.0,7.377639055252075,0.009908477334998531,7.3968541622161865
7.91e-12,-2.145548817813557e-09,7.411842346191406,0.0,7.405846118927002,0.009337390932480073,7.418838262557983
7.46e-12,3.404822932122897e-09,7.433829307556152,0.0,7.4278342723846436,0.007211680434216938,7.440828084945679
6.92e-12,-5.350604784598517e-09,7.4553186893463135,0.0,7.449822425842285,0.006312748133956412,7.512080907821655
7.07e-12,2.8061453280915586e-09,7.523042798042297,0.0,7.5210394859313965,0.015577038663700221,7.627205848693848
7.16e-12,-9.834290846350117e-10,7.638217091560364,0.0,7.636200666427612,0.010691077219931226,7.641199588775635
6.28e-12,2.914792283467716e-09,7.652193903923035,0.0,7.6501922607421875,0.008417307283978121,7.65519118309021
7.85e-12,-4.638335358354271e-09,7.66818368434906,0.0,7.663187503814697,0.00986617463851568,7.6751792430877686
8.02e-12,5.299636842023738e-09,7.689174771308899,0.0,7.6831746101379395,0.008226945149805303,7.745138645172119
7.27e-12,-6.9317514025499304e-09,7.756133198738098,0.0,7.754132986068726,0.009051847731220846,7.857606649398804
5.85e-12,2.8045311777861445e-09,7.875315189361572,0.0,7.865790605545044,0.01217167159683092,7.884839773178101
7.78e-12,-1.5652394777092267e-09,7.899818181991577,0.0,7.893807888031006,0.014582925296353282,7.90679407119751
5.79e-12,5.348171306929047e-09,7.921335577964783,0.0,7.915795803070068,0.008269247846288151,7.927876949310303
7.36e-12,-8.684206554627472e-09,7.942600131034851,0.0,7.937041282653809,0.010299777277464877,7.9961042404174805
7.15e-12,8.025361796413114e-09,8.008096933364868,0.0,8.004099607467651,0.010437261041034134,8.111507415771484
7.82e-12,-2.7987016384581425e-09,8.128979802131653,0.0,8.119502544403076,0.013356147098350677,8.139456510543823
6.5e-12,5.068331428036413e-10,8.153469681739807,0.0,8.147486925125122,0.013102330919453588,8.16047978401184
6.8e-12,3.772675785842911e-09,8.175014019012451,0.0,8.169472932815552,0.01255239586517656,8.181527853012085
7.25e-12,-1.6435556126520361e-09,8.19701611995697,0.0,8.191516637802124,0.010299777277464877,8.245896100997925
6.78e-12,8.522129276354652e-09,8.26040494441986,0.0,8.254890441894531,0.009580631437256452,8.38739538192749
6.34e-12,-3.215911426040174e-09,8.404368162155151,0.0,8.395390272140503,0.010659350197569088,8.414345979690552
6.87e-12,5.0978435494242345e-09,8.428836345672607,0.0,8.423340320587158,0.012541820191055843,8.435333013534546
5.92e-12,-1.5946121123832298e-09,8.450323939323425,0.0,8.444327116012573,0.009749842223187848,8.45732069015503
7.21e-12,-5.640069875063219e-10,8.471846103668213,0.0,8.466349363327026,0.011939006766175257,8.526402950286865
6.74e-12,-7.947998192362872e-09,8.537972092628479,0.0,8.535486698150635,0.010236323232740603,8.66041612625122
7.9e-12,8.50780989703959e-10,8.678871273994446,0.0,8.669375896453857,0.009993082727964227,8.689367055892944
6.27e-12,1.211019879468732e-09,8.703873753547668,0.0,8.698393821716309,0.011315041993053242,8.710358381271362
7.75e-12,3.408141082283619e-09,8.724361658096313,0.0,8.718348503112793,0.009876750312636393,8.731346845626831
6.41e-12,5.557980059024919e-09,8.745608925819397,0.0,8.739511728286743,0.008375004587495273,8.793696165084839
7.39e-12,2.130798411986422e-09,8.809185147285461,0.0,8.802693367004395,0.009178755820669394,8.920616149902344
7.28e-12,-4.902583512907138e-09,8.936606407165527,0.0,8.930609941482544,0.012065914855623801,8.943602561950684
6.09e-12,4.445963702122884e-09,8.957672476768494,0.0,8.951632738113403,0.012034187833261663,8.963712215423584
6.71e-12,-3.260667811620277e-09,8.97872281074524,0.0,8.972675323486328,0.008713426159358061,8.98477029800415
6.46e-12,2.6383095104847085e-11,8.999748706817627,0.0,8.993750810623169,0.00716937773773409,9.043758869171143
8.13e-12,-9.397610095819665e-09,9.060731649398804,0.0,9.052718877792358,0.012890817437039345,9.207638025283813
6.62e-12,-2.5148147599091545e-09,9.218144059181213,0.0,9.215660095214844,0.013694568670213465,9.220628023147583
7.15e-12,-3.9902185107333896e-09,9.234631896018982,0.0,9.22965121269226,0.01021517188449918,9.24061918258667
7.36e-12,5.269069145504309e-09,9.25461208820343,0.0,9.248613119125366,0.014508895577508295,9.260611057281494
7.03e-12,9.708740237542052e-10,9.275611162185669,0.0,9.269627809524536,0.01246779047221086,9.324772596359253
7.52e-12,2.3157006175246335e-09,9.338746905326843,0.0,9.332767486572266,0.008163491105081029,9.445669174194336
6.5e-12,3.5572253616597227e-09,9.463661193847656,0.0,9.455669164657593,0.01246779047221086,9.47266149520874
6.44e-12,1.3227587903345522e-09,9.48716151714325,0.0,9.48168158531189,0.011674614913157452,9.49364161491394
7.09e-12,-7.844864732093764e-10,9.508641600608826,0.0,9.502644062042236,0.011018923117673298,9.515631675720215
6.04e-12,-2.482717736085959e-09,9.53016483783722,0.0,9.52462387084961,0.010141142165654194,9.574771165847778
7.83e-12,4.25606196603575e-09,9.590850830078125,0.0,9.582855463027954,0.014223352376249072,9.699035406112671
7.81e-12,-1.8730659205971e-09,9.717013955116272,0.0,9.709013938903809,0.01405414159031768,9.726012706756592
7.23e-12,3.566961785611728e-09,9.741501212120056,0.0,9.736007690429688,0.013250390357143555,9.747992277145386
6.69e-12,1.3442636203669053e-09,9.76248550415039,0.0,9.756989479064941,0.011537131149588192,9.769013404846191
6.8e-12,7.276179913126247e-10,9.783475637435913,0.0,9.777974367141724,0.012837939066435787,9.839939832687378
6.82e-12,-3.569086758882616e-09,9.850932717323303,0.0,9.848933696746826,0.012869666088797919,9.954229593276978
6.9e-12,-1.5854549981165462e-09,9.970932245254517,0.0,9.962435483932495,0.010511290759879121,9.979429006576538
6.08e-12,3.7006051370954375e-09,9.995059251785278,0.0,9.989505767822266,0.010585320478724104,10.001612663269043
7.26e-12,-5.9177539930769605e-09,10.015590786933899,0.0,10.009608745574951,0.008237520823926016,10.023574590682983
6e-12,3.8162810918747375e-09,10.039574146270752,0.0,10.035593509674072,0.01240433642748659,10.0905282497406
6.71e-12,-1.3971881468463405e-09,10.10303783416748,0.0,10.099556922912598,0.013440752491316373,10.220722198486328
5.97e-12,-4.7672242235160385e-09,10.230735301971436,0.0,10.228749990463257,0.009178755820669394,10.233710765838623
6.59e-12,6.219209914381884e-10,10.248250722885132,0.0,10.242705821990967,0.01127273929657039,10.255788803100586
6.47e-12,-9.648801791304213e-09,10.269800901412964,0.0,10.263818502426147,0.010119990817412768,10.27578330039978
7.4e-12,3.1612338908600362e-09,10.290788054466248,0.0,10.284804821014404,0.011135255533001136,10.339739084243774
6.35e-12,-2.0519657992113625e-09,10.353890895843506,0.0,10.347856998443604,0.014953073890578206,10.461963415145874
6.58e-12,-2.53352105920569e-09,10.4784597158432,0.0,10.470965385437012,0.009464299021928621,10.487948894500732
8.33e-12,-2.7723933132584516e-09,10.50245976448059,0.0,10.496949434280396,0.010500715085758408,10.508970260620117
7.22e-12,1.0636183627815972e-08,10.523442387580872,0.0,10.517951726913452,0.011685190587278162,10.530925273895264
7.09e-12,-5.1238860958854326e-09,10.544920444488525,0.0,10.539920091629028,0.007581829028441865,10.58988904953003
7.31e-12,4.759275365783925e-09,10.605916500091553,0.0,10.59791874885559,0.011177558229483981,10.755724668502808
7.57e-12,-2.1546361887233308e-09,10.7734135389328,0.0,10.763928174972534,0.014244503724490494,10.782898902893066
7.12e-12,3.237564539245777e-09,10.797891855239868,0.0,10.79191255569458,0.010342079973947725,10.804870128631592
6.53e-12,-2.1585462149399884e-09,10.819395422935486,0.0,10.813899040222168,0.011748644632002436,10.825862884521484
6.85e-12,1.3751222283660562e-09,10.840866088867188,0.0,10.8348867893219,0.009326815258359364,10.887830018997192
7.55e-12,-3.5924834560109613e-09,10.903313398361206,0.0,10.896817445755005,0.01216109592271021,11.04321575164795
7.47e-12,3.3863886947501633e-09,11.054197430610657,0.0,11.051211833953857,0.012742757999349374,11.058181524276733
6.06e-12,1.662783416329067e-09,11.0732262134552,0.0,11.067203283309937,0.013292693053626407,11.079249143600464
7.55e-12,-3.8235067549779935e-10,11.094306230545044,0.0,11.088252305984497,0.012076490529744514,11.10036015510559
6.62e-12,-1.4279455955620456e-09,11.11544144153595,0.0,11.109354257583618,0.012753333673470087,11.168723106384277
7.86e-12,-1.913701164934222e-09,11.180774688720703,0.0,11.17673635482788,0.009443147673687195,11.287027597427368
7.17e-12,-2.7201454858365997e-09,11.303532123565674,0.0,11.29602313041687,0.009823871942032832,11.312007665634155
7.56e-12,3.555915945841706e-09,11.327001333236694,0.0,11.322002172470093,0.007920250600304653,11.33300232887268
5.95e-12,4.073838282393989e-09,11.348490118980408,0.0,11.342996835708618,0.007708737117890406,11.355981349945068
7.12e-12,2.6443614745725836e-09,11.370477676391602,0.0,11.365976333618164,0.010902590702345467,11.418114185333252
6.65e-12,3.792241624889467e-09,11.432107090950012,0.0,11.426110744476318,0.01352535788428207,11.559033632278442
7.82e-12,-2.6832355420681036e-09,11.576568722724915,0.0,11.567030191421509,0.012182247270951633,11.587119579315186
6.8e-12,2.2443789244657767e-09,11.601622819900513,0.0,11.596136093139648,0.012362033731003738,11.608094930648804
7.26e-12,-5.0510514118046075e-09,11.623107314109802,0.0,11.617124080657959,0.013884930804386283,11.629090547561646
7.58e-12,-2.4051405037352734e-10,11.644608616828918,0.0,11.639076471328735,0.010881439354104044,11.698442459106445
7.24e-12,-9.079856220146448e-09,11.710524559020996,0.0,11.707437992095947,0.011441950082501786,11.860496520996094
5.97e-12,-4.378989344978065e-09,11.876004338264465,0.0,11.869524717330933,0.011822674350847422,11.882483959197998
7.62e-12,-1.6101328367290248e-09,11.897988200187683,0.0,11.891475677490234,0.012658152606383678,11.904475450515747
6.66e-12,-1.3725492639827663e-09,11.919015884399414,0.0,11.913461685180664,0.008195218127443168,11.92556381225586
7.66e-12,2.8545428195571706e-09,11.940089225769043,0.0,11.934593439102173,0.009644085481980723,11.995959281921387
6.55e-12,1.0262788376336496e-08,12.006942391395569,0.0,12.00493311882019,0.008861485597048031,12.108954429626465
6.3e-12,9.262275939169794e-09,12.126051425933838,0.0,12.116984367370605,0.009644085481980726,12.13711667060852
7.54e-12,-3.189773375162308e-09,12.151106238365173,0.0,12.14510989189148,0.012848514740556496,12.158103704452515
7.43e-12,5.840643601394599e-09,12.172127842903137,0.0,12.166131258010864,0.011632312216674604,12.179091691970825
6.78e-12,-3.752633681350069e-09,12.194098114967346,0.0,12.188084363937378,0.01151597980134677,12.246051549911499
7.47e-12,-2.3782164263754783e-09,12.259044766426086,0.0,12.255047082901001,0.010394958344551286,12.371979475021362
6.17e-12,2.649354093617668e-09,12.38547146320343,0.0,12.380974054336548,0.012044763507382376,12.39096999168396
7.22e-12,-9.921237564630868e-10,12.405521631240845,0.0,12.39999771118164,0.012869666088797919,12.411045551300049
5.56e-12,4.031442489533795e-09,12.426036357879639,0.0,12.420039653778076,0.011378496037777512,12.433032751083374
7.32e-12,-4.185355396818466e-10,12.448024034500122,0.0,12.442026853561401,0.011886128395571696,12.496294260025024
6.45e-12,5.028938997753051e-09,12.510797500610352,0.0,12.50525450706482,0.012340882382762316,12.618664741516113
6.17e-12,-6.66757990285781e-09,12.635161519050598,0.0,12.627659320831299,0.012975422830005044,12.643678665161133
7.16e-12,-2.9304927069132963e-09,12.658719539642334,0.0,12.65267562866211,0.010955469072949028,12.665782690048218
7.17e-12,5.517327221768936e-09,12.67978811264038,0.0,12.67377781867981,0.011082377162397572,12.686827182769775
7.82e-12,-1.537418789806097e-09,12.701318621635437,0.0,12.695821523666382,0.012837939066435784,12.745972871780396
6.95e-12,5.837556672453181e-09,12.76248824596405,0.0,12.754964590072632,0.011738068957881726,12.870139598846436
7.22e-12,8.701383526620242e-09,12.88812518119812,0.0,12.8791344165802,0.013324420075988542,12.89815092086792
6.82e-12,-1.7097678194190942e-09,12.913626551628113,0.0,12.908143281936646,0.00991905300911924,12.920102834701538
8.09e-12,9.312233545547178e-09,12.934597253799438,0.0,12.92909574508667,0.010003658402084937,12.941096544265747
7.69e-12,-7.02732556257597e-09,12.955588817596436,0.0,12.950091361999512,0.011632312216674604,13.011084794998169
6.15e-12,4.228935570109063e-09,13.022138237953186,0.0,13.02011752128601,0.012658152606383678,13.138583421707153
6.67e-12,4.626736598277217e-09,13.148576736450195,0.0,13.146577596664429,0.0077510398143732576,13.151575326919556
6.25e-12,-7.661559083942108e-09,13.16655695438385,0.0,13.16057014465332,0.010796833961138348,13.17254376411438
7.51e-12,6.892564432426113e-09,13.187541604042053,0.0,13.181560277938843,0.011061225814156146,13.19455075263977
7.36e-12,-5.9974159863125664e-09,13.2091144323349,0.0,13.203599452972412,0.012076490529744511,13.26174783706665
7.91e-12,1.5938788646578821e-09,13.27378761768341,0.0,13.26974368095398,0.011103528510638998,13.378505945205688
7.46e-12,5.043018987707909e-09,13.395496129989624,0.0,13.386501550674438,0.014329109117456194,13.405491352081299
7.6e-12,-6.0177332943218616e-09,13.420516014099121,0.0,13.414520502090454,0.010638198849327665,13.427511930465698
6.91e-12,4.2170748012047e-09,13.441989660263062,0.0,13.436506986618042,0.012425487775728012,13.44846487045288
7.23e-12,-3.5642361398254734e-09,13.46347463130951,0.0,13.458494424819946,0.011272739296570394,13.512463569641113
6.68e-12,1.1941781782439555e-08,13.527437567710876,0.0,13.522457361221313,0.013768598389058449,13.634838581085205
8.52e-12,5.582929331242666e-09,13.650845170021057,0.0,13.643807411193848,0.014910771194095361,13.65887999534607
5.93e-12,-3.3302352393413684e-09,13.67447316646576,0.0,13.668877601623535,0.012245701315675907,13.681068658828735
8.16e-12,7.217389404844031e-09,13.695534586906433,0.0,13.690038681030273,0.011526555475467482,13.702029943466187
6.94e-12,-5.088739213914132e-09,13.716725826263428,0.0,13.711141109466553,0.008343277565133134,13.761342763900757
7.48e-12,2.52803458179546e-09,13.777384281158447,0.0,13.769347906112671,0.011315041993053242,13.900696754455566
7.53e-12,-2.357103038787763e-09,13.910691499710083,0.0,13.908692359924316,0.009908477334998528,13.913689136505127
6.26e-12,5.209228088638732e-09,13.92866325378418,0.0,13.923682928085327,0.010479563737516986,13.935645341873169
7.61e-12,-4.567770789124929e-09,13.95065450668335,0.0,13.94567084312439,0.015450130574251677,13.956665277481079
6.47e-12,7.3039823797919865e-09,13.971139550209045,0.0,13.965626239776611,0.01121986092596683,14.026824235916138
7.86e-12,-2.877712693695926e-09,14.036852478981018,0.0,14.034852981567383,0.007930826274425363,14.138275623321533
7.19e-12,-9.04877330243183e-10,14.156809329986572,0.0,14.147305488586426,0.011970733788537392,14.167313575744629
7.18e-12,-1.3804660774698123e-10,14.181326270103455,0.0,14.175342082977295,0.011790947328485287,14.188334465026855
6.5e-12,-2.472496250228239e-09,14.202826380729675,0.0,14.197329759597778,0.010130566491533481,14.209323167800903
7.31e-12,4.499311086973493e-09,14.223839402198792,0.0,14.21829080581665,0.015725098101390195,14.276695251464844
6.38e-12,-9.873359692590158e-10,14.289186835289001,0.0,14.285687923431396,0.011452525756622499,14.394866228103638
5.3e-12,4.1422967279083636e-09,14.411373615264893,0.0,14.40283465385437,0.011209285251846116,14.420905113220215
8.32e-12,-3.73042262128919e-09,14.435914397239685,0.0,14.430934190750122,0.011103528510638998,14.441901922225952
6.6e-12,3.3506970606127292e-09,14.456903457641602,0.0,14.451890707015991,0.010881439354104044,14.462883472442627
6.92e-12,-4.806674459104226e-09,14.477509617805481,0.0,14.471875429153442,0.011251587948328964,14.526379823684692
6.13e-12,7.048414445740987e-09,14.540883779525757,0.0,14.53533935546875,0.010268050255102742,14.647968292236328
6.81e-12,5.708412709967943e-09,14.66450309753418,0.0,14.655963659286499,0.00860766941815094,14.67400860786438
6.74e-12,-2.697610213413869e-09,14.689520597457886,0.0,14.684008598327637,0.009823871942032832,14.696029901504517
7.38e-12,4.530803668370138e-09,14.710031509399414,0.0,14.70399022102356,0.00784622088145967,14.717071771621704
7.33e-12,-1.2863370500644244e-09,14.731707334518433,0.0,14.726193904876709,0.008015431667391059,14.777382373809814
6.99e-12,2.9996994797977564e-10,14.794375538825989,0.0,14.78737735748291,0.012552395865176556,14.90141248703003
7.41e-12,1.5881071306347071e-09,14.918885707855225,0.0,14.910376071929932,0.012023612159140953,14.928361177444458
7.71e-12,1.6349633567444681e-09,14.942854166030884,0.0,14.93735647201538,0.012277428338038045,14.950350522994995
7.24e-12,5.205450637632055e-09,14.964344382286072,0.0,14.958352088928223,0.014297382095094055,14.971344232559204
7.05e-12,-1.8245710397592263e-09,14.985361456871033,0.0,14.97936487197876,0.008702850485237348,15.02631139755249
7.64e-12,-6.768498540306138e-11,15.044814825057983,0.0,15.035307884216309,0.008692274811116635,15.169758319854736
7.97e-12,-1.105900178660319e-08,15.180716037750244,0.0,15.17871618270874,0.010289201603344164,15.18372130393982
6.37e-12,5.362801075598283e-09,15.19820523262024,0.0,15.193708419799805,0.008628820766392362,15.203709125518799
8.32e-12,-4.17476948621293e-09,15.218194365501404,0.0,15.21269702911377,0.010363231322189151,15.224724054336548
7.71e-12,1.76091608941219e-09,15.23919951915741,0.0,15.233686208724976,0.013493630861919934,15.29286241531372
6.69e-12,4.474573558100596e-09,15.304835200309753,0.0,15.301823377609253,0.009813296267912122,15.409384489059448
7.16e-12,-3.983652582087387e-09,15.42635989189148,0.0,15.41837763786316,0.0175652653983941,15.43633508682251
7e-12,-1.3023158186191129e-09,15.450859308242798,0.0,15.445362091064453,0.010236323232740607,15.457355260848999
7.18e-12,-3.06680012896725e-09,15.47133493423462,0.0,15.46532654762268,0.011537131149588195,15.47834300994873
7.38e-12,5.085387762871283e-09,15.492348194122314,0.0,15.486305713653564,0.014128171309162663,15.542571783065796
7.32e-12,-2.9660831817672845e-09,15.55603539943695,0.0,15.550541162490845,0.009845023290274257,15.662844896316528
6.27e-12,-1.848834188141431e-09,15.679908275604248,0.0,15.670893430709839,0.012393760753365873,15.688923120498657
7.78e-12,6.659844673426141e-09,15.703981041908264,0.0,15.69800090789795,0.010595896152844817,15.710994005203247
6.52e-12,-3.593160155068544e-09,15.725486278533936,0.0,15.719987630844116,0.009041272057100137,15.731947898864746
7.25e-12,1.0677645111020987e-09,15.74704360961914,0.0,15.740975856781006,0.007317437175424064,15.793201923370361
6.98e-12,-9.652845021049383e-09,15.809232950210571,0.0,15.802242040634155,0.008322126216891712,15.956294775009155
6.31e-12,2.6159024150422443e-09,15.974861979484558,0.0,15.96528434753418,0.011526555475467482,15.986443758010864
8.17e-12,2.712468690028287e-09,16.000439524650574,0.0,15.994459629058838,0.010595896152844817,16.00641942024231
6.68e-12,2.8100038321886975e-09,16.021422624588013,0.0,16.015413761138916,0.01045841238927556,16.02843999862671
7.54e-12,-5.222170193734459e-09,16.042415976524353,0.0,16.036436319351196,0.011061225814156146,16.089491844177246
6.98e-12,7.867441473539522e-09,16.105188846588135,0.0,16.098628044128418,0.012044763507382376,16.21293807029724
6.79e-12,1.0536012061100668e-08,16.229499101638794,0.0,16.22096037864685,0.00911530177594512,16.239010334014893
6.38e-12,-5.139919528152294e-09,16.254191875457764,0.0,16.24818229675293,0.012150520248589498,16.261168003082275
7.35e-12,1.268141573733363e-09,16.275676369667053,0.0,16.270196676254272,0.011727493283761013,16.28218936920166
6.59e-12,-2.0790048588622793e-09,16.296781301498413,0.0,16.291150093078613,0.011558282497829617,16.340420246124268
7.76e-12,5.558357050143348e-10,16.35700011253357,0.0,16.3485050201416,0.012594698561659408,16.466469049453735
7.47e-12,-8.025952415831988e-10,16.48349368572235,0.0,16.474498748779297,0.011431374408381073,16.493488550186157
6.86e-12,-2.443920323451186e-10,16.507523775100708,0.0,16.50148320198059,0.012097641877985937,16.514530181884766
7.16e-12,-5.3206842561657286e-09,16.52906572818756,0.0,16.523523569107056,0.01271103097698724,16.535611867904663
7.47e-12,6.03213686832004e-09,16.550631284713745,0.0,16.54463505744934,0.013356147098350677,16.604950189590454
7.09e-12,-5.2775759500916994e-09,16.61690902709961,0.0,16.61390995979309,0.00947487469604933,16.72042441368103
6.44e-12,-6.960567975324249e-09,16.737487196922302,0.0,16.72842001914978,0.008089461386236046,16.746554374694824
8.08e-12,6.435369081867722e-09,16.76165199279785,0.0,16.755672693252563,0.012319731034520894,16.768630266189575
6.39e-12,-1.6332838613118588e-09,16.783128023147583,0.0,16.77763342857361,0.013641690299609904,16.789626121520996
7.24e-12,9.74401403985656e-10,16.804701924324036,0.0,16.798701286315918,0.012319731034520894,16.8559091091156
6.94e-12,-9.140544250391435e-09,16.86938464641571,0.0,16.86487078666687,0.012658152606383678,16.976101636886597
7.23e-12,-4.674482523426475e-10,16.992112159729004,0.0,16.984068393707275,0.011188133903604694,17.0011465549469
6.04e-12,-4.075877176026169e-10,17.015172719955444,0.0,17.00917625427246,0.011389071711898225,17.022135972976685
7.61e-12,4.368382071542484e-09,17.037131547927856,0.0,17.03113079071045,0.011642887890795314,17.043132305145264
7.33e-12,-1.014608135084829e-09,17.05963361263275,0.0,17.055150985717773,0.011209285251846116,17.105178117752075
6.65e-12,3.9401540902057817e-10,17.1206533908844,0.0,17.114139318466187,0.009337390932480073,17.228337287902832
7.71e-12,7.593980912689269e-09,17.244893550872803,0.0,17.23634147644043,0.013409025468954238,17.25444483757019
7.2e-12,-6.629313419381495e-09,17.269401788711548,0.0,17.263405323028564,0.01150540412722606,17.276398420333862
7.32e-12,3.519837895807881e-09,17.290454626083374,0.0,17.284400939941406,0.00837500458749527,17.297480821609497
7.29e-12,-8.486185058167869e-09,17.311982035636902,0.0,17.30650234222412,0.010257474580982029,17.355474710464478
7.23e-12,7.731294272710902e-09,17.372040271759033,0.0,17.363558530807495,0.01367341732197204,17.481537580490112
8.22e-12,4.946824677292052e-09,17.49915051460266,0.0,17.490567207336426,0.012256276989796616,17.508731842041016
5.79e-12,-2.0907380791049065e-09,17.524189233779907,0.0,17.51869249343872,0.011769795980243861,17.529685974121094
7.07e-12,-6.467860689728208e-10,17.544694304466248,0.0,17.53871488571167,0.012192822945072346,17.55170726776123
7e-12,-5.097108416743296e-09,17.56579065322876,0.0,17.559793949127197,0.01016229351389562,17.62087059020996
7.14e-12,4.691662008693366e-09,17.63198459148407,0.0,17.62898302078247,0.01001423407620565,17.788123846054077
6.66e-12,-3.343496530250702e-10,17.80058205127716,0.0,17.797084093093872,0.011103528510638998,17.80508804321289
6.98e-12,-8.424420718279765e-09,17.81958818435669,0.0,17.814074516296387,0.008438458632219543,17.826102018356323
7.06e-12,7.942530564508563e-09,17.840619921684265,0.0,17.83506202697754,0.010553593456361969,17.847146034240723
6.97e-12,-4.77702787755083e-09,17.86169683933258,0.0,17.856172800064087,0.010056536772688498,17.918287754058838
6.95e-12,2.4978174870161727e-09,17.928367972373962,0.0,17.92637300491333,0.009295088235997229,18.044514179229736
7.21e-12,-7.896097825088508e-10,18.05501663684845,0.0,18.052515745162964,0.013493630861919938,18.057517528533936
6.33e-12,-4.914297883593844e-09,18.072498083114624,0.0,18.066500902175903,0.013070603897091453,18.079495191574097
7.16e-12,-2.9448887410891064e-09,18.093546152114868,0.0,18.087522983551025,0.011188133903604697,18.1005699634552
7.82e-12,-2.3805669659988944e-09,18.115747332572937,0.0,18.109750986099243,0.009580631437256452,18.167804479599
7.52e-12,8.008799319943388e-10,18.18080985546112,0.0,18.176798820495605,0.008819182900565183,18.335242748260498
7.44e-12,2.743575483847072e-09,18.35074257850647,0.0,18.348244667053223,0.01178037165436457,18.354233264923096
6.85e-12,8.508972286321418e-10,18.368225812911987,0.0,18.362229108810425,0.01204476350738238,18.37522053718567
8.31e-12,1.033300611373688e-09,18.389261841773987,0.0,18.383216619491577,0.011642887890795317,18.396296977996826
6.3e-12,-4.97294639188812e-09,18.41130840778351,0.0,18.40532684326172,0.012002460810899528,18.46429133415222
7.35e-12,-1.0149288916947604e-08,18.476767539978027,0.0,18.473286628723145,0.012806212044073648,18.581313133239746
7.94e-12,-2.7453636783854956e-09,18.59849786758423,0.0,18.590370178222656,0.011727493283761013,18.60762310028076
7.32e-12,5.064739959314829e-09,18.62265920639038,0.0,18.61661148071289,0.011135255533001133,18.628612995147705
6.97e-12,-1.1544046099398598e-09,18.643613576889038,0.0,18.63763403892517,0.010839136657621193,18.65060019493103
6.93e-12,1.0550341493512223e-09,18.664605736732483,0.0,18.6585955619812,0.013747447040817026,18.715688705444336
8.84e-12,-5.692638773254269e-09,18.729801416397095,0.0,18.724796056747437,0.007190529085975516,18.83628249168396
6.88e-12,6.263782830951015e-09,18.85288906097412,0.0,18.845269203186035,0.009210482843031532,18.86150288581848
5.93e-12,2.621190972115297e-09,18.875494241714478,0.0,18.86949872970581,0.014604076644594708,18.883502960205078
7.33e-12,-1.0528344061751787e-09,18.89748251438141,0.0,18.891485452651978,0.011801523002605997,18.90347957611084
7.15e-12,1.925475854199877e-09,18.919023394584656,0.0,18.913437604904175,0.011949582440295967,18.964839696884155
7.21e-12,-1.292096971699222e-08,18.980825781822205,0.0,18.97383451461792,0.010638198849327665,19.08890414237976
7.77e-12,2.1314964738740492e-09,19.105932474136353,0.0,19.097899675369263,0.00680980481762988,19.114999532699585
6.99e-12,8.537944053772823e-10,19.130021929740906,0.0,19.123995542526245,0.014297382095094055,19.1370747089386
7.3e-12,-5.22428008736061e-09,19.15105366706848,0.0,19.14507007598877,0.0096229341337393,19.15806293487549
6.84e-12,1.0800116959028532e-09,19.172041296958923,0.0,19.1660315990448,0.013081179571212163,19.215030193328857
6.77e-12,-3.6080022954011635e-09,19.23259460926056,0.0,19.224112272262573,0.01260527423578012,19.343090295791626
7.09e-12,1.0687013340313993e-09,19.360142588615417,0.0,19.352083683013916,0.011590009520191753,19.369171619415283
7.12e-12,-9.318119633542944e-09,19.383172869682312,0.0,19.37716007232666,0.011685190587278162,19.390158891677856
6.62e-12,2.6042433363862416e-09,19.405240774154663,0.0,19.399226903915405,0.007973128970908214,19.412218809127808
7.12e-12,2.1124471126597424e-09,19.426210284233093,0.0,19.4202139377594,0.012457214798090147,19.480268478393555
6.27e-12,-3.6696975202508905e-09,19.49177873134613,0.0,19.488297700881958,0.011621736542553891,19.59550642967224
7.62e-12,-3.948488107197225e-09,19.61256241798401,0.0,19.603527545928955,0.013313844401867829,19.62257170677185
6.61e-12,5.479712932927505e-09,19.637657523155212,0.0,19.631660223007202,0.013461903839557799,19.643654823303223
7.22e-12,-4.60359939670206e-09,19.658660054206848,0.0,19.652676582336426,0.008956666664134437,19.6656436920166
7.05e-12,1.8693104607389984e-10,19.679628133773804,0.0,19.673630475997925,0.011272739296570394,19.73075222969055
6.97e-12,7.115616882512459e-09,19.744213819503784,0.0,19.73871397972107,0.013440752491316377,19.849918842315674
6.66e-12,-1.1620638128293113e-09,19.86705791950226,0.0,19.85801601409912,0.012362033731003738,19.876099824905396
7.64e-12,-7.832256892456379e-09,19.891146540641785,0.0,19.88511824607849,0.013832052433782722,19.898165702819824
6.62e-12,3.776381608537085e-09,19.912780284881592,0.0,19.907283544540405,0.01084971233174191,19.91927671432495
8e-12,5.937358787872421e-09,19.933751821517944,0.0,19.9282386302948,0.009443147673687195,19.981337547302246
6.33e-12,-9.185473423567482e-09,19.99639892578125,0.0,19.98935890197754,0.011759220306123148,20.110786199569702
7.76e-12,-2.0385518268990647e-09,20.124382257461548,0.0,20.118810892105103,0.009252785539514377,20.130945205688477
