"[-17684.254935049645, -775.8280679722145]",0.41725969314575195,0,0.002000570297241211,-3.3921138258668293,1.080376386642456
"[152925.6200338556, 13105.922324833282]",1.114355206489563,0,1.081371545791626,-3.3921138258668293,1.1493327617645264
"[165436.33781160007, 12893.205717934352]",1.1888242959976196,0.0,1.155327558517456,-3.3921138258668293,1.2232887744903564
"[126930.11319523149, 11702.135525760552]",1.2582837343215942,0.0,1.2252874374389648,-3.3921138258668293,1.294278860092163
"[135529.9252038485, 13601.274204903151]",1.3317333459854126,0.0,1.2982511520385742,-3.3921138258668293,1.3662071228027344
"[138446.31843996805, 15504.093087230456]",1.4016857147216797,0.0,1.3682048320770264,-3.3921138258668293,1.436171054840088
"[149964.03798194783, 15667.932024972026]",1.4726442098617554,0.0,1.4391632080078125,-3.3921138258668293,1.5071306228637695
"[123947.56316474166, 11870.400318248252]",1.5421234369277954,0.0,1.5091297626495361,-3.3921138258668293,1.5770859718322754
"[132396.54158891732, 12671.751912410142]",1.6135650873184204,0.0,1.5800817012786865,-3.3921138258668293,1.6480448246002197
"[135646.47825282015, 12998.512522264286]",1.6845216751098633,0.0,1.6510417461395264,-3.3921138258668293,1.7190024852752686
"[127096.21030794231, 10718.557159325797]",1.755980372428894,0.0,1.7229993343353271,-3.3921138258668293,1.7899680137634277
"[148042.12619831998, 16291.190658265465]",1.824945330619812,0.0,1.7919600009918213,-3.3921138258668293,1.858952522277832
"[137552.8509097786, 14911.453619527481]",1.8969027996063232,0.0,1.863919734954834,-3.3921138258668293,1.9318816661834717
"[135124.82649333694, 11343.750942080558]",1.9668653011322021,0.0,1.933885097503662,-3.3921138258668293,2.0018441677093506
"[120393.63928747561, 12405.111977894661]",2.040832042694092,0.0,2.007835865020752,-3.3921138258668293,2.07481050491333
"[124463.41115096734, 12789.685973264464]",2.109797239303589,0.0,2.0768041610717773,-3.3921138258668293,2.14475679397583
"[128601.67322859218, 14166.643781067201]",2.1847487688064575,0.0,2.151752471923828,-3.3921138258668293,2.2187178134918213
"[122190.91906004598, 14196.32213698375]",2.2541953325271606,0.0,2.2207136154174805,-3.3921138258668293,2.2886805534362793
"[133892.4851639826, 17626.555774266893]",2.3256715536117554,0.0,2.292677879333496,-3.3921138258668293,2.3606321811676025
"[136458.24430843265, 16583.021609219584]",2.3956310749053955,0.0,2.362638235092163,-3.3921138258668293,2.4305927753448486
"[157906.44868966387, 18429.324123917202]",2.4675886631011963,0.0,2.4345955848693848,-3.3921138258668293,2.501563787460327
"[117920.2970684622, 13040.03042267384]",2.536561369895935,0.0,2.503580331802368,-3.3921138258668293,2.5715112686157227
"[127471.51760783252, 14859.50257431342]",2.607504367828369,0.0,2.5745394229888916,-3.3921138258668293,2.642469644546509
"[135797.59277962547, 16963.119737019857]",2.678451895713806,0.0,2.6454670429229736,-3.3921138258668293,2.7134366035461426
"[130874.46929232455, 14781.309307194146]",2.7504220008850098,0.0,2.7174248695373535,-3.3921138258668293,2.7853877544403076
"[138316.1230261548, 12541.343842006605]",2.8198827505111694,0.0,2.786417007446289,-3.3921138258668293,2.854346513748169
"[129700.3435620117, 14151.260624873605]",2.891340494155884,0.0,2.8583433628082275,-3.3921138258668293,2.92630672454834
"[124429.41342084251, 14360.435330444054]",2.961288332939148,0.0,2.9283103942871094,-3.3921138258668293,2.9962680339813232
"[130121.07734124042, 14561.973731729106]",3.033274531364441,0.0,3.000293493270874,-3.3921138258668293,3.067255973815918
"[128186.42186835357, 13314.47283684522]",3.102235436439514,0.0,3.069253921508789,-3.3921138258668293,3.1371841430664062
"[162127.8423127302, 18128.464146802096]",3.1761666536331177,0.0,3.143186330795288,-3.3921138258668293,3.2121453285217285
"[119497.12787351532, 12105.92980233992]",3.2476205825805664,0.0,3.214139461517334,-3.3921138258668293,3.28210186958313
"[139305.07871959824, 13145.700698865594]",3.3185845613479614,0.0,3.285104513168335,-3.3921138258668293,3.3530642986297607
"[131809.1464081467, 15613.480948735596]",3.3880581855773926,0.0,3.3550655841827393,-3.3921138258668293,3.422020196914673
"[145042.6127351807, 16134.471552738987]",3.459029793739319,0.0,3.426048517227173,-3.3921138258668293,3.4939796924591064
"[161614.67878068297, 17538.490824148877]",3.528976321220398,0.0,3.4960081577301025,-3.3921138258668293,3.5639379024505615
"[146541.83283925866, 15559.29962251274]",3.6004323959350586,0.0,3.5669667720794678,-3.3921138258668293,3.6348986625671387
"[129333.33333333334, 13581.349980491612]",3.6698951721191406,0.0,3.63690185546875,-3.3921138258668293,3.7048568725585938
"[152674.0125188234, 15694.404394695373]",3.7413376569747925,0.0,3.707860231399536,-3.3921138258668293,3.7758140563964844
"[132673.23598502183, 16006.283542894676]",3.8117945194244385,0.0,3.778813600540161,-3.3921138258668293,3.846776247024536
"[126025.68110109308, 14468.697189633784]",3.886269688606262,0.0,3.852802276611328,-3.3921138258668293,3.920736789703369
"[149538.1244497214, 16615.33122829357]",3.9567261934280396,0.0,3.92372989654541,-3.3921138258668293,3.9916911125183105
"[122801.77172981005, 16948.71081874441]",4.0306864976882935,0.0,3.997718572616577,-3.3921138258668293,4.065652847290039
"[145318.59602355378, 17879.228686026607]",4.101130127906799,0.0,4.067647218704224,-3.3921138258668293,4.1356072425842285
"[132305.61165747335, 15633.544692061305]",4.172601103782654,0.0,4.139636278152466,-3.3921138258668293,4.206565618515015
"[117950.57692017229, 13961.224179176965]",4.241561412811279,0.0,4.208564758300781,-3.3921138258668293,4.2765278816223145
"[160407.63347848685, 16474.978911753078]",4.314007043838501,0.0,4.280529975891113,-3.3921138258668293,4.348485708236694
"[137938.46630359034, 12769.235732906589]",4.383466601371765,0.0,4.350482702255249,-3.3921138258668293,4.417450189590454
"[143091.902877398, 12933.749852802443]",4.456922292709351,0.0,4.423441410064697,-3.3921138258668293,4.491403579711914
"[120373.12514680058, 11733.309472412675]",4.527384400367737,0.0,4.494400978088379,-3.3921138258668293,4.5623626708984375
"[144564.9703506271, 10180.623566602617]",4.598873019218445,0.0,4.565392971038818,-3.3921138258668293,4.634319543838501
"[129399.92493078769, 11261.263530721699]",4.669301986694336,0.0,4.636318683624268,-3.3921138258668293,4.704280853271484
"[119195.01942410637, 13009.671913521715]",4.740290641784668,0.0,4.707309722900391,-3.3921138258668293,4.775239944458008
"[168370.21283778083, 18390.298242949008]",4.8112183809280396,0.0,4.778237819671631,-3.3921138258668293,4.846198797225952
"[141247.9081525114, 17875.234647643054]",4.883193016052246,0.0,4.850194215774536,-3.3921138258668293,4.91815710067749
"[124040.43113538821, 17558.15938353492]",4.953152060508728,0.0,4.920155048370361,-3.3921138258668293,4.988120794296265
"[155589.63425112795, 26458.320590231357]",5.02461040019989,0.0,4.991113185882568,-3.3921138258668293,5.060096502304077
"[137006.6170708286, 24572.429055508343]",5.096054553985596,0.0,5.063075304031372,-3.3921138258668293,5.131032943725586
"[148758.52760149026, 22281.899598444452]",5.168516159057617,0.0,5.135038614273071,-3.3921138258668293,5.202993869781494
"[132798.03548368695, 20000.02593078555]",5.238003730773926,0.0,5.20502233505249,-3.3921138258668293,5.272953748703003
"[138654.00488797715, 21057.690498019805]",5.31143057346344,0.0,5.277950048446655,-3.3921138258668293,5.345917463302612
"[134635.94062388391, 17909.04965930799]",5.380893588066101,0.0,5.347916603088379,-3.3921138258668293,5.415869951248169
"[138631.1602198137, 16783.50168440119]",5.4523539543151855,0.0,5.41887354850769,-3.3921138258668293,5.486833572387695
"[155556.08158989938, 17072.362435032705]",5.522311568260193,0.0,5.488834619522095,-3.3921138258668293,5.556788206100464
"[123175.79969226204, 14150.455122715477]",5.594781756401062,0.0,5.561784744262695,-3.3921138258668293,5.629748344421387
"[128952.92576652678, 15235.192957131529]",5.664756655693054,0.0,5.631775140762329,-3.3921138258668293,5.699714422225952
"[128405.2889571865, 14521.776342663736]",5.736199617385864,0.0,5.702702522277832,-3.3921138258668293,5.771664142608643
"[142479.05927173753, 13735.694550689494]",5.80614447593689,0.0,5.772663831710815,-3.3921138258668293,5.840624094009399
"[144373.613569652, 16794.7130789397]",5.878102660179138,0.0,5.844622373580933,-3.3921138258668293,5.912583351135254
"[123481.45153016578, 16287.771347185591]",5.948065519332886,0.0,5.9145896434783936,-3.3921138258668293,5.983541965484619
"[125967.88043323376, 14711.90649367385]",6.022518038749695,0.0,5.989537715911865,-3.3921138258668293,6.057499408721924
"[144510.52022578852, 17657.290097774232]",6.092983841896057,0.0,6.05949854850769,-3.3921138258668293,6.128459453582764
"[120087.40779871261, 14460.683610181763]",6.16494083404541,0.0,6.131462812423706,-3.3921138258668293,6.199418306350708
"[110455.71397171021, 12658.202309947514]",6.234429121017456,0.0,6.201448678970337,-3.3921138258668293,6.269376277923584
"[151429.0599639611, 16132.440691490528]",6.305887699127197,0.0,6.272407293319702,-3.3921138258668293,6.340349197387695
"[129380.04723850248, 14159.301889663824]",6.376822471618652,0.0,6.343334436416626,-3.3921138258668293,6.411295652389526
"[155801.27650174042, 13523.141818268663]",6.4482762813568115,0.0,6.415298223495483,-3.3921138258668293,6.483259916305542
"[114193.24607575746, 12369.815417786696]",6.518737554550171,0.0,6.485260009765625,-3.3921138258668293,6.553212642669678
"[119375.53211347504, 11913.195503612682]",6.590190172195435,0.0,6.557209253311157,-3.3921138258668293,6.625204086303711
"[124740.87076834023, 14053.334149056074]",6.662149548530579,0.0,6.629168748855591,-3.3921138258668293,6.696129560470581
"[139206.95124107462, 17527.661786387063]",6.733608841896057,0.0,6.700127363204956,-3.3921138258668293,6.768095970153809
"[142496.2888795235, 18944.02851858513]",6.803087949752808,0.0,6.770094633102417,-3.3921138258668293,6.838048696517944
"[124581.72043505678, 14183.762237697863]",6.8760457038879395,0.0,6.8430774211883545,-3.3921138258668293,6.9110071659088135
"[118254.98349581905, 12991.654380027212]",6.945505976676941,0.0,6.912013292312622,-3.3921138258668293,6.979997158050537
"[130618.02373101808, 13544.495026304536]",7.017463803291321,0.0,6.983997106552124,-3.3921138258668293,7.051929473876953
"[133322.8258660845, 11304.350091441016]",7.087920069694519,0.0,7.0549235343933105,-3.3921138258668293,7.121891021728516
"[117546.72452939926, 6853.333631594841]",7.159366130828857,0.0,7.125887870788574,-3.3921138258668293,7.193844556808472
"[106997.40952325445, 7890.81697329488]",7.229326844215393,0.0,7.195849418640137,-3.3921138258668293,7.263803005218506
"[127076.06111119754, 7132.663281705293]",7.300297260284424,0.0,7.266831636428833,-3.3921138258668293,7.33476185798645
"[134456.56549492807, 6557.381353029276]",7.3697439432144165,0.0,7.336760520935059,-3.3921138258668293,7.404728889465332
"[141240.73351541162, 4496.124333463389]",7.44270384311676,0.0,7.409726858139038,-3.3921138258668293,7.47767972946167
"[119021.40463653149, 3233.6957760605437]",7.512659549713135,0.0,7.4796788692474365,-3.3921138258668293,7.546639919281006
"[124719.2996924962, 4353.935695182441]",7.584133625030518,0.0,7.550668001174927,-3.3921138258668293,7.6186277866363525
"[114411.76314631288, 3362.836644767192]",7.653609395027161,0.0,7.620627403259277,-3.3921138258668293,7.688558101654053
"[110550.35578195484, 875.0002621440871]",7.726552367210388,0.0,7.693587779998779,-3.3921138258668293,7.761514902114868
"[120294.72291223919, 2807.493677700085]",7.796526312828064,0.0,7.763545036315918,-3.3921138258668293,7.831506729125977
"[116575.49091288909, 1297.0131780516676]",7.868454098701477,0.0,7.834504127502441,-3.3921138258668293,7.902442455291748
"[117406.93182009342, 1470.5865860701929]",7.937429666519165,0.0,7.904433727264404,-3.3921138258668293,7.971394300460815
"[120717.32462306209, 1737.9351519842826]",8.009376168251038,0.0,7.976390361785889,-3.3921138258668293,8.043359518051147
"[109007.13656048384, 5831.268272019834]",8.079832434654236,0.0,8.046351671218872,-3.3921138258668293,8.114312410354614
"[126903.97064939057, 7727.281934814288]",8.150790333747864,0.0,8.117309331893921,-3.3921138258668293,8.185270309448242
"[134136.65948474943, 10565.482357699422]",8.220265626907349,0.0,8.187268733978271,-3.3921138258668293,8.254230737686157
"[122685.60350001228, 10664.897473824647]",8.291712641716003,0.0,8.258227586746216,-3.3921138258668293,8.326191425323486
"[127441.20345493496, 9762.244440637958]",8.362172245979309,0.0,8.329188108444214,-3.3921138258668293,8.397150754928589
"[126647.9914801784, 12206.706430520455]",8.435141682624817,0.0,8.40214490890503,-3.3921138258668293,8.469138145446777
"[123226.36929994296, 11066.661447090271]",8.50410282611847,0.0,8.47110652923584,-3.3921138258668293,8.539069414138794
"[117135.81708979777, 10843.934405830403]",8.577544569969177,0.0,8.544063806533813,-3.3921138258668293,8.61202597618103
"[134442.34560587374, 9609.268017908651]",8.647035241127014,0.0,8.614054203033447,-3.3921138258668293,8.68098783493042
"[139672.8940463321, 11875.004681145345]",8.72046160697937,0.0,8.686981916427612,-3.3921138258668293,8.754942178726196
"[136695.422980412, 11246.377093505029]",8.790921568870544,0.0,8.757940769195557,-3.3921138258668293,8.825901746749878
"[113121.36272465887, 9469.938444209507]",8.862395286560059,0.0,8.828898668289185,-3.3921138258668293,8.896860837936401
"[124541.07609742672, 10787.395073620477]",8.932857513427734,0.0,8.899889707565308,-3.3921138258668293,8.9678213596344
"[111202.9993372177, 10684.050688007597]",9.005297899246216,0.0,8.971816778182983,-3.3921138258668293,9.039779901504517
"[129381.83365429027, 8462.548350222612]",9.074763536453247,0.0,9.041783094406128,-3.3921138258668293,9.10974407196045
"[132210.96352298118, 6258.693407535746]",9.14623486995697,0.0,9.112740516662598,-3.3921138258668293,9.180697917938232
"[103589.35293063273, 7008.5409571607815]",9.216179013252258,0.0,9.182695627212524,-3.3921138258668293,9.250657558441162
"[134621.9368057954, 9299.727193903806]",9.287636637687683,0.0,9.254658937454224,-3.3921138258668293,9.322614431381226
"[113807.80820393172, 10049.136200436125]",9.3575941324234,0.0,9.324613809585571,-3.3921138258668293,9.392573595046997
"[146875.4382722603, 11718.76126400669]",9.4290531873703,0.0,9.39557147026062,-3.3921138258668293,9.463534832000732
"[142603.70460294155, 9494.641184835767]",9.498531937599182,0.0,9.465562582015991,-3.3921138258668293,9.53349757194519
"[116043.4719197751, 9016.792311444822]",9.569976925849915,0.0,9.53649640083313,-3.3921138258668293,9.604453325271606
"[124262.36216402482, 7856.2306168159885]",9.640950798988342,0.0,9.607481241226196,-3.3921138258668293,9.67543625831604
"[132535.2864685258, 10055.705945511454]",9.712421178817749,0.0,9.679439544677734,-3.3921138258668293,9.747377634048462
"[135316.04299810607, 11605.300513570644]",9.78238034248352,0.0,9.749399185180664,-3.3921138258668293,9.816335678100586
"[127458.21626162269, 11740.347015033456]",9.853329539299011,0.0,9.82033896446228,-3.3921138258668293,9.888288021087646
"[117456.32959402952, 13350.138718381611]",9.924768209457397,0.0,9.891287565231323,-3.3921138258668293,9.959247589111328
"[127690.39640748593, 15298.95826209852]",9.995725274085999,0.0,9.962244510650635,-3.3921138258668293,10.030205249786377
"[118112.81030647198, 10416.675233462316]",10.066189289093018,0.0,10.033204793930054,-3.3921138258668293,10.101170301437378
"[124663.15185548998, 9274.602953832245]",10.140151381492615,0.0,10.107161283493042,-3.3921138258668293,10.175122737884521
"[116803.71779755432, 9418.880862503034]",10.209618926048279,0.0,10.176153898239136,-3.3921138258668293,10.244084358215332
"[120521.17602856706, 11290.273899463691]",10.281064629554749,0.0,10.248087167739868,-3.3921138258668293,10.316040992736816
"[122885.72481319413, 11518.943926910773]",10.35103690624237,0.0,10.318040370941162,-3.3921138258668293,10.385002136230469
"[121841.95377195987, 10440.586507899176]",10.42198395729065,0.0,10.388998985290527,-3.3921138258668293,10.45695948600769
"[152177.9719561605, 14244.904817917759]",10.492456316947937,0.0,10.458991050720215,-3.3921138258668293,10.52692174911499
"[116486.93082187312, 12120.433892082712]",10.563913464546204,0.0,10.530915975570679,-3.3921138258668293,10.597885370254517
"[114644.95727870746, 11033.574266310507]",10.63336181640625,0.0,10.599884033203125,-3.3921138258668293,10.667840957641602
"[129376.98575838444, 12521.23885183064]",10.705822467803955,0.0,10.672842264175415,-3.3921138258668293,10.74079704284668
"[117826.81923150383, 10478.649749101454]",10.776291370391846,0.0,10.742825746536255,-3.3921138258668293,10.810755968093872
"[121699.03133809935, 12256.242676035112]",10.847739934921265,0.0,10.814759731292725,-3.3921138258668293,10.882720470428467
"[134554.10274209903, 16187.610489191888]",10.917199730873108,0.0,10.883720397949219,-3.3921138258668293,10.95167326927185
"[145094.98900322936, 18322.73033157553]",10.990155696868896,0.0,10.95667314529419,-3.3921138258668293,11.02463436126709
"[145643.4590979059, 15445.565386872793]",11.060627222061157,0.0,11.027631044387817,-3.3921138258668293,11.095622777938843
"[130640.38632954712, 14310.159049497579]",11.132070302963257,0.0,11.098588943481445,-3.3921138258668293,11.166555404663086
"[147563.42565505186, 18016.763123947017]",11.201545238494873,0.0,11.168548107147217,-3.3921138258668293,11.235511541366577
"[111116.37007773313, 10828.357735497924]",11.273504137992859,0.0,11.240506887435913,-3.3921138258668293,11.308470964431763
"[127082.59566691777, 13427.707107024802]",11.343963742256165,0.0,11.310497999191284,-3.3921138258668293,11.378429889678955
"[129854.63011876112, 13556.8908845454]",11.41490650177002,0.0,11.381425857543945,-3.3921138258668293,11.449394941329956
"[121666.90350350444, 12049.226918722183]",11.484386563301086,0.0,11.451391458511353,-3.3921138258668293,11.518351554870605
"[129782.35884249384, 14513.752934186561]",11.555841445922852,0.0,11.522344589233398,-3.3921138258668293,11.590306282043457
"[118693.16720167323, 12586.710212846869]",11.625786185264587,0.0,11.592305183410645,-3.3921138258668293,11.660266160964966
"[121592.90692948703, 13360.299137026357]",11.696744084358215,0.0,11.663262605667114,-3.3921138258668293,11.731231927871704
"[178308.96024491277, 18721.645205088513]",11.766219854354858,0.0,11.733222961425781,-3.3921138258668293,11.800185441970825
"[126860.61256340226, 11773.25156067109]",11.838193893432617,0.0,11.805213212966919,-3.3921138258668293,11.873157501220703
"[155104.66819875163, 14930.546453339857]",11.908137440681458,0.0,11.87517261505127,-3.3921138258668293,11.943102598190308
"[119547.12698629005, 13209.094097593777]",11.979581236839294,0.0,11.946099996566772,-3.3921138258668293,12.014063119888306
"[122513.78619592672, 11803.298602357063]",12.049060463905334,0.0,12.016066551208496,-3.3921138258668293,12.083028078079224
"[121535.9488017066, 11443.729653455996]",12.120504260063171,0.0,12.087019443511963,-3.3921138258668293,12.154980421066284
"[127282.425454171, 12496.601166074835]",12.190459489822388,0.0,12.156979322433472,-3.3921138258668293,12.224940538406372
"[139316.0742893821, 11944.003778133789]",12.26194953918457,0.0,12.228968143463135,-3.3921138258668293,12.29591178894043
"[124850.38618267378, 12086.750439037698]",12.331381678581238,0.0,12.297905206680298,-3.3921138258668293,12.365857124328613
"[118662.7664785238, 15088.623993481377]",12.402852535247803,0.0,12.369886875152588,-3.3921138258668293,12.437821865081787
"[133096.71253680112, 16029.567657516252]",12.472796201705933,0.0,12.438816785812378,-3.3921138258668293,12.506778478622437
"[134277.79180741447, 13889.715387288814]",12.543771028518677,0.0,12.51077389717102,-3.3921138258668293,12.5787353515625
"[145578.83359855146, 15689.347802677705]",12.613218307495117,0.0,12.57974123954773,-3.3921138258668293,12.647696018218994
"[128974.5472906291, 14035.597071446606]",12.68567955493927,0.0,12.652693510055542,-3.3921138258668293,12.720654249191284
"[112275.22049749683, 13948.298134902783]",12.756649732589722,0.0,12.723652124404907,-3.3921138258668293,12.7906174659729
"[149505.54257427936, 16930.737201138414]",12.827607154846191,0.0,12.794610500335693,-3.3921138258668293,12.862571239471436
"[139138.68311695018, 17969.18152956663]",12.89705753326416,0.0,12.863582134246826,-3.3921138258668293,12.931538820266724
"[147131.58940775925, 15309.00239427501]",12.969011902809143,0.0,12.93553113937378,-3.3921138258668293,13.003498554229736
"[143771.04886430677, 15147.481287224431]",13.038974404335022,0.0,13.005491018295288,-3.3921138258668293,13.073451519012451
"[118398.03422192058, 13297.673366350162]",13.110444188117981,0.0,13.077446937561035,-3.3921138258668293,13.144408941268921
"[135181.9926170509, 14978.231014230196]",13.17941951751709,0.0,13.146438360214233,-3.3921138258668293,13.213400602340698
"[148489.10695067444, 14887.482096665866]",13.250365853309631,0.0,13.217397928237915,-3.3921138258668293,13.284334182739258
"[134444.53710607902, 9941.512793846396]",13.320327520370483,0.0,13.28733515739441,-3.3921138258668293,13.355288028717041
"[128400.5063497897, 10931.846951692596]",13.39177131652832,0.0,13.358290910720825,-3.3921138258668293,13.426251411437988
"[114623.57704556615, 8743.721717430388]",13.461244940757751,0.0,13.428252220153809,-3.3921138258668293,13.495207071304321
"[113965.71078681498, 8759.128482498214]",13.532187461853027,0.0,13.499203443527222,-3.3921138258668293,13.566170930862427
"[113387.29028578172, 9636.528135633225]",13.602145195007324,0.0,13.56916356086731,-3.3921138258668293,13.63712453842163
"[111317.70093162797, 10917.61408495184]",13.674605250358582,0.0,13.641121864318848,-3.3921138258668293,13.709088325500488
"[139819.76481629585, 13263.205431275244]",13.744066834449768,0.0,13.711089372634888,-3.3921138258668293,13.778051614761353
"[118122.96715318505, 10963.671754426856]",13.815041065216064,0.0,13.782047271728516,-3.3921138258668293,13.849009275436401
"[108697.81506047602, 7813.948497854079]",13.884486675262451,0.0,13.851009845733643,-3.3921138258668293,13.918961524963379
"[115721.01835998593, 9378.105948919238]",13.956443548202515,0.0,13.922966718673706,-3.3921138258668293,13.990921258926392
"[122770.32246355158, 8258.57730028353]",14.02591598033905,0.0,13.992919206619263,-3.3921138258668293,14.060880184173584
"[135449.6570465568, 7814.378175552983]",14.09737479686737,0.0,14.06390905380249,-3.3921138258668293,14.131844282150269
"[121329.70957034346, 6675.365156097054]",14.166833996772766,0.0,14.133837223052979,-3.3921138258668293,14.201801061630249
"[105383.87623714808, 5841.904487364274]",14.239793181419373,0.0,14.206795454025269,-3.3921138258668293,14.274757146835327
"[128827.08699973504, 7586.208891465252]",14.310253262519836,0.0,14.276790380477905,-3.3921138258668293,14.344716310501099
"[115030.22351917016, 4993.910338936639]",14.381713628768921,0.0,14.348719835281372,-3.3921138258668293,14.41667652130127
"[128426.1858691154, 4906.66278926706]",14.451658844947815,0.0,14.418682098388672,-3.3921138258668293,14.486637115478516
"[113364.40958368205, 6032.503552034878]",14.525628089904785,0.0,14.492631196975708,-3.3921138258668293,14.560593128204346
"[112033.03264130687, 4377.98894229322]",14.595575213432312,0.0,14.562598943710327,-3.3921138258668293,14.630551815032959
"[134317.28852310686, 3944.8341774011965]",14.668034076690674,0.0,14.634549856185913,-3.3921138258668293,14.702512502670288
"[117931.27743473771, 6822.658342794626]",14.739005208015442,0.0,14.705508470535278,-3.3921138258668293,14.773469686508179
"[113221.04324099506, 8574.841420215833]",14.813445568084717,0.0,14.780465364456177,-3.3921138258668293,14.84742546081543
"[118887.02129711334, 6749.0768900552985]",14.882906079292297,0.0,14.849424600601196,-3.3921138258668293,14.918398380279541
"[121986.8172741737, 8287.58343375905]",14.955880165100098,0.0,14.922382116317749,-3.3921138258668293,14.991345167160034
"[112005.34901941482, 7848.414368516263]",15.025839805603027,0.0,14.992374181747437,-3.3921138258668293,15.060303926467896
"[143859.08125584517, 9337.26284266355]",15.096799850463867,0.0,15.063332557678223,-3.3921138258668293,15.131285905838013
"[116276.64042105529, 6817.6053113069975]",15.167243123054504,0.0,15.134262323379517,-3.3921138258668293,15.2022225856781
"[116692.07076706369, 4912.277013318757]",15.239218592643738,0.0,15.20622444152832,-3.3921138258668293,15.273181676864624
"[129005.01115198563, 6961.330127740926]",15.308176875114441,0.0,15.275181293487549,-3.3921138258668293,15.343148469924927
"[121149.46395417227, 8122.602203321372]",15.379650235176086,0.0,15.346169233322144,-3.3921138258668293,15.414100170135498
"[129640.02179644031, 11745.097834182072]",15.449593901634216,0.0,15.416128873825073,-3.3921138258668293,15.485090017318726
"[116658.5520588973, 9070.350487824926]",15.521538138389587,0.0,15.488057136535645,-3.3921138258668293,15.556018829345703
"[112305.60611798624, 5218.450061285737]",15.591501593589783,0.0,15.558024644851685,-3.3921138258668293,15.625978946685791
"[119020.21907333288, 8994.968943182992]",15.662470936775208,0.0,15.629005670547485,-3.3921138258668293,15.696935653686523
"[129340.3708826103, 9098.2528437156]",15.731935977935791,0.0,15.698943138122559,-3.3921138258668293,15.766902446746826
"[147363.28278360283, 14196.500081137814]",15.844366431236267,0.0,15.770924091339111,-3.3921138258668293,15.918809413909912
"[137751.82880294844, 12573.974226132494]",15.954288125038147,0.0,15.920806884765625,-3.3921138258668293,15.988768577575684
"[127961.65857439193, 13043.493127265267]",16.02526617050171,0.0,15.991773843765259,-3.3921138258668293,16.059727668762207
"[130947.66317438094, 11598.296175887803]",16.09522235393524,0.0,16.061725854873657,-3.3921138258668293,16.12968611717224
"[127148.66933260564, 12583.7036338298]",16.167680144309998,0.0,16.13468337059021,-3.3921138258668293,16.202643632888794
"[123083.66635996173, 10641.196423911999]",16.23863971233368,0.0,16.205642461776733,-3.3921138258668293,16.27260446548462
"[126261.90748923653, 10565.51968315347]",16.310601472854614,0.0,16.277607440948486,-3.3921138258668293,16.344562530517578
"[129155.75087636344, 10844.057109734746]",16.38004219532013,0.0,16.346561431884766,-3.3921138258668293,16.414523601531982
"[146163.59633908447, 11383.64564194621]",16.453519821166992,0.0,16.42055082321167,-3.3921138258668293,16.487513542175293
"[133361.98131022128, 11226.553043141432]",16.523475170135498,0.0,16.490478038787842,-3.3921138258668293,16.5584614276886
"[145869.26279262427, 13478.3016459383]",16.595919847488403,0.0,16.5624361038208,-3.3921138258668293,16.630412817001343
"[130380.71732643631, 16107.189591975333]",16.667399406433105,0.0,16.634427547454834,-3.3921138258668293,16.701358795166016
"[140795.17308873835, 16758.35557681923]",16.736836552619934,0.0,16.70335626602173,-3.3921138258668293,16.77131676673889
"[117246.53343675646, 10415.584500474992]",16.808297276496887,0.0,16.775313138961792,-3.3921138258668293,16.84328007698059
"[110333.54313497573, 12113.711798905644]",16.877773880958557,0.0,16.8442804813385,-3.3921138258668293,16.912235498428345
"[133677.4685984831, 13205.302789056896]",16.950717568397522,0.0,16.917232275009155,-3.3921138258668293,16.985193490982056
"[124575.39863116333, 7999.99540350345]",17.0217045545578,0.0,16.98822283744812,-3.3921138258668293,17.056158304214478
"[125229.40328894023, 9262.864376425567]",17.09316349029541,0.0,17.06018304824829,-3.3921138258668293,17.128112316131592
"[117205.04349172754, 7410.263359402558]",17.16410517692566,0.0,17.13114047050476,-3.3921138258668293,17.19909977912903
"[117106.27027291726, 9238.584624359544]",17.2385493516922,0.0,17.205065965652466,-3.3921138258668293,17.274027824401855
"[123024.56239799953, 9209.813530576139]",17.310006618499756,0.0,17.276055812835693,-3.3921138258668293,17.343990087509155
"[125831.47641856081, 5830.980191071213]",17.380982398986816,0.0,17.347986698150635,-3.3921138258668293,17.415945291519165
"[109172.5161987041, 5103.449938290651]",17.451923370361328,0.0,17.41894268989563,-3.3921138258668293,17.48690438270569
"[122519.82174764224, 5013.409408063187]",17.523388147354126,0.0,17.48990750312805,-3.3921138258668293,17.55886745452881
"[122944.29029480286, 6631.2950720819545]",17.593347549438477,0.0,17.559866905212402,-3.3921138258668293,17.6278235912323
"[148835.62871767976, 5901.1133974274935]",17.666800022125244,0.0,17.633819580078125,-3.3921138258668293,17.70177984237671
"[111528.89625769778, 6870.578714669193]",17.738260746002197,0.0,17.704777717590332,-3.3921138258668293,17.772740602493286
"[122714.68327737242, 5586.296609851039]",17.811216831207275,0.0,17.777735710144043,-3.3921138258668293,17.84572744369507
"[112742.34335487496, 1310.6800070040842]",17.880676865577698,0.0,17.8476984500885,-3.3921138258668293,17.915655374526978
"[116679.19896613766, 6242.1952399603715]",17.953635454177856,0.0,17.92065191268921,-3.3921138258668293,17.988614082336426
"[121579.2381434783, 891.7196431262041]",18.023098349571228,0.0,17.98961853981018,-3.3921138258668293,18.05757427215576
"[103790.20751338256, -913.2446589483563]",18.094051599502563,0.0,18.06057095527649,-3.3921138258668293,18.128532648086548
"[112302.6641576706, 283.3534713281173]",18.163511157035828,0.0,18.13053035736084,-3.3921138258668293,18.19849157333374
"[121827.47425162724, -888.8892340991824]",18.23448407649994,0.0,18.201489686965942,-3.3921138258668293,18.26945662498474
"[111768.3285278392, -800.8911159010535]",18.305447578430176,0.0,18.272452354431152,-3.3921138258668293,18.33941650390625
"[100613.27592270149, 940.6966471390464]",18.37541627883911,0.0,18.342435359954834,-3.3921138258668293,18.409373998641968
"[107302.55384895028, 606.7181677724258]",18.445865631103516,0.0,18.412395000457764,-3.3921138258668293,18.481330633163452
"[107105.47374423973, 3442.9768485729264]",18.517809629440308,0.0,18.484328985214233,-3.3921138258668293,18.552319526672363
"[112668.60001167792, 2366.5991942233204]",18.58729898929596,0.0,18.55431818962097,-3.3921138258668293,18.62225341796875
"[99485.6348870727, 1913.5849349707864]",18.659228920936584,0.0,18.626251220703125,-3.3921138258668293,18.693206071853638
"[134253.03645696363, 1015.9651404026532]",18.72820270061493,0.0,18.695205688476562,-3.3921138258668293,18.76316785812378
"[111214.88000156797, 467.2902599884363]",18.80116093158722,0.0,18.768195867538452,-3.3921138258668293,18.835131406784058
"[98354.2042443752, 2304.536941944058]",18.87060534954071,0.0,18.83712410926819,-3.3921138258668293,18.905084371566772
"[108873.61153964825, 3563.2231564331996]",18.941579222679138,0.0,18.908082485198975,-3.3921138258668293,18.976050853729248
"[100103.65943954214, 5233.625728447112]",19.01154136657715,0.0,18.978073835372925,-3.3921138258668293,19.046011447906494
"[117448.61093305364, 4957.880296256217]",19.083484768867493,0.0,19.050001859664917,-3.3921138258668293,19.117993593215942
"[114343.3681686373, 6332.917577445033]",19.153441548347473,0.0,19.119961738586426,-3.3921138258668293,19.187920331954956
"[110917.74891774892, 4128.4559884559885]",19.224919199943542,0.0,19.19192600250244,-3.3921138258668293,19.259880304336548
"[126050.79265170975, 6869.219670794115]",19.294889092445374,0.0,19.261906147003174,-3.3921138258668293,19.328840494155884
"[115965.4051027369, 7920.29467715364]",19.366836428642273,0.0,19.333842992782593,-3.3921138258668293,19.401806354522705
"[123882.54165857926, 7207.441764998539]",19.436309933662415,0.0,19.40282917022705,-3.3921138258668293,19.47075843811035
"[124993.63213074, 7557.353275801757]",19.507751941680908,0.0,19.47475504875183,-3.3921138258668293,19.54272723197937
"[114035.05970497218, 5126.90965956935]",19.577711701393127,0.0,19.54471492767334,-3.3921138258668293,19.61270809173584
"[121394.14188441166, 7078.944492826088]",19.64965844154358,0.0,19.61668062210083,-3.3921138258668293,19.684648036956787
"[132374.57830670907, 6446.04438114435]",19.719630360603333,0.0,19.686633110046387,-3.3921138258668293,19.753598928451538
"[129277.75259901177, 7583.335566411552]",19.790605545043945,0.0,19.757623434066772,-3.3921138258668293,19.82458519935608
"[112124.41327555632, 5474.188152622372]",19.860053420066833,0.0,19.826561450958252,-3.3921138258668293,19.895517587661743
"[112142.92872056107, 5541.876425005088]",19.93249499797821,0.0,19.89951181411743,-3.3921138258668293,19.967477560043335
"[119789.5022283266, 3758.216368692976]",20.00247049331665,0.0,19.96947741508484,-3.3921138258668293,20.036436796188354
"[114913.60249379916, 4938.271221371279]",20.073428750038147,0.0,20.04046058654785,-3.3921138258668293,20.1083927154541
"[162814.84473304026, 17111.11801531698]",20.15138554573059,0.0,20.118391752243042,-3.3921138258668293,20.186345100402832
"[74829.90965131657, 6224.486447697486]",20.22735297679901,-0.096,20.194371700286865,-3.3921138258668293,20.262308835983276
"[97178.95465559016, 5810.533974752933]",20.303280234336853,-0.22,20.270296573638916,-3.3921138258668293,20.338263750076294
"[73503.20717466746, 5605.102092611343]",20.3797345161438,-0.348,20.346252918243408,-3.3921138258668293,20.41421389579773
"[71104.19091056155, 5940.893601699116]",20.456188559532166,-0.476,20.4232075214386,-3.3921138258668293,20.491169214248657
"[80036.03320375083, 9765.75394642177]",20.533145427703857,-0.604,20.500165224075317,-3.3921138258668293,20.567124366760254
"[72821.34374509848, 8547.581169194917]",20.609103322029114,-0.732,20.57611918449402,-3.3921138258668293,20.644082069396973
"[86023.71598938544, 11771.664660335577]",20.685057282447815,-0.856,20.652076244354248,-3.3921138258668293,20.720038414001465
"[82003.92438289564, 13834.306347543865]",20.761016488075256,-0.984,20.72803282737732,-3.3921138258668293,20.79599642753601
"[66177.83314924646, 11544.458287311614]",20.83698809146881,-1.112,20.804020166397095,-3.3921138258668293,20.871954679489136
"[81828.34033948812, 12947.749631433482]",20.91442894935608,-1.24,20.880950450897217,-3.3921138258668293,20.948907375335693
"[70192.34647100419, 13910.30104884482]",20.989888668060303,-1.368,20.956908226013184,-3.3921138258668293,21.024864435195923
"[88571.40445929751, 18953.702297162723]",21.06633770465851,-1.496,21.032856941223145,-3.3921138258668293,21.101821660995483
"[93579.16860004913, 18741.89116648925]",21.14279592037201,-1.62,21.109811782836914,-3.3921138258668293,21.17777943611145
"[72985.26314637094, 14290.327922020164]",21.218751788139343,-1.748,21.185774326324463,-3.3921138258668293,21.253731966018677
"[67987.59109301226, 14210.50991310129]",21.296206951141357,-1.876,21.26272416114807,-3.3921138258668293,21.330687046051025
"[78282.66154446412, 13237.927308742757]",21.372692704200745,-2.004,21.3397114276886,-3.3921138258668293,21.407672882080078
"[96820.22393036398, 15899.599873644309]",21.44963550567627,-2.132,21.416667461395264,-3.3921138258668293,21.484596967697144
"[89058.94563356234, 14156.870356450267]",21.526079177856445,-2.26,21.492599725723267,-3.3921138258668293,21.560558319091797
"[71891.8789159085, 11319.559471130637]",21.60254395008087,-2.388,21.569546699523926,-3.3921138258668293,21.637508869171143
"[73575.04145936982, 10049.433388612493]",21.678988814353943,-2.516,21.645504474639893,-3.3921138258668293,21.714463710784912
"[92398.25407921434, 14227.634652435594]",21.75545585155487,-2.644,21.722458362579346,-3.3921138258668293,21.790422439575195
"[93749.9435034377, 8103.45108120861]",21.832401633262634,-2.772,21.79942035675049,-3.3921138258668293,21.86737823486328
"[84843.66398406166, 14570.297140011011]",21.908854961395264,-2.9,21.875375986099243,-3.3921138258668293,21.943333387374878
"[84411.15135550435, 15214.952098718975]",21.984809041023254,-3.0,21.95132803916931,-3.3921138258668293,22.019287586212158
"[88526.51465088979, 6061.1613424864145]",22.06176483631134,-3.0,22.028284311294556,-3.3921138258668293,22.09724736213684
"[126728.19798896542, 10718.084809705797]",22.13971996307373,-3.0,22.106242179870605,-3.3921138258668293,22.174199104309082
"[124158.98518263266, 11347.885079255686]",22.216678738594055,-3.0,22.183202266693115,-3.3921138258668293,22.251156091690063
"[105614.19529270628, 9071.522574060646]",22.293149828910828,-3.0,22.260156869888306,-3.3921138258668293,22.32811689376831
"[103252.03252032519, 9245.471402082441]",22.3701012134552,-3.0,22.337104082107544,-3.3921138258668293,22.40406608581543
"[112752.6448760461, 11482.314858676773]",22.447043538093567,-3.0,22.414060354232788,-3.3921138258668293,22.482053518295288
"[118741.03296067075, 14055.457770659319]",22.523528695106506,-3.0,22.490047931671143,-3.3921138258668293,22.55797839164734
"[111344.72744397786, 10736.823515560613]",22.599984407424927,-3.0,22.56700348854065,-3.3921138258668293,22.634934902191162
"[114073.48717440825, 9161.770823016739]",22.677908897399902,-3.0,22.644927501678467,-3.3921138258668293,22.712894439697266
"[113032.69207976229, 8915.95859030477]",22.755363821983337,-3.0,22.721882104873657,-3.3921138258668293,22.78984546661377
"[124485.6718525552, 9287.598798591422]",22.832335948944092,-3.0,22.798863410949707,-3.3921138258668293,22.866830825805664
"[135198.6766012174, 10544.913649217784]",22.908790230751038,-3.0,22.875792741775513,-3.3921138258668293,22.942754983901978
"[107920.96571478677, 9152.164381960074]",22.98474645614624,-3.0,22.951749086380005,-3.3921138258668293,23.01971197128296
"[99597.00903676706, 7435.60598944145]",23.06219458580017,-3.0,23.028714179992676,-3.3921138258668293,23.096667289733887
"[105000.14563530979, 7962.950377195452]",23.138158202171326,-3.0,23.104693174362183,-3.3921138258668293,23.17262291908264
"[93132.34444230399, 7954.107633841789]",23.21461772918701,-3.0,23.181623697280884,-3.3921138258668293,23.249610424041748
"[104754.14747406659, 9598.172489982398]",23.290570497512817,-3.0,23.25757384300232,-3.3921138258668293,23.325534105300903
"[117562.54675551911, 8507.464710994811]",23.367011308670044,-3.0,23.33353042602539,-3.3921138258668293,23.401491403579712
"[113389.97769831982, 10935.569752887599]",23.4429988861084,-3.0,23.409517288208008,-3.3921138258668293,23.47844886779785
"[133777.08392009092, 11808.97763361077]",23.519937753677368,-3.0,23.486472845077515,-3.3921138258668293,23.555402040481567
"[108689.69502647081, 9422.209380359407]",23.597877502441406,-3.0,23.564396858215332,-3.3921138258668293,23.632357597351074
"[103767.22495140147, 10913.269556723837]",23.675334930419922,-3.0,23.64235806465149,-3.3921138258668293,23.710312128067017
"[132421.7391668031, 12535.594832520563]",23.752320289611816,-3.0,23.719339847564697,-3.3921138258668293,23.787299871444702
"[137227.84494725976, 13295.64195963503]",23.828751921653748,-3.0,23.795270681381226,-3.3921138258668293,23.86323857307434
"[128408.01123227991, 11803.684312412248]",23.905218243598938,-3.0,23.8722505569458,-3.3921138258668293,23.940178394317627
"[124066.14103735222, 11029.262068884656]",23.98165464401245,-3.0,23.948173999786377,-3.3921138258668293,24.01613450050354
"[100842.48287857376, 11663.043084393232]",24.05812680721283,-3.0,24.025129795074463,-3.3921138258668293,24.09309148788452
"[114554.18488124844, 12771.682351350575]",24.134567499160767,-3.0,24.101085424423218,-3.3921138258668293,24.169049739837646
"[96431.47070761737, 10040.251657421188]",24.211038827896118,-3.0,24.178041696548462,-3.3921138258668293,24.246004343032837
"[107367.88382127778, 11371.688396046953]",24.287497878074646,-3.0,24.254029989242554,-3.3921138258668293,24.321965217590332
"[112232.24351747464, 11321.154911814725]",24.364450931549072,-3.0,24.33098578453064,-3.3921138258668293,24.398916244506836
"[109024.41669048864, 12620.481630802291]",24.440423250198364,-3.0,24.406942129135132,-3.3921138258668293,24.474876642227173
"[118676.16278830695, 13700.979081941057]",24.51736295223236,-3.0,24.48389744758606,-3.3921138258668293,24.551827907562256
"[105200.72651012994, 12745.47803617571]",24.59480655193329,-3.0,24.561821222305298,-3.3921138258668293,24.6297824382782
"[114442.06008583691, 14023.214982442452]",24.671276569366455,-3.0,24.637781858444214,-3.3921138258668293,24.70574164390564
"[139163.94298644282, 17146.977198445085]",24.748213171958923,-3.0,24.714731693267822,-3.3921138258668293,24.782702445983887
"[111716.23714410515, 11857.999444069412]",24.824689149856567,-3.0,24.791696071624756,-3.3921138258668293,24.859649181365967
"[129705.24040791589, 16139.417362625252]",24.902124047279358,-3.0,24.86864399909973,-3.3921138258668293,24.936612367630005
"[139571.61849897745, 19258.2602670713]",24.97957968711853,-3.0,24.946598052978516,-3.3921138258668293,25.014562368392944
"[129654.17076615198, 17872.305773637017]",25.05606722831726,-3.0,25.022586584091187,-3.3921138258668293,25.091516733169556
"[141679.43193908888, 15892.072451410217]",25.13299310207367,-3.0,25.09950876235962,-3.3921138258668293,25.167473316192627
"[153301.8043572364, 21346.183317963183]",25.210946679115295,-3.0,25.177465200424194,-3.3921138258668293,25.24643087387085
"[128854.22604549931, 11634.472543227788]",25.287917375564575,-3.0,25.25445294380188,-3.3921138258668293,25.32238245010376
"[108081.72103751823, 12996.657722543896]",25.3638733625412,-3.0,25.33040952682495,-3.3921138258668293,25.399337768554688
"[113530.75170842824, 15230.26641576706]",25.440820455551147,-3.0,25.40734076499939,-3.3921138258668293,25.47629427909851
"[114604.13093879027, 15851.358623221568]",25.518774151802063,-3.0,25.48529362678528,-3.3921138258668293,25.553250789642334
"[123775.00068157465, 15549.96780870612]",25.595228910446167,-3.0,25.562251567840576,-3.3921138258668293,25.63023614883423
"[123904.70371093627, 14843.53510092579]",25.671712279319763,-3.0,25.63823127746582,-3.3921138258668293,25.707160711288452
"[123821.45797318353, 14937.964898988059]",25.748638033866882,-3.0,25.71515393257141,-3.3921138258668293,25.78311777114868
"[120446.80306401748, 13427.229584703542]",25.826592326164246,-3.0,25.793112754821777,-3.3921138258668293,25.862069606781006
"[127159.53207600398, 14394.85014314063]",25.903062224388123,-3.0,25.870097875595093,-3.3921138258668293,25.938027143478394
"[106109.40281598966, 12947.528366690045]",25.980005979537964,-3.0,25.947030544281006,-3.3921138258668293,26.014984369277954
"[114072.02430481647, 12502.951022698688]",26.05647361278534,-3.0,26.023009777069092,-3.3921138258668293,26.09193754196167
"[113441.06262006122, 15788.228934387458]",26.133913159370422,-3.0,26.100932598114014,-3.3921138258668293,26.168893337249756
"[159426.3685592693, 23789.86260308776]",26.210888147354126,-3.0,26.17789387702942,-3.3921138258668293,26.244851112365723
"[125304.64841509696, 17434.612238587368]",26.28684115409851,-3.0,26.253844022750854,-3.3921138258668293,26.321810722351074
"[122952.41495087044, 15459.078481349921]",26.362797617912292,-3.0,26.329801082611084,-3.3921138258668293,26.397762537002563
"[123358.13669291991, 16518.519669219495]",26.43923819065094,-3.0,26.405757665634155,-3.3921138258668293,26.47372531890869
"[149138.7560436733, 21596.278029319445]",26.515694737434387,-3.0,26.48271131515503,-3.3921138258668293,26.550673484802246
"[119187.50303467327, 17783.237033034806]",26.592649221420288,-3.0,26.55966877937317,-3.3921138258668293,26.62763214111328
"[120553.98606688487, 16171.309277544526]",26.669124841690063,-3.0,26.635632276535034,-3.3921138258668293,26.70358633995056
"[114173.35770170647, 15887.426330164075]",26.7460595369339,-3.0,26.712579488754272,-3.3921138258668293,26.78054141998291
"[113252.36945033657, 16589.52414816268]",26.82251477241516,-3.0,26.789533853530884,-3.3921138258668293,26.85749650001526
"[120025.95226574421, 18072.86950576007]",26.89997124671936,-3.0,26.86649179458618,-3.3921138258668293,26.934451580047607
"[107837.85826295603, 14819.758544465225]",26.977430820465088,-3.0,26.944446086883545,-3.3921138258668293,27.012407779693604
"[106885.12483549361, 17584.714871377306]",27.0538991689682,-3.0,27.020402193069458,-3.3921138258668293,27.088364362716675
"[126344.94268696141, 19817.268489163253]",27.129871010780334,-3.0,27.09639072418213,-3.3921138258668293,27.165318250656128
"[132749.14559434188, 19056.60953293998]",27.206796884536743,-3.0,27.17331290245056,-3.3921138258668293,27.242274522781372
"[128150.9632180551, 19325.26623353835]",27.284266352653503,-3.0,27.251291751861572,-3.3921138258668293,27.31923770904541
"[121408.99047602968, 19320.702237172816]",27.362210869789124,-3.0,27.329231023788452,-3.3921138258668293,27.397184371948242
"[126201.93349807084, 20051.69722980882]",27.43819236755371,-3.0,27.405210733413696,-3.3921138258668293,27.473140716552734
"[167239.79421072925, 23804.728973044883]",27.514132499694824,-3.0,27.481136560440063,-3.3921138258668293,27.54909634590149
"[125707.23978571719, 18324.6061801201]",27.590577363967896,-3.0,27.557092905044556,-3.3921138258668293,27.625054121017456
"[116309.59210542607, 17466.146359985636]",27.66804337501526,-3.0,27.63504672050476,-3.3921138258668293,27.702009439468384
"[114216.46855737153, 14746.972268067599]",27.74398636817932,-3.0,27.711003065109253,-3.3921138258668293,27.778964281082153
"[112827.25220448972, 16189.275331130497]",27.819958686828613,-3.0,27.786990880966187,-3.3921138258668293,27.853925943374634
"[148174.90056308062, 20226.18087694215]",27.89691185951233,-3.0,27.863914966583252,-3.3921138258668293,27.9308819770813
"[125918.63732770768, 17297.304650348186]",27.973353266716003,-3.0,27.93987250328064,-3.3921138258668293,28.007834434509277
"[117754.15718284511, 15693.573016376075]",28.04982566833496,-3.0,28.016831874847412,-3.3921138258668293,28.084789514541626
"[106682.64692424699, 15675.663977641381]",28.126267671585083,-3.0,28.092791080474854,-3.3921138258668293,28.160743951797485
"[109034.65132749478, 13462.04505018051]",28.202236652374268,-3.0,28.168771743774414,-3.3921138258668293,28.23670530319214
"[112590.94899901771, 14119.152968175456]",28.278192162513733,-3.0,28.244726419448853,-3.3921138258668293,28.312657117843628
"[112793.94355539055, 16579.659483782933]",28.35365068912506,-3.0,28.320682764053345,-3.3921138258668293,28.388614416122437
"[111569.5941504832, 15873.376564768047]",28.43008828163147,-3.0,28.3966064453125,-3.3921138258668293,28.46457004547119
"[109462.71093532944, 17851.637547909984]",28.506545424461365,-3.0,28.47356414794922,-3.3921138258668293,28.540526151657104
"[105271.84594029762, 18688.117141519357]",28.582531690597534,-3.0,28.54955005645752,-3.3921138258668293,28.61648201942444
"[121401.06255742205, 21120.502282783138]",28.658456683158875,-3.0,28.625476121902466,-3.3921138258668293,28.69343662261963
"[131160.81573160517, 21628.93271150542]",28.734416484832764,-3.0,28.70143961906433,-3.3921138258668293,28.769392251968384
"[125478.04469997763, 21404.502986674834]",28.81036865711212,-3.0,28.777387380599976,-3.3921138258668293,28.845348358154297
"[120401.11704087377, 21602.284005361988]",28.952290654182434,-3.0,28.854350566864014,-3.3921138258668293,29.051231145858765
"[119972.4222965262, 19831.710123511402]",29.09320867061615,-3.0,29.060231924057007,-3.3921138258668293,29.127185106277466
"[116634.91772050218, 19015.0558857956]",29.169164061546326,-3.0,29.13618016242981,-3.3921138258668293,29.20414400100708
"[162981.21742488633, 30188.712094952745]",29.245616555213928,-3.0,29.212135791778564,-3.3921138258668293,29.281097650527954
"[116251.33493469347, 21526.165842965635]",29.32357394695282,-3.0,29.290093898773193,-3.3921138258668293,29.359052896499634
"[145477.83136035546, 27001.676362741513]",29.400532841682434,-3.0,29.367055654525757,-3.3921138258668293,29.435009479522705
"[133461.53742743988, 26762.88471310693]",29.476500391960144,-3.0,29.44300413131714,-3.3921138258668293,29.510977506637573
"[130045.13505404077, 23257.25703998315]",29.552958488464355,-3.0,29.51999068260193,-3.3921138258668293,29.586920738220215
"[129167.15558629161, 24523.833895486878]",29.62891173362732,-3.0,29.59591507911682,-3.3921138258668293,29.663878679275513
"[130206.02672265653, 23794.168189158216]",29.70585286617279,-3.0,29.672871112823486,-3.3921138258668293,29.74083161354065
"[130783.7619128615, 25929.319169334012]",29.782308340072632,-3.0,29.748827934265137,-3.3921138258668293,29.81678819656372
"[168795.3614076171, 32084.07849678811]",29.85776698589325,-3.0,29.824783325195312,-3.3921138258668293,29.892775297164917
"[139092.32930569956, 23177.06317348437]",29.934231162071228,-3.0,29.900739908218384,-3.3921138258668293,29.968700647354126
"[114898.2292978501, 18316.37244128778]",30.0101820230484,-3.0,29.976701259613037,-3.3921138258668293,30.0446617603302
"[116338.44418785746, 19078.112832630704]",30.086135387420654,-3.0,30.052656888961792,-3.3921138258668293,30.120612621307373
"[124755.67433882484, 19888.167481281074]",30.162104845046997,-3.0,30.128608226776123,-3.3921138258668293,30.19657063484192
"[117279.65784921373, 17253.90526526248]",30.239545702934265,-3.0,30.206565141677856,-3.3921138258668293,30.274526357650757
"[102028.75261843957, 14321.501334328103]",30.31701421737671,-3.0,30.283549308776855,-3.3921138258668293,30.35148000717163
"[108858.36740239368, 14527.623729357854]",30.393458127975464,-3.0,30.36047339439392,-3.3921138258668293,30.42743682861328
"[115302.76921478301, 15380.593848498494]",30.4689279794693,-3.0,30.435432195663452,-3.3921138258668293,30.503398180007935
"[110061.03403146699, 14580.793646263552]",30.545398950576782,-3.0,30.512417554855347,-3.3921138258668293,30.579380750656128
"[116581.33167743939, 16150.723983177622]",30.62182915210724,-3.0,30.58834719657898,-3.3921138258668293,30.657304525375366
"[97621.071303191, 13502.244969605143]",30.69927942752838,-3.0,30.666298151016235,-3.3921138258668293,30.734259366989136
"[119175.79657173408, 14587.875240250552]",30.775737762451172,-3.0,30.742254734039307,-3.3921138258668293,30.810239553451538
"[137054.23332032774, 21054.23332032774]",30.871697425842285,-3.0,30.818241119384766,-3.3921138258668293,30.927152395248413
"[119761.29180119222, 16312.950720819546]",30.98813021183014,-3.0,30.935148239135742,-3.3921138258668293,31.043111562728882
"[117662.69533462904, 18961.076878829343]",31.08456778526306,-3.0,31.05108404159546,-3.3921138258668293,31.11903715133667
"[121876.61995207472, 18659.48649557349]",31.160044193267822,-3.0,31.127062797546387,-3.3921138258668293,31.19499373435974
"[128964.5120028557, 19063.807002409492]",31.236469864845276,-3.0,31.202989101409912,-3.3921138258668293,31.270949363708496
"[108304.09870530866, 15386.514207297047]",31.31344187259674,-3.0,31.27997899055481,-3.3921138258668293,31.3479061126709
"[109657.34610846353, 16315.151618511218]",31.389384984970093,-3.0,31.355908155441284,-3.3921138258668293,31.423861265182495
"[105677.36070902785, 13356.816093430427]",31.465836763381958,-3.0,31.431856393814087,-3.3921138258668293,31.50081777572632
"[116079.99106339301, 14170.845162745309]",31.542307257652283,-3.0,31.5088107585907,-3.3921138258668293,31.5767719745636
"[117429.33408797148, 10896.930127468717]",31.618749380111694,-3.0,31.584768772125244,-3.3921138258668293,31.65372943878174
"[99258.1073045785, 8113.4062114073995]",31.69571888446808,-3.0,31.66272234916687,-3.3921138258668293,31.729689598083496
"[101416.3003820851, 6369.885182950769]",31.772663712501526,-3.0,31.739686012268066,-3.3921138258668293,31.807639360427856
"[106658.57413548081, 7999.99013105953]",31.849146246910095,-3.0,31.81566548347473,-3.3921138258668293,31.88360357284546
"[102013.633791685, 6745.21514985495]",31.925073504447937,-3.0,31.89159607887268,-3.3921138258668293,31.96055269241333
"[103053.2410676458, 7317.657581320906]",32.002026200294495,-3.0,31.96854567527771,-3.3921138258668293,32.036508560180664
"[86745.97727446046, 6436.376115305422]",32.078513741493225,-3.0,32.04553270339966,-3.3921138258668293,32.11346387863159
"[119160.72473449014, 8740.745343544655]",32.15494477748871,-3.0,32.12146711349487,-3.3921138258668293,32.1894211769104
"[118384.08936895496, 8347.608682259686]",32.23189342021942,-3.0,32.19841265678406,-3.3921138258668293,32.26637530326843
"[95021.23477589413, 3347.2851075778317]",32.30836534500122,-3.0,32.2753689289093,-3.3921138258668293,32.343334674835205
"[89866.58144922905, 3276.1843892306465]",32.38433766365051,-3.0,32.351356983184814,-3.3921138258668293,32.41828751564026
"[109027.04959866374, 2876.110054284786]",32.460280776023865,-3.0,32.42731237411499,-3.3921138258668293,32.49524426460266
"[96147.76360573452, 3012.299308969643]",32.53722155094147,-3.0,32.50424361228943,-3.3921138258668293,32.5711989402771
"[113967.9159023769, 3980.2240349729313]",32.613176703453064,-3.0,32.58019256591797,-3.3921138258668293,32.64815545082092
"[101991.84740669456, 4329.017966572552]",32.69013273715973,-3.0,32.65715408325195,-3.3921138258668293,32.72411775588989
"[94558.55084866637, 3549.4134217657966]",32.76560616493225,-3.0,32.73211431503296,-3.3921138258668293,32.80006670951843
"[118516.04946501783, 4132.451140517538]",32.84205758571625,-3.0,32.8090922832489,-3.3921138258668293,32.87602400779724
"[107741.97169321554, 3608.12281640679]",32.91751503944397,-3.0,32.88404893875122,-3.3921138258668293,32.951979637145996
"[108722.43508176872, 915.6631498518855]",32.99398601055145,-3.0,32.96100425720215,-3.3921138258668293,33.028934955596924
"[103322.04036837333, 955.6329627332155]",33.07091498374939,-3.0,33.03793811798096,-3.3921138258668293,33.10589027404785
"[92144.79718598336, 1719.7470947059087]",33.147366404533386,-3.0,33.113884687423706,-3.3921138258668293,33.18187689781189
"[98523.57184494316, 1042.3437044593413]",33.223353266716,-3.0,33.18987226486206,-3.3921138258668293,33.25880265235901
"[86692.11583649443, 286.80679749464684]",33.299793004989624,-3.0,33.26682806015015,-3.3921138258668293,33.333757162094116
"[89948.40452239555, -350.876949980089]",33.375736474990845,-3.0,33.34275245666504,-3.3921138258668293,33.409719705581665
"[99907.97694580327, -115.473434397249]",33.45219075679779,-3.0,33.41870951652527,-3.3921138258668293,33.48667860031128
"[92897.9242456666, -2020.4065910549969]",33.528661251068115,-3.0,33.49566459655762,-3.3921138258668293,33.5626266002655
"[85255.6631225074, 132.32558692704742]",33.60460674762726,-3.0,33.571630001068115,-3.3921138258668293,33.63958168029785
"[103674.2398705589, 734.789224797989]",33.681058287620544,-3.0,33.64757704734802,-3.3921138258668293,33.71553993225098
"[98087.44225602566, 3341.003537120436]",33.7570298910141,-3.0,33.72353386878967,-3.3921138258668293,33.79150080680847
"[95501.41967943915, 882.026950787529]",33.83350110054016,-3.0,33.80052042007446,-3.3921138258668293,33.86845135688782
"[102256.96397105686, -178.77160424399204]",33.90995705127716,-3.0,33.8764762878418,-3.3921138258668293,33.94440674781799
"[98200.17150100664, -466.66822011781375]",33.98639726638794,-3.0,33.95343208312988,-3.3921138258668293,34.0213623046875
"[106473.46192023977, 1276.1050234531617]",34.06235313415527,-3.0,34.029356241226196,-3.3921138258668293,34.09731984138489
"[89647.52488657141, 1876.8961197264173]",34.13932454586029,-3.0,34.1063437461853,-3.3921138258668293,34.17427396774292
"[97504.52842797601, 2955.9643353322895]",34.21578061580658,-3.0,34.18229961395264,-3.3921138258668293,34.250235080718994
"[105522.68436520756, 3341.0829327157007]",34.2922203540802,-3.0,34.259223222732544,-3.3921138258668293,34.32619261741638
"[102346.94260113222, 4000.009372773966]",34.368162393569946,-3.0,34.33518171310425,-3.3921138258668293,34.403172969818115
"[105967.01916133308, 5471.722937213742]",34.44513261318207,-3.0,34.41213536262512,-3.3921138258668293,34.47909903526306
"[100835.17699115044, 4835.186209439528]",34.521079421043396,-3.0,34.48809766769409,-3.3921138258668293,34.556053161621094
"[99315.76608273768, 4591.598459316322]",34.597529888153076,-3.0,34.564048767089844,-3.3921138258668293,34.63200926780701
"[111909.9257460697, 7713.566991883285]",34.673484683036804,-3.0,34.6400043964386,-3.3921138258668293,34.707967042922974
"[120699.9915323605, 6352.626379519603]",34.749956250190735,-3.0,34.71695923805237,-3.3921138258668293,34.78492212295532
"[103878.30911741195, 5336.305073588188]",34.82589912414551,-3.0,34.79291558265686,-3.3921138258668293,34.8608832359314
"[97836.92287549916, 4593.074038398594]",34.90335309505463,-3.0,34.869872093200684,-3.3921138258668293,34.93783354759216
"[104750.28674740954, 4194.657749956258]",34.97932481765747,-3.0,34.94582915306091,-3.3921138258668293,35.01478910446167
"[117617.28404550492, 5497.38185403603]",35.055779814720154,-3.0,35.02278256416321,-3.3921138258668293,35.09074425697327
"[89808.98526203305, 4288.757291063716]",35.131736397743225,-3.0,35.09873962402344,-3.3921138258668293,35.16570162773132
"[107725.49561944987, 6762.935468273188]",35.20769202709198,-3.0,35.17472720146179,-3.3921138258668293,35.242658376693726
"[105718.04404481058, 6871.16337092252]",35.28463292121887,-3.0,35.251652002334595,-3.3921138258668293,35.319613218307495
"[118275.91746804067, 9192.88058571068]",35.36108863353729,-3.0,35.32760834693909,-3.3921138258668293,35.395569801330566
"[105238.86452804062, 7464.112624048004]",35.437551856040955,-3.0,35.404571771621704,-3.3921138258668293,35.471545696258545
"[105775.5256893573, 8472.552839213033]",35.513518929481506,-3.0,35.48052501678467,-3.3921138258668293,35.54848003387451
"[114020.476529963, 10522.196413924215]",35.589972615242004,-3.0,35.556506872177124,-3.3921138258668293,35.62443828582764
"[124028.21950380504, 12287.795487051979]",35.66741240024567,-3.0,35.63343262672424,-3.3921138258668293,35.701393604278564
"[114365.06846617251, 8832.492875536664]",35.74340033531189,-3.0,35.71041798591614,-3.3921138258668293,35.77834868431091
"[100045.70427430181, 6810.470087504642]",35.81932830810547,-3.0,35.78634285926819,-3.3921138258668293,35.854304790496826
"[103274.85496502243, 7829.211984914373]",35.89578640460968,-3.0,35.86230683326721,-3.3921138258668293,35.930264949798584
"[111339.63686452867, 7359.204688382562]",35.97175455093384,-3.0,35.93826103210449,-3.3921138258668293,36.00621724128723
"[122848.80175902146, 11600.586340483978]",36.04721200466156,-3.0,36.01421928405762,-3.3921138258668293,36.082180976867676
"[99808.31787887859, 8335.329184908951]",36.12418031692505,-3.0,36.091198682785034,-3.3921138258668293,36.15816068649292
"[112347.4228634648, 9579.385639423974]",36.20062005519867,-3.0,36.16715431213379,-3.3921138258668293,36.23508977890015
"[137789.0893942658, 12959.179742949222]",36.27707767486572,-3.0,36.244083404541016,-3.3921138258668293,36.311041831970215
"[112043.80485963759, 10781.889357863196]",36.353529930114746,-3.0,36.320040464401245,-3.3921138258668293,36.387996673583984
"[101677.61143489156, 6605.505696666656]",36.43000340461731,-3.0,36.39702224731445,-3.3921138258668293,36.46495246887207
"[107362.61355727527, 8214.287360401178]",36.50644409656525,-3.0,36.472978353500366,-3.3921138258668293,36.54093861579895
"[122582.66081357606, 7968.503749773772]",36.582892537117004,-3.0,36.54990887641907,-3.3921138258668293,36.61687088012695
"[116955.25990920268, 11462.685707560517]",36.65887093544006,-3.0,36.62588953971863,-3.3921138258668293,36.69282793998718
"[100399.43614271576, 10386.14394445425]",36.73479664325714,-3.0,36.701815605163574,-3.3921138258668293,36.76977825164795
"[106136.66755973517, 10767.083444966896]",36.81125211715698,-3.0,36.77777099609375,-3.3921138258668293,36.845733642578125
"[123328.02897059468, 13185.409413050327]",36.88773858547211,-3.0,36.85475778579712,-3.3921138258668293,36.92171907424927
"[104887.77878002779, 10594.461078839646]",36.964162707328796,-3.0,36.93068218231201,-3.3921138258668293,36.998642683029175
"[99663.04237004973, 10469.307884182675]",37.040621876716614,-3.0,37.0076379776001,-3.3921138258668293,37.07560443878174
"[107282.27515738191, 9674.905832648827]",37.117082715034485,-3.0,37.083595991134644,-3.3921138258668293,37.15158724784851
"[112554.42339693177, 7255.442339693178]",37.193047642707825,-3.0,37.15955114364624,-3.3921138258668293,37.227518796920776
"[110519.2669855305, 6524.637480424725]",37.26951825618744,-3.0,37.23653697967529,-3.3921138258668293,37.30447506904602
"[106064.47646427211, 6270.966107859098]",37.3459438085556,-3.0,37.3124623298645,-3.3921138258668293,37.380423069000244
"[115772.80494318572, 5257.597953932452]",37.42190408706665,-3.0,37.38842725753784,-3.3921138258668293,37.456384897232056
"[121763.73232335887, 7596.02453817892]",37.49785625934601,-3.0,37.46437478065491,-3.3921138258668293,37.53233623504639
"[105888.17623367217, 2559.0042047236707]",37.57432699203491,-3.0,37.541330337524414,-3.3921138258668293,37.609291553497314
"[102496.55050397721, 2545.45861265693]",37.651283264160156,-3.0,37.618287324905396,-3.3921138258668293,37.686249017715454
"[113478.88084742115, 3465.2164558642444]",37.72773885726929,-3.0,37.694273233413696,-3.3921138258668293,37.76220464706421
"[93948.3095388622, 899.8877114845675]",37.803709983825684,-3.0,37.77022910118103,-3.3921138258668293,37.83816599845886
"[109340.46476008349, 1583.1125512668132]",37.87965130805969,-3.0,37.8461856842041,-3.3921138258668293,37.91411471366882
"[93770.15499105275, 2573.372215226427]",37.95562291145325,-3.0,37.92214226722717,-3.3921138258668293,37.99008893966675
"[95161.00662968474, 299.53804820534623]",38.03204798698425,-3.0,37.999067306518555,-3.3921138258668293,38.06702756881714
"[114444.19816655584, 3062.3291447147817]",38.108503580093384,-3.0,38.07502222061157,-3.3921138258668293,38.14298415184021
"[109549.85328517608, 2019.102682066001]",38.1849650144577,-3.0,38.151983976364136,-3.3921138258668293,38.219939947128296
"[108533.77717987531, 4147.952048616267]",38.26141846179962,-3.0,38.22794008255005,-3.3921138258668293,38.29590082168579
"[92468.67395142434, 2480.0877988261677]",38.33688747882843,-3.0,38.30389142036438,-3.3921138258668293,38.37188220024109
"[111164.71437731684, 5301.209554707336]",38.41283118724823,-3.0,38.379846811294556,-3.3921138258668293,38.44780778884888
"[115126.786123589, 4732.391603830876]",38.48879861831665,-3.0,38.45583367347717,-3.3921138258668293,38.52376389503479
"[100339.30635896925, 4121.214832680377]",38.565757632255554,-3.0,38.532763719558716,-3.3921138258668293,38.59972023963928
"[113500.62183306795, 4602.512369388732]",38.64172637462616,-3.0,38.60874533653259,-3.3921138258668293,38.675679206848145
"[104980.28182640752, 1310.6126321645354]",38.71766805648804,-3.0,38.684672355651855,-3.3921138258668293,38.751633167266846
"[100862.10547956101, 960.591087203338]",38.793638825416565,-3.0,38.76065754890442,-3.3921138258668293,38.82858848571777
"[92435.34207553657, -257.61013702666867]",38.869579434394836,-3.0,38.83658218383789,-3.3921138258668293,38.904545307159424
"[105012.45740321193, -972.5686098542138]",38.94552218914032,-3.0,38.912538290023804,-3.3921138258668293,38.97950553894043
"[96585.95934268268, -1186.439300922442]",39.021491289138794,-3.0,38.98849439620972,-3.3921138258668293,39.05645728111267
"[92439.067363599, -1096.855973845461]",39.09844744205475,-3.0,39.06545090675354,-3.3921138258668293,39.13241410255432
"[92088.08537166745, -1136.6203381128755]",39.17440354824066,-3.0,39.14140701293945,-3.3921138258668293,39.2083683013916
"[107043.89720949568, -1635.2190639792173]",39.24985194206238,-3.0,39.21637296676636,-3.3921138258668293,39.284326791763306
"[112866.90079582433, -932.7841424290824]",39.32581913471222,-3.0,39.292325258255005,-3.3921138258668293,39.360280990600586
"[92869.98643303462, -979.4966846922591]",39.40177500247955,-3.0,39.36830711364746,-3.3921138258668293,39.43623900413513
"[94382.44608656311, -2853.9435982506407]",39.47821581363678,-3.0,39.445237159729004,-3.3921138258668293,39.51220154762268
"[104754.51944336064, -4883.719165908007]",39.553670048713684,-3.0,39.52018976211548,-3.3921138258668293,39.58815097808838
"[92607.1187973533, -1760.1812460202473]",39.630128026008606,-3.0,39.59714484214783,-3.3921138258668293,39.66510558128357
"[99081.00634876518, -1717.0473322304056]",39.70611250400543,-3.0,39.673131465911865,-3.3921138258668293,39.74106216430664
"[91020.53406998159, -2480.7826887661145]",39.783052921295166,-3.0,39.750056982040405,-3.3921138258668293,39.8180193901062
"[94532.7995719718, -1890.6521697590429]",39.85949397087097,-3.0,39.82601308822632,-3.3921138258668293,39.89397478103638
"[105209.67791791954, -864.0405808285643]",39.93545186519623,-3.0,39.90196871757507,-3.3921138258668293,39.969934701919556
"[99630.57049791368, 2438.4206682169756]",40.01141011714935,-3.0,39.97792911529541,-3.3921138258668293,40.046886920928955
"[120433.54086659684, -404.6244035843128]",40.08786332607269,-3.0,40.054879665374756,-3.3921138258668293,40.1218466758728
"[94976.90154220538, -872.6458862982124]",40.16381788253784,-3.0,40.13083744049072,-3.3921138258668293,40.198803663253784
"[-66294.67211426474, 6339.27401143696]",40.24128842353821,-3.0,40.207823038101196,-3.3921138258668293,40.27575349807739
"[376709.17958318157, -46075.98807755324]",40.31724750995636,-2.908,40.28377938270569,-3.3921138258668293,40.351710081100464
"[62231.80292161327, -4635.19436918895]",40.39370286464691,-2.78,40.36070942878723,-3.3921138258668293,40.42766451835632
"[55733.25195055037, -6438.086503293926]",40.469144225120544,-2.652,40.43566131591797,-3.3921138258668293,40.503626346588135
"[65535.57853266874, -7857.142857142858]",40.54461586475372,-2.528,40.51162147521973,-3.3921138258668293,40.57957744598389
"[74702.97296960585, -6930.686079492365]",40.62206971645355,-2.4,40.58857274055481,-3.3921138258668293,40.65753221511841
"[78488.61410511324, -3526.447351461456]",40.69852435588837,-2.272,40.66552805900574,-3.3921138258668293,40.73348927497864
"[58642.18528500473, -1064.2197598550697]",40.77497982978821,-2.144,40.741483211517334,-3.3921138258668293,40.80944538116455
"[58469.97290892172, -1129.3266652303657]",40.85145115852356,-2.016,40.81847023963928,-3.3921138258668293,40.88540053367615
"[67602.57927053534, 2505.4036768555948]",40.92688226699829,-1.888,40.89340162277222,-3.3921138258668293,40.96136212348938
"[69686.63018804614, 3132.525736832424]",41.00334811210632,-1.764,40.970351457595825,-3.3921138258668293,41.03834342956543
"[71990.38160043328, 6262.140073542885]",41.07978975772858,-1.636,41.04630899429321,-3.3921138258668293,41.11427664756775
"[67211.77993345386, 2264.1516070260345]",41.1552609205246,-1.508,41.12226438522339,-3.3921138258668293,41.19022488594055
"[63919.15754652711, 1333.3327684439216]",41.23121738433838,-1.38,41.19822120666504,-3.3921138258668293,41.26618814468384
"[77523.7227844587, 6047.627322096593]",41.30717623233795,-1.256,41.27418327331543,-3.3921138258668293,41.34114193916321
"[83268.40685983658, 7219.523772500911]",41.383132457733154,-1.128,41.35013937950134,-3.3921138258668293,41.41810584068298
"[81291.80505523836, 10956.943176230949]",41.459089040756226,-1.0,41.426119327545166,-3.3921138258668293,41.49308133125305
"[69541.6852351867, 9124.998907734116]",41.535056829452515,-0.876,41.50207591056824,-3.3921138258668293,41.56900715827942
"[65560.04066800213, 11640.007650416243]",41.61049747467041,-0.748,41.57703256607056,-3.3921138258668293,41.64596199989319
"[95606.88932852322, 15895.956980487992]",41.687453269958496,-0.62,41.65395665168762,-3.3921138258668293,41.72192025184631
"[91497.2310880736, 14491.962417263476]",41.763896346092224,-0.492,41.7309136390686,-3.3921138258668293,41.798874616622925
"[85750.48079693825, 13129.758608986685]",41.84088063240051,-0.368,41.80789923667908,-3.3921138258668293,41.87486124038696
"[85024.86326767816, 9701.494717468559]",41.916821241378784,-0.24,41.88382434844971,-3.3921138258668293,41.950785398483276
"[61558.97301771335, 9239.539360265118]",41.99229311943054,-0.112,41.95881247520447,-3.3921138258668293,42.0267493724823
"[80287.78744042985, 16115.090836305555]",42.06874871253967,-0.004,42.035767793655396,-3.3921138258668293,42.10271596908569
"[18972.486756343413, 1632.1886644215697]",42.145175099372864,0.0,42.11169457435608,-3.3921138258668293,42.17965626716614
"[112734.81447151174, 9806.633258986762]",42.22114586830139,0.0,42.18768072128296,-3.3921138258668293,42.255610942840576
"[118729.64028117321, 9453.46429637927]",42.2970906496048,0.0,42.26361322402954,-3.3921138258668293,42.33157515525818
"[98082.87128807684, 6872.169075047641]",42.372557640075684,0.0,42.339592695236206,-3.3921138258668293,42.40752291679382
"[106401.97631642545, 7247.120109556671]",42.4484977722168,0.0,42.41551685333252,-3.3921138258668293,42.482478618621826
"[120391.51032783778, 10060.236245341419]",42.5239542722702,0.0,42.49047374725342,-3.3921138258668293,42.55843472480774
"[99316.21060221811, 6691.088204325612]",42.599427819252014,0.0,42.566431522369385,-3.3921138258668293,42.6343994140625
"[120894.30008470615, 9999.988284073721]",42.6753830909729,0.0,42.6423864364624,-3.3921138258668293,42.71035623550415
"[138604.72659931853, 11917.586953660608]",42.750842213630676,0.0,42.71737504005432,-3.3921138258668293,42.785335302352905
"[112125.2057506275, 10169.489300967369]",42.82629871368408,0.0,42.793330669403076,-3.3921138258668293,42.86125993728638
"[121234.33321519477, 11687.202831643339]",42.9032416343689,0.0,42.87025451660156,-3.3921138258668293,42.9372181892395
"[117643.88183326669, 11150.686946409447]",42.97869372367859,0.0,42.945212841033936,-3.3921138258668293,43.013179302215576
"[140573.36428748895, 11878.98225301015]",43.0546498298645,0.0,43.02116870880127,-3.3921138258668293,43.08912968635559
"[128870.1301974263, 14077.259193565615]",43.131120443344116,0.0,43.098124265670776,-3.3921138258668293,43.1660852432251
"[127246.17663519189, 17231.2402168931]",43.2070609331131,0.0,43.17407941818237,-3.3921138258668293,43.241055488586426
"[113596.62598723694, 12384.753281948015]",43.28251791000366,0.0,43.24903583526611,-3.3921138258668293,43.31699991226196
"[126260.72283063277, 10898.553755179055]",43.35798895359039,0.0,43.32499170303345,-3.3921138258668293,43.39195513725281
"[115972.82774929582, 13442.206467105232]",43.433446168899536,0.0,43.399980545043945,-3.3921138258668293,43.46891641616821
"[113813.49587221173, 9541.28722787876]",43.510886907577515,0.0,43.47790598869324,-3.3921138258668293,43.54588079452515
"[124117.37476414374, 9971.990967556987]",43.586856961250305,0.0,43.55385994911194,-3.3921138258668293,43.62182354927063
"[116627.71568832254, 9753.564340923334]",43.66279864311218,0.0,43.62981700897217,-3.3921138258668293,43.69777846336365
"[129515.96114878391, 9926.584258728897]",43.73878562450409,0.0,43.70580434799194,-3.3921138258668293,43.7737352848053
"[113484.4694313755, 6919.1897794602055]",43.81472647190094,0.0,43.78176307678223,-3.3921138258668293,43.84969162940979
"[112667.22873550419, 5335.019539845908]",43.89068138599396,0.0,43.85768461227417,-3.3921138258668293,43.92564630508423
"[113678.95264304917, 3893.8114099974014]",43.96663844585419,0.0,43.9336416721344,-3.3921138258668293,44.0016028881073
"[113222.56202618884, 4749.676946933149]",44.043081641197205,0.0,44.00959873199463,-3.3921138258668293,44.077560901641846
"[118136.2322829228, 2073.4938764276867]",44.11905109882355,0.0,44.08558511734009,-3.3921138258668293,44.15351605415344
"[99741.43375967155, 2776.468498342018]",44.19449532032013,0.0,44.161510944366455,-3.3921138258668293,44.229472637176514
"[102376.44086530869, 2705.875967156166]",44.270965337753296,0.0,44.23747181892395,-3.3921138258668293,44.30543661117554
"[104733.99098123405, 1594.200108808747]",44.347434520721436,0.0,44.314453125,-3.3921138258668293,44.3814172744751
"[124265.10837652044, 5960.4479610237895]",44.42285919189453,0.0,44.389379262924194,-3.3921138258668293,44.45733880996704
"[117775.39392967844, 4895.290631220773]",44.49883031845093,0.0,44.4653422832489,-3.3921138258668293,44.53329658508301
"[98020.7090709548, 4596.13494297848]",44.57478749752045,0.0,44.54132342338562,-3.3921138258668293,44.61025428771973
"[107846.75744288023, 3229.66315134609]",44.65272772312164,0.0,44.6192467212677,-3.3921138258668293,44.6882061958313
"[106977.27559727474, 2819.5938591796603]",44.73268175125122,0.0,44.69820237159729,-3.3921138258668293,44.76816368103027
"[105990.87693526875, 5230.396041517676]",44.81263506412506,0.0,44.779155254364014,-3.3921138258668293,44.84811449050903
"[106130.12746694198, 4899.396418218639]",44.8912079334259,0.0,44.85810828208923,-3.3921138258668293,44.936301469802856
"[141855.86101288497, 6540.8858951344755]",44.98227381706238,0.0,44.9492928981781,-3.3921138258668293,45.01925325393677
"[110799.91695275326, 7999.997902847305]",45.06123328208923,0.0,45.02824854850769,-3.3921138258668293,45.096208572387695
"[113315.4316836859, 9320.902707810674]",45.137200355529785,0.0,45.104203939437866,-3.3921138258668293,45.17216658592224
"[108821.9825442296, 7670.152038025427]",45.21365940570831,0.0,45.180190563201904,-3.3921138258668293,45.24812173843384
"[110916.3300454745, 9322.706278421561]",45.28959774971008,0.0,45.25611662864685,-3.3921138258668293,45.32407832145691
"[129788.34008447078, 12121.212891516192]",45.36556804180145,0.0,45.33210277557373,-3.3921138258668293,45.40003538131714
"[109625.57583734544, 9470.965674898687]",45.44200813770294,0.0,45.409027338027954,-3.3921138258668293,45.47699427604675
"[116974.83651607111, 12268.87261294666]",45.51849591732025,0.0,45.48501539230347,-3.3921138258668293,45.55294632911682
"[117336.84378490507, 10760.878980601336]",45.595420360565186,0.0,45.56193947792053,-3.3921138258668293,45.62990117073059
"[112873.20442445883, 8478.873705377924]",45.67138922214508,0.0,45.6378960609436,-3.3921138258668293,45.70586276054382
"[160810.78017308388, 9729.734544229674]",45.74733316898346,0.0,45.713852643966675,-3.3921138258668293,45.78181290626526
"[108894.67996922707, 6315.791216469038]",45.82280504703522,0.0,45.78980851173401,-3.3921138258668293,45.85680150985718
"[118434.24236754488, 8892.171087929204]",45.89824628829956,0.0,45.86476516723633,-3.3921138258668293,45.93272542953491
"[117401.39410030076, 10102.18177186915]",45.9941908121109,0.0,45.94072127342224,-3.3921138258668293,46.04866600036621
"[116837.68517378882, 7834.758719912434]",46.11013841629028,0.0,46.05668497085571,-3.3921138258668293,46.16559076309204
"[113618.86278712741, 7983.431335631318]",46.20656645298004,0.0,46.173585653305054,-3.3921138258668293,46.24054670333862
"[129396.726314514, 7873.009870589159]",46.281527042388916,0.0,46.24854373931885,-3.3921138258668293,46.31650972366333
"[118638.4269863462, 5702.126900080317]",46.35748255252838,0.0,46.324498891830444,-3.3921138258668293,46.3924617767334
"[121682.18950405318, 5732.082098562178]",46.433451652526855,0.0,46.40048694610596,-3.3921138258668293,46.46841621398926
"[123490.145610491, 1729.8994766983753]",46.509891748428345,0.0,46.47641134262085,-3.3921138258668293,46.54437303543091
"[96312.59704770138, -1660.5655499608736]",46.58584928512573,0.0,46.55236768722534,-3.3921138258668293,46.620331048965454
"[91072.17010863521, -618.7868451299545]",46.66232359409332,0.0,46.62935471534729,-3.3921138258668293,46.697285652160645
"[115994.31609784263, -2820.878993461856]",46.738280296325684,0.0,46.70528745651245,-3.3921138258668293,46.773247718811035
"[102998.67601429769, -1579.6530685811117]",46.814732909202576,0.0,46.781267166137695,-3.3921138258668293,46.84919834136963
"[103283.14704734801, -1395.343232884258]",46.890673995018005,0.0,46.85719323158264,-3.3921138258668293,46.92615294456482
"[101976.3527328752, -1739.1285126624948]",46.967132329940796,0.0,46.93415546417236,-3.3921138258668293,47.002110719680786
"[105681.7965170346, -277.7771893515567]",47.04458510875702,0.0,47.011104583740234,-3.3921138258668293,47.0790650844574
"[121793.7079158882, 2092.6759539065342]",47.12055587768555,0.0,47.087090492248535,-3.3921138258668293,47.155019998550415
"[112121.31366130573, 137.74078263672803]",47.196011662483215,0.0,47.16301488876343,-3.3921138258668293,47.2309889793396
"[97360.46218259279, 279.1874119754857]",47.271955609321594,0.0,47.23897695541382,-3.3921138258668293,47.30693292617798
"[117503.74161600858, 1938.3233864858373]",47.34841430187225,0.0,47.314937114715576,-3.3921138258668293,47.38288903236389
"[112503.60768983487, 4559.439476456744]",47.425869822502136,0.0,47.392892599105835,-3.3921138258668293,47.46084666252136
"[108972.97395337977, 7405.404302447772]",47.502339601516724,0.0,47.46884775161743,-3.3921138258668293,47.53680157661438
"[135726.20941540253, 9716.187904725626]",47.58179152011871,0.0,47.54879450798035,-3.3921138258668293,47.61675572395325
"[117902.7966705635, 6382.979537147644]",47.65873372554779,0.0,47.62575078010559,-3.3921138258668293,47.69370985031128
"[108097.09953460781, 4561.398146355711]",47.73470139503479,0.0,47.70173621177673,-3.3921138258668293,47.769676208496094
"[113655.77579139921, 2645.801339075296]",47.8116455078125,0.0,47.77866053581238,-3.3921138258668293,47.84565496444702
"[120600.5788894291, 6246.249688261241]",47.88762950897217,0.0,47.85464882850647,-3.3921138258668293,47.9216034412384
"[112636.02942501992, 6446.992540389698]",47.963070034980774,0.0,47.92960453033447,-3.3921138258668293,47.99753427505493
"[115247.44604359227, 6421.49476157141]",48.03902626037598,0.0,48.005561113357544,-3.3921138258668293,48.07349181175232
"[133858.68854039686, 6272.567615033368]",48.11498200893402,0.0,48.081485748291016,-3.3921138258668293,48.15044665336609
"[99111.13645360332, 7712.420952441524]",48.191922307014465,0.0,48.158440828323364,-3.3921138258668293,48.22840332984924
"[120538.78499516757, 12044.37318784224]",48.27089321613312,0.0,48.23742747306824,-3.3921138258668293,48.305360078811646
"[126655.79203917056, 10277.330370179801]",48.34734785556793,0.0,48.314383029937744,-3.3921138258668293,48.381316900253296
"[116029.09192440704, 11620.433415300813]",48.42379188537598,0.0,48.390308141708374,-3.3921138258668293,48.45926856994629
"[124172.0253154412, 10700.636091868659]",48.50026226043701,0.0,48.467294454574585,-3.3921138258668293,48.535229206085205
"[113342.73551397667, 8152.32952434589]",48.57620811462402,0.0,48.543227672576904,-3.3921138258668293,48.61018753051758
"[131968.5222443423, 7842.516106787639]",48.65315628051758,0.0,48.62017488479614,-3.3921138258668293,48.687137842178345
"[119248.12864715127, 7819.542802071796]",48.7286114692688,0.0,48.69513130187988,-3.3921138258668293,48.764092683792114
"[111943.60492730267, 8281.694167909205]",48.80557072162628,0.0,48.77209234237671,-3.3921138258668293,48.84008002281189
"[124613.12467460721, 12443.096835622699]",48.88154184818268,0.0,48.848073959350586,-3.3921138258668293,48.916003942489624
"[119019.19407089055, 7875.178086426293]",48.95798420906067,0.0,48.92500019073486,-3.3921138258668293,48.99295973777771
"[125887.72859599334, 11962.606686841127]",49.03395199775696,0.0,49.0009548664093,-3.3921138258668293,49.068915605545044
"[113229.39861077115, 14051.030277394259]",49.10991132259369,0.0,49.076918840408325,-3.3921138258668293,49.143879413604736
"[151666.66666666666, 19418.650019508386]",49.1848806142807,0.0,49.1518988609314,-3.3921138258668293,49.21982932090759
"[155165.61359444293, 20233.8670643486]",49.26080763339996,0.0,49.22783041000366,-3.3921138258668293,49.29478406906128
"[119735.77723988841, 18091.067546177394]",49.335787892341614,0.0,49.30280685424805,-3.3921138258668293,49.36974263191223
"[169680.38086262243, 24860.510234262598]",49.41072165966034,0.0,49.3777437210083,-3.3921138258668293,49.444700717926025
"[153854.83553374093, 26603.079770177872]",49.48569357395172,0.0,49.45269989967346,-3.3921138258668293,49.51965689659119
"[129888.80086846816, 19459.447925251992]",49.561131715774536,0.0,49.52765202522278,-3.3921138258668293,49.59561252593994
"[137632.36874282116, 21625.40294193931]",49.63708806037903,0.0,49.60360622406006,-3.3921138258668293,49.67156910896301
"[160159.31661294287, 21593.634019627996]",49.71256411075592,0.0,49.67957162857056,-3.3921138258668293,49.747525691986084
"[167826.13528407502, 19503.0749538453]",49.789000272750854,0.0,49.75551915168762,-3.3921138258668293,49.823481798172
"[130612.85512881918, 18548.41983065845]",49.86497247219086,0.0,49.831507205963135,-3.3921138258668293,49.89943814277649
"[116374.07136951496, 15827.303395875702]",49.940916299819946,0.0,49.90743899345398,-3.3921138258668293,49.97639274597168
"[157996.21640393455, 21701.28620065745]",50.01738393306732,0.0,49.98438739776611,-3.3921138258668293,50.05134987831116
"[136181.0591572886, 16984.90471125325]",50.092355251312256,0.0,50.059375524520874,-3.3921138258668293,50.12730598449707
"[126862.4786719289, 15857.842247473045]",50.16829979419708,0.0,50.135305643081665,-3.3921138258668293,50.20227360725403
"[144839.9596391405, 18540.91910513526]",50.24375402927399,0.0,50.210288524627686,-3.3921138258668293,50.27822518348694
"[137979.22137897674, 14808.384519941954]",50.319209933280945,0.0,50.286213636398315,-3.3921138258668293,50.35417437553406
"[127131.99904784819, 12534.149536207864]",50.39516603946686,0.0,50.36216926574707,-3.3921138258668293,50.43013048171997
"[120812.75750226456, 13323.64199514946]",50.471609592437744,0.0,50.43812561035156,-3.3921138258668293,50.50608825683594
"[116811.62345114669, 14869.599680989711]",50.547094106674194,0.0,50.51411294937134,-3.3921138258668293,50.58204531669617
"[133169.94740672814, 15718.9049304993]",50.62352406978607,0.0,50.59003973007202,-3.3921138258668293,50.65899991989136
"[165210.45500240396, 23967.89800522481]",50.69997990131378,0.0,50.666999101638794,-3.3921138258668293,50.73495578765869
"[127457.64333021399, 14761.24125593924]",50.77693057060242,0.0,50.74395036697388,-3.3921138258668293,50.81191039085388
"[139691.21857868458, 16397.9337832199]",50.852904319763184,0.0,50.819910764694214,-3.3921138258668293,50.887866497039795
"[134082.7158576626, 14347.15813293105]",50.92885863780975,0.0,50.895862340927124,-3.3921138258668293,50.96382522583008
"[117460.75243790215, 14465.025722276006]",51.0058012008667,0.0,50.97281742095947,-3.3921138258668293,51.04077768325806
"[122738.13298447357, 13958.301605570437]",51.081759333610535,0.0,51.04877853393555,-3.3921138258668293,51.11673545837402
"[138155.56397131583, 15501.694689791004]",51.15921187400818,0.0,51.12573289871216,-3.3921138258668293,51.193692207336426
"[124933.24428440971, 15036.9185437775]",51.234681844711304,0.0,51.201685190200806,-3.3921138258668293,51.26964569091797
"[119528.93487950538, 18058.194366718286]",51.310624837875366,0.0,51.27764010429382,-3.3921138258668293,51.34460377693176
"[130076.33509094751, 18125.976094385427]",51.38657820224762,0.0,51.35359811782837,-3.3921138258668293,51.42155981063843
"[136979.94488592006, 18151.067382908434]",51.46255123615265,0.0,51.42955446243286,-3.3921138258668293,51.4975152015686
"[156449.71775067408, 18980.659028956172]",51.53950619697571,0.0,51.50654125213623,-3.3921138258668293,51.5744731426239
"[121368.79509899371, 12402.24524011205]",51.61546516418457,0.0,51.58249640464783,-3.3921138258668293,51.65042996406555
"[115098.72279887024, 12844.023584848615]",51.69190537929535,0.0,51.65842628479004,-3.3921138258668293,51.72638416290283
"[119122.80459833515, 14000.009192993102]",51.76737821102142,0.0,51.73438501358032,-3.3921138258668293,51.8013710975647
"[121345.54136457705, 15027.470374859999]",51.844345927238464,0.0,51.81036615371704,-3.3921138258668293,51.878326654434204
"[132830.44679038794, 18184.575278114757]",51.9197713136673,0.0,51.886290550231934,-3.3921138258668293,51.954251527786255
"[105889.89687687246, 18020.056975265168]",51.99574327468872,0.0,51.96227741241455,-3.3921138258668293,52.030208587646484
"[127831.61246837483, 19388.669642769928]",52.07218301296234,0.0,52.03920245170593,-3.3921138258668293,52.106168031692505
"[135746.23278505603, 21491.999536629566]",52.14763939380646,0.0,52.11415958404541,-3.3921138258668293,52.182119607925415
"[127647.5007494236, 20147.096739174685]",52.22409522533417,0.0,52.19111347198486,-3.3921138258668293,52.258076667785645
"[117408.48062036796, 18881.35096657832]",52.29955279827118,0.0,52.266071796417236,-3.3921138258668293,52.33403301239014
"[144958.69329308262, 21598.679718044263]",52.37503921985626,0.0,52.342058181762695,-3.3921138258668293,52.40899586677551
"[121057.2676945334, 20055.651808683782]",52.44998097419739,0.0,52.417015075683594,-3.3921138258668293,52.484975814819336
"[129653.78395493112, 22285.686894348983]",52.52592480182648,0.0,52.492947578430176,-3.3921138258668293,52.560901165008545
"[122249.25089409415, 20027.478723551154]",52.602882623672485,0.0,52.56990146636963,-3.3921138258668293,52.637858629226685
"[124273.1732234848, 18072.636399742718]",52.67934787273407,0.0,52.645851850509644,-3.3921138258668293,52.71381378173828
"[133395.76017687607, 20713.226687475617]",52.755794167518616,0.0,52.72183895111084,-3.3921138258668293,52.7897732257843
"[118355.03171873018, 19151.170733769603]",52.831244111061096,0.0,52.79776382446289,-3.3921138258668293,52.86672401428223
"[127745.69416967298, 22716.770433298418]",52.90869951248169,0.0,52.87571883201599,-3.3921138258668293,52.94368028640747
"[146519.1935790009, 24873.407724683868]",52.984687089920044,0.0,52.95170617103577,-3.3921138258668293,53.019644260406494
"[132872.35107130813, 23181.098821270745]",53.0666241645813,0.0,53.03362774848938,-3.3921138258668293,53.101587772369385
"[177595.06417121718, 33473.250119665674]",53.14258062839508,0.0,53.109583377838135,-3.3921138258668293,53.176546573638916
"[129121.13236941201, 22719.75147607174]",53.217541575431824,0.0,53.1845486164093,-3.3921138258668293,53.25250291824341
"[129828.67877000512, 24729.31197862458]",53.29349386692047,0.0,53.26049780845642,-3.3921138258668293,53.32845759391785
"[144461.8617127885, 24651.879538573645]",53.3704332113266,0.0,53.33745265007019,-3.3921138258668293,53.40441370010376
"[132756.74236188448, 18730.208686389386]",53.44540536403656,0.0,53.41244053840637,-3.3921138258668293,53.48037004470825
"[144230.51834534438, 17698.26070166833]",53.52135467529297,0.0,53.488364934921265,-3.3921138258668293,53.556333780288696
"[119820.19477102759, 15835.496976649903]",53.59731841087341,0.0,53.56432247161865,-3.3921138258668293,53.632282733917236
"[147512.23175148707, 20187.805137401265]",53.67425775527954,0.0,53.64127731323242,-3.3921138258668293,53.70923686027527
"[147607.43548297195, 21860.4035449529]",53.75022912025452,0.0,53.71723222732544,-3.3921138258668293,53.784207582473755
"[128238.52255571455, 16306.794418236652]",53.82568645477295,0.0,53.79222106933594,-3.3921138258668293,53.86015725135803
"[133091.53688065533, 16197.440317914852]",53.902127265930176,0.0,53.86914563179016,-3.3921138258668293,53.93710947036743
"[133295.5210293208, 11960.206521907503]",53.97810232639313,0.0,53.945109367370605,-3.3921138258668293,54.013063192367554
"[116244.86157729354, 8352.490708788964]",54.05405867099762,0.0,54.021066427230835,-3.3921138258668293,54.08901858329773
"[103559.74657433327, 7447.286479053091]",54.12999427318573,0.0,54.09701347351074,-3.3921138258668293,54.16397476196289
"[112996.89389266819, 9963.90172304667]",54.2059828042984,0.0,54.17300200462341,-3.3921138258668293,54.24093747138977
"[138277.799953115, 13564.970570159598]",54.281938552856445,0.0,54.24895763397217,-3.3921138258668293,54.31588792800903
"[140217.73784697722, 14423.69506248334]",54.357380390167236,0.0,54.3238844871521,-3.3921138258668293,54.391844749450684
"[106426.32105460268, 10661.81183874084]",54.43333578109741,0.0,54.39987015724182,-3.3921138258668293,54.468801498413086
"[121797.42450840629, 12443.771575338431]",54.50978183746338,0.0,54.47680044174194,-3.3921138258668293,54.544755935668945
"[134290.47911624933, 15515.667515140876]",54.586233139038086,0.0,54.55275201797485,-3.3921138258668293,54.62072014808655
"[137347.99746640632, 21435.30175414719]",54.66220486164093,0.0,54.62873983383179,-3.3921138258668293,54.696675300598145
"[152783.66325645216, 24982.77596649169]",54.73865985870361,0.0,54.70569443702698,-3.3921138258668293,54.77362394332886
"[147427.90017706098, 24940.300875015542]",54.81463146209717,0.0,54.78165030479431,-3.3921138258668293,54.849586725234985
"[139968.54609155565, 23113.910006274626]",54.89057195186615,0.0,54.85757493972778,-3.3921138258668293,54.92553687095642
"[162738.87054483415, 29155.662856909028]",54.96701192855835,0.0,54.933531284332275,-3.3921138258668293,55.00249218940735
"[163142.48431554047, 33869.75470533786]",55.043967962265015,0.0,55.0104866027832,-3.3921138258668293,55.078450441360474
"[130556.9781845796, 21774.42345681193]",55.12042510509491,0.0,55.08744406700134,-3.3921138258668293,55.1554057598114
"[128397.01825438751, 21399.380759523392]",55.19788157939911,0.0,55.16440391540527,-3.3921138258668293,55.23236060142517
"[155331.00282344306, 24963.18421462485]",55.2743353843689,0.0,55.24135375022888,-3.3921138258668293,55.309346199035645
"[147058.90890091867, 24013.758472054917]",55.350295662879944,0.0,55.31731867790222,-3.3921138258668293,55.385271310806274
"[104925.38419081781, 17810.97050111483]",55.42675256729126,0.0,55.3932683467865,-3.3921138258668293,55.46122670173645
"[136906.09603126856, 22843.76601536951]",55.50320494174957,0.0,55.470221757888794,-3.3921138258668293,55.5381817817688
"[132181.84188589646, 22825.710496824315]",55.57917392253876,0.0,55.54618191719055,-3.3921138258668293,55.61314558982849
"[130173.22805520364, 23181.092209955626]",55.65462112426758,0.0,55.621134757995605,-3.3921138258668293,55.68912744522095
"[148719.2139674615, 21695.42690448892]",55.73108696937561,0.0,55.698121070861816,-3.3921138258668293,55.766053676605225
"[132583.14488886762, 23201.202853986444]",55.808027029037476,0.0,55.77504563331604,-3.3921138258668293,55.84202861785889
"[162382.69064408736, 29960.907804021284]",55.88448774814606,0.0,55.851003646850586,-3.3921138258668293,55.91896367073059
"[167566.59856278508, 35705.475586388144]",55.96047008037567,0.0,55.92698931694031,-3.3921138258668293,55.99495053291321
"[173966.5460948779, 35082.57752095852]",56.0373991727829,0.0,56.003915309906006,-3.3921138258668293,56.07188010215759
"[143993.06201181785, 26565.199062633514]",56.11385369300842,0.0,56.08086895942688,-3.3921138258668293,56.14883232116699
"[163975.96612213683, 30000.067378407242]",56.19082152843475,0.0,56.157825231552124,-3.3921138258668293,56.22481727600098
"[141273.68229556197, 23683.306237601173]",56.26676297187805,0.0,56.233781576156616,-3.3921138258668293,56.30174255371094
"[150806.59630523808, 22814.163358966045]",56.34273386001587,0.0,56.30973672866821,-3.3921138258668293,56.37670540809631
"[140071.5807797353, 19177.046129835828]",56.41869044303894,0.0,56.3857262134552,-3.3921138258668293,56.453654766082764
"[125363.72891567032, 15090.857557566846]",56.49463129043579,0.0,56.461649656295776,-3.3921138258668293,56.52961254119873
"[137315.53145940744, 14161.131730770585]",56.57158648967743,0.0,56.53860569000244,-3.3921138258668293,56.60656714439392
"[120492.12369011431, 12445.73504132392]",56.64804148674011,0.0,56.614561319351196,-3.3921138258668293,56.68252158164978
"[129887.20636507314, 16199.732537248916]",56.72501182556152,0.0,56.69151735305786,-3.3921138258668293,56.7594792842865
"[135088.88152809982, 15184.589739239558]",56.80147361755371,0.0,56.76848101615906,-3.3921138258668293,56.83644199371338
"[152716.84316691878, 17687.84669692385]",56.87740957736969,0.0,56.843430280685425,-3.3921138258668293,56.912389039993286
"[174355.93093498136, 18049.771227781945]",56.95436990261078,0.0,56.92138981819153,-3.3921138258668293,56.98934555053711
"[112640.17350990337, 12968.488214638179]",57.03082585334778,0.0,56.99734830856323,-3.3921138258668293,57.065303325653076
"[121339.1732033486, 13187.816862197304]",57.10679304599762,0.0,57.07332754135132,-3.3921138258668293,57.141257762908936
"[134725.05575441185, 16019.399684816204]",57.183748841285706,0.0,57.15028405189514,-3.3921138258668293,57.21821355819702
"[114900.82198812287, 15240.762436164627]",57.26071298122406,0.0,57.22723889350891,-3.3921138258668293,57.29516863822937
"[117341.02855037045, 16965.35940106288]",57.336644768714905,0.0,57.30316376686096,-3.3921138258668293,57.37212419509888
"[115770.35413097982, 16078.406492832084]",57.41360366344452,0.0,57.380120038986206,-3.3921138258668293,57.44808268547058
"[125594.49707249705, 15333.283082728705]",57.49008786678314,0.0,57.457106590270996,-3.3921138258668293,57.52403736114502
"[134070.51807718058, 14839.7695283828]",57.565515637397766,0.0,57.53203320503235,-3.3921138258668293,57.59999346733093
"[112598.87161139397, 15170.606852896657]",57.641968846321106,0.0,57.607988357543945,-3.3921138258668293,57.67595076560974
"[117398.39616261159, 11490.454837371344]",57.717427015304565,0.0,57.68394374847412,-3.3921138258668293,57.75290513038635
"[127728.04829349501, 13446.668153365039]",57.79388880729675,0.0,57.76090860366821,-3.3921138258668293,57.82886290550232
"[120993.81220709861, 13352.310979191714]",57.87085258960724,0.0,57.83785605430603,-3.3921138258668293,57.90482473373413
"[119352.54901561231, 11443.938411100584]",57.94582438468933,0.0,57.912843227386475,-3.3921138258668293,57.980804681777954
"[115239.49415895894, 12503.385279199467]",58.022266030311584,0.0,57.988800048828125,-3.3921138258668293,58.0577290058136
"[115282.77719732444, 11917.266307749804]",58.09970498085022,0.0,58.06672477722168,-3.3921138258668293,58.134687185287476
"[130135.04532858521, 13482.840340559993]",58.17667853832245,0.0,58.14371061325073,-3.3921138258668293,58.21164107322693
"[111585.60721377104, 11202.005541628185]",58.25311887264252,0.0,58.21964073181152,-3.3921138258668293,58.28759813308716
"[130474.27087869665, 11485.450974195728]",58.32907176017761,0.0,58.295591592788696,-3.3921138258668293,58.36355137825012
"[115252.39069631176, 10723.056886899121]",58.40553069114685,0.0,58.372546672821045,-3.3921138258668293,58.4405152797699
"[107974.55772522089, 7094.334366697125]",58.48298501968384,0.0,58.449503898620605,-3.3921138258668293,58.51746368408203
"[114393.00777933828, 7716.955731914102]",58.55945825576782,0.0,58.52649140357971,-3.3921138258668293,58.59442186355591
"[106770.08599323693, 6937.797890807654]",58.6359144449234,0.0,58.60244607925415,-3.3921138258668293,58.67038083076477
"[120241.62797522997, 12386.020031462913]",58.71135342121124,0.0,58.678375482559204,-3.3921138258668293,58.74633026123047
"[131621.85249776975, 16502.128505408225]",58.787322878837585,0.0,58.75432634353638,-3.3921138258668293,58.822288513183594
"[114012.39376657017, 17426.71723340525]",58.863279581069946,0.0,58.83028244972229,-3.3921138258668293,58.898245334625244
"[127961.00104106606, 15096.38238206547]",58.94021928310394,0.0,58.907238245010376,-3.3921138258668293,58.975199460983276
"[140646.8312316626, 19353.846362336615]",59.016679644584656,0.0,58.9832022190094,-3.3921138258668293,59.051156759262085
"[125991.94410425943, 17440.28278223361]",59.0931214094162,0.0,59.05915975570679,-3.3921138258668293,59.12711215019226
"[118778.44941101503, 17556.475492566115]",59.16810369491577,0.0,59.13513946533203,-3.3921138258668293,59.20306706428528
"[138102.79237484932, 19222.429799247504]",59.24404680728912,0.0,59.211069107055664,-3.3921138258668293,59.27902388572693
"[106772.21135189904, 14572.078446815407]",59.32000720500946,0.0,59.287025928497314,-3.3921138258668293,59.35498261451721
"[115412.55523942126, 12113.432151721394]",59.397459387779236,0.0,59.36397457122803,-3.3921138258668293,59.43293595314026
"[100578.52550644308, 11390.42073734009]",59.47392702102661,0.0,59.44093036651611,-3.3921138258668293,59.508891344070435
"[122161.5294576668, 16333.80000459021]",59.549883246421814,0.0,59.516886472702026,-3.3921138258668293,59.58484983444214
"[139338.0793918986, 20566.884946610142]",59.626354455947876,0.0,59.59287357330322,-3.3921138258668293,59.6608099937439
"[130687.03972194887, 17164.223953364337]",59.70278263092041,0.0,59.66980528831482,-3.3921138258668293,59.73775911331177
"[140091.09449181633, 18245.041391012128]",59.77973473072052,0.0,59.74675369262695,-3.3921138258668293,59.81471633911133
"[136554.23079560706, 19211.61815563371]",59.85719120502472,0.0,59.82371115684509,-3.3921138258668293,59.89167046546936
"[154530.2158094645, 21916.34478656536]",59.93315124511719,0.0,59.89967441558838,-3.3921138258668293,59.96762800216675
"[128772.80245718735, 16417.532542824487]",60.009103536605835,0.0,59.97562289237976,-3.3921138258668293,60.04358386993408
"[108588.63149300948, 14671.497091539952]",60.08456647396088,0.0,60.05158591270447,-3.3921138258668293,60.11954140663147
"[118254.62865481601, 17825.51466092563]",60.16053354740143,0.0,60.12753963470459,-3.3921138258668293,60.19549632072449
"[123628.57285599594, 18891.913590359374]",60.2365026473999,0.0,60.20352125167847,-3.3921138258668293,60.2714524269104
"[107979.95769759944, 15838.4500071873]",60.31293070316315,0.0,60.27945280075073,-3.3921138258668293,60.34741568565369
