12221.968883315432,2199.858396884731,0.9611489772796631,0,0.0029687881469726562,0.5235160910073824,1.241898536682129
12565.900527204216,2349.5387963103703,1.2828420400619507,0,1.2428817749023438,0.5056960801139825,1.317821741104126
12661.065882383531,2342.5291931130555,1.360357403755188,-2.036,1.321850299835205,0.5139239545798964,1.394859790802002
12794.276765660594,2397.8143868863212,1.4373506307601929,-2.164,1.3988585472106934,0.5242775395440736,1.4718163013458252
12908.896904628808,2388.2349294033766,1.5158475637435913,-2.292,1.4758460521697998,0.547776687440296,1.5878582000732422
12913.277479664877,2449.5946975681854,1.6293247938156128,-2.42,1.590846300125122,0.8461481814079468,1.7687551975250244
13124.062481249624,2460.8392167843353,1.8212332725524902,-2.612,1.7727489471435547,0.8288040758499788,1.8556957244873047
13087.27852367114,2506.255037530225,1.8986691236495972,-2.916,1.8576934337615967,0.7985893748871044,1.9336512088775635
13045.260905218105,2488.09976199524,1.9791274070739746,-3.06,1.9396519660949707,0.7779985373740779,2.0136101245880127
13146.078876473259,2532.585195511173,2.0551154613494873,-3.188,2.0166354179382324,0.7642290096689107,2.1345338821411133
13137.57588909367,2517.0528581100207,2.182111620903015,-3.324,2.1405375003814697,1.0775862338656108,2.318768262863159
13391.107128857031,2574.8805990447922,2.3617554903030396,-3.528,2.3217382431030273,1.030080305715372,2.3967816829681396
13408.781584413275,2544.26342953202,2.443765640258789,-3.832,2.4038054943084717,1.0133601649305262,2.4797286987304688
13331.493320453243,2583.528084696593,2.522722005844116,-3.964,2.483726739883423,1.008178084611377,2.557716131210327
13126.862537250743,2518.340366807336,2.6021777391433716,-4.0,2.5606882572174072,1.0102614924131574,2.6816132068634033
13157.105256842053,2569.9905599244794,2.724090337753296,-4.0,2.686610698699951,1.060168098588798,2.860509157180786
13176.863537270745,2504.520090401808,2.9025334119796753,-4.0,2.8635079860687256,1.0624630198729923,2.937464952468872
13077.50462003696,2558.580468643749,2.9815011024475098,-4.0,2.9414610862731934,1.0649906059878425,3.0165486335754395
13166.45016255309,2498.6574744920154,3.0570521354675293,-4.0,3.01857328414917,1.0655405410421197,3.091500997543335
13102.278613671682,2553.215319291916,3.1359933614730835,-4.0,3.0964958667755127,1.0701832619811125,3.213466167449951
12972.572424020906,2493.0523540994363,3.254438281059265,-4.0,3.2154290676116943,1.0505230837907085,3.393608331680298
12959.79071853503,2545.3078171547204,3.437216877937317,-4.0,3.3985774517059326,1.0496770298610514,3.4728317260742188
12867.457349146984,2486.5997319946396,3.514310836791992,-4.0,3.4748353958129883,1.048228162506514,3.548821210861206
12992.503940031522,2541.1703293626347,3.59188711643219,-4.0,3.5537846088409424,1.052997791534955,3.6268694400787354
12941.845895072007,2483.8871938566836,3.668888568878174,-4.0,3.629875421524048,1.0483233435736004,3.743802309036255
12915.29040703285,2537.3977617843325,3.787958860397339,-4.0,3.7488064765930176,1.0388475395614423,3.9229798316955566
12873.870351277375,2478.2320428729004,3.9660658836364746,-4.0,3.9259414672851562,1.0392176881556672,4.0001609325408936
12907.290351032458,2533.137731964124,4.048287987709045,-4.0,4.005126476287842,1.037388096532784,4.088418960571289
12848.995526897117,2475.706941259649,4.147529721260071,-4.0,4.090423822402954,1.0391225070885808,4.182616710662842
12908.690360832526,2530.2277115939814,4.225735545158386,-4.0,4.186611175537109,1.0400848934335656,4.306947708129883
12928.22320558014,2471.3717842946076,4.419200539588928,-4.0,4.309913396835327,1.0330626458174126,4.632493019104004
12966.451865807463,2523.810095240381,4.675500750541687,-4.0,4.63648533821106,1.0320473811018243,4.711536645889282
12933.571605003706,2467.691821528252,4.7535295486450195,-4.0,4.714531660079956,1.033126099862137,4.78849458694458
12970.138910416732,2522.3775671327016,4.834478855133057,-4.0,4.7944862842559814,1.0320685324500658,4.868450164794922
12905.37101279127,2466.591798427767,4.911543846130371,-4.0,4.8714728355407715,1.0299428219518028,4.994625806808472
12904.338713016137,2519.897559692679,5.041091084480286,-4.0,5.000612497329712,1.0294669166163706,5.18761944770813
12896.196612522088,2463.3466569731104,5.228601813316345,-4.0,5.18965220451355,1.0266326359520197,5.262586355209351
13042.565212826064,2517.3925869629347,5.305584788322449,-4.0,5.267587900161743,1.0270239358944862,5.3405327796936035
12995.624890622266,2460.971524288107,5.3830296993255615,-4.0,5.344537019729614,1.0264740008402091,5.4184958934783936
13031.16515582578,2515.002575012875,5.4604833126068115,-4.0,5.421518325805664,1.025490463146983,5.541487693786621
12988.524713117828,2460.0215005375135,5.58504581451416,-4.0,5.546464920043945,1.0253424037092929,5.729527711868286
13046.199999999999,2512.1,5.773009181022644,-4.0,5.732524156570435,1.0234282066934441,5.8094799518585205
13107.240788260495,2457.373891721185,5.885604977607727,-4.0,5.816508769989014,1.0234705093899268,5.9206602573394775
13081.1523246093,2510.7100428401714,5.960704803466797,-4.0,5.922691822052002,1.0258923387635699,5.995748996734619
13090.266527462767,2455.368750325009,6.0382319688797,-4.0,5.9997453689575195,1.0253001010128102,6.1186769008636475
13016.53904961715,2509.237527712583,6.161150813102722,-4.0,6.121673583984375,1.0228994229874084,6.2977495193481445
12959.485108672392,2452.413953106968,6.340758442878723,-4.0,6.3017213344573975,1.0208794692303524,6.375770568847656
13037.565187825938,2507.162535812679,6.417744398117065,-4.0,6.378767728805542,1.0217255231600095,6.4537248611450195
12937.29755784383,2451.2563788967145,6.498697638511658,-4.0,6.458720922470093,1.0202555044572303,6.533677577972412
12978.564892824465,2505.512527562638,6.574216961860657,-4.0,6.535676717758179,1.022730212201477,6.649736642837524
12887.00928822292,2450.5888141315395,6.694800972938538,-4.0,6.654730319976807,1.016776107671516,6.836179256439209
12902.138706416119,2503.4775104325313,6.8777244091033936,-4.0,6.838208913803101,1.0203189585019548,6.9122819900512695
12939.171722606176,2448.1714115996438,6.9572426080703735,-4.0,6.9172680377960205,1.0193882991793322,6.9922192096710205
12936.412936412937,2501.942501942502,7.042696595191956,-4.0,6.995229721069336,1.0192825424381249,7.086170673370361
12913.084087849931,2446.8838314442914,7.129158616065979,-4.0,7.090167999267578,1.0227513635497185,7.212250709533691
12864.238592715777,2500.7475022425065,7.253225564956665,-4.0,7.214247941970825,1.0185316695755544,7.391458034515381
12903.096771225739,2444.4062213430907,7.434949278831482,-4.0,7.395448684692383,1.0161627185725148,7.4694085121154785
12876.964384821922,2499.4024970124847,7.510897517204285,-4.0,7.47240424156189,1.017664464297656,7.546361684799194
12874.047599285179,2445.016015432416,7.5914013385772705,-4.0,7.551358699798584,1.0157185402594449,7.626437425613403
12949.925899851802,2498.464996929994,7.670431733131409,-4.0,7.629467248916626,1.0164905644702569,7.745400905609131
12857.36000608017,2442.8584000352007,7.789355993270874,-4.0,7.750398397445679,1.0144811863873215,7.92929482460022
12928.71292871293,2496.4024964024966,7.986233592033386,-4.0,7.933267593383789,1.0138149189177166,8.02220892906189
12874.560487693656,2442.148380154644,8.06469988822937,-4.0,8.026206493377686,1.0177596453647424,8.09917402267456
12871.738615215845,2496.2974888924664,8.140280842781067,-4.0,8.102194547653198,1.01178438948654,8.175368547439575
12827.120678016949,2440.881022025551,8.219847559928894,-4.0,8.181365489959717,1.0161627185725148,8.292302131652832
12884.977309863858,2495.1249707498246,8.33484697341919,-4.0,8.295339107513428,1.0087914737103785,8.47140622138977
12817.794809280615,2438.9060948401816,8.514488220214844,-4.0,8.476370573043823,1.014248521556666,8.549579858779907
12866.802934423475,2493.2099456795654,8.593047738075256,-4.0,8.551599979400635,1.0125352623491106,8.62852430343628
12871.157423148461,2438.6587731754635,8.673596024513245,-4.0,8.633521318435669,1.016564594189102,8.708674430847168
12875.703005624046,2493.0599444795557,8.750221848487854,-4.0,8.710696935653687,1.0106739437038654,8.81975769996643
12820.256405128102,2437.6087521750433,8.870211958885193,-4.0,8.825726747512817,1.0097432843812426,9.022648572921753
12861.490030430214,2491.4074398520793,9.079721212387085,-4.0,9.025607109069824,1.0080617521960493,9.113801002502441
12818.056361127221,2436.1887237744754,9.15835690498352,-4.0,9.118829727172852,1.0119430245983505,9.192877531051636
12833.402667221337,2490.4799238393907,9.233360409736633,-4.0,9.195882797241211,1.01208050836192,9.267838954925537
12836.769572161016,2435.501145524056,9.314311623573303,-4.0,9.273834705352783,1.0083049927008256,9.386766195297241
12858.90287122297,2489.639917119337,9.430770754814148,-4.0,9.3907630443573,1.0099230708412947,9.565977096557617
12848.195508496696,2433.6359736273935,9.60853374004364,-4.0,9.567951440811157,1.012767927179766,9.643119096755981
12812.815315337837,2488.232394091547,9.684919834136963,-4.0,9.64714765548706,1.0072262739405131,9.719667434692383
12776.055521110422,2433.1486629732594,9.764149069786072,-4.0,9.72165846824646,1.006274463269649,9.7986421585083
12799.251197004787,2487.559950239801,9.842152953147888,-4.0,9.802642822265625,1.0066023091673912,9.915950298309326
12724.992674831521,2432.925957297018,9.957921862602234,-4.0,9.918943643569946,1.007850238713635,10.093061685562134
12744.050976203906,2486.2199448797796,10.141059279441833,-4.0,10.09705400466919,1.0068455496721676,10.180009603500366
12804.894512573788,2431.305920036161,10.247222542762756,-4.0,10.183037042617798,1.0078396630395146,10.28144884109497
12806.189643327505,2485.357397501783,10.32439398765564,-4.0,10.285417556762695,1.0067080659085983,10.359381914138794
12805.181713997707,2429.9534589760974,10.400004506111145,-4.0,10.361401081085205,1.008188660285498,10.478581666946411
12830.251321005284,2484.8799395197584,10.524032354354858,-4.0,10.48258090019226,1.0071416685475474,10.668809413909912
12795.494296368817,2428.8258629948486,10.710805058479309,-4.0,10.670839071273804,1.0082415386561014,10.74576449394226
12855.477132862798,2483.6549019294116,10.79495358467102,-4.0,10.749759674072266,1.0067715199533225,10.830096006393433
12835.482380612371,2428.733432135507,10.87064254283905,-4.0,10.832117795944214,1.0065282794485462,10.906173467636108
12821.35128540514,2482.929931719727,10.9486825466156,-4.0,10.910195589065552,1.0063802200108563,11.026155471801758
12787.406897765548,2427.7882669184064,11.066149473190308,-4.0,11.028153896331787,1.004466022995007,11.203185081481934
12795.051180204722,2482.2099288397153,11.253344893455505,-4.0,11.208178997039795,1.0060946768095969,11.293496370315552
12796.78152919364,2427.1833980347565,11.334976434707642,-4.0,11.296525001525879,1.004688112151542,11.370451211929321
12800.538401615206,2480.8374425123275,11.414008378982544,-4.0,11.37445068359375,1.0058302849565792,11.448535680770874
12735.180173963825,2426.6733868145097,11.490526556968689,-4.0,11.451560497283936,1.006306190292011,11.5715913772583
12756.53826961481,2480.0374401123204,11.618223309516907,-4.0,11.575589418411255,1.0054918633847163,11.757850885391235
12743.96762332009,2424.6209170392576,11.799437165260315,-4.0,11.75981855392456,1.0016000153082942,11.833976030349731
12763.625527251055,2479.2049584099173,11.879509568214417,-4.0,11.839977502822876,1.0027210367650898,11.914052724838257
12730.48007056155,2424.77334501359,11.957165122032166,-4.0,11.916049242019653,1.0035670906947467,11.993250608444214
12733.038199114597,2478.1874345623037,12.037725448608398,-4.0,11.998279333114624,1.0018855585095534,12.119179010391235
12680.278966137254,2423.4533159729513,12.162235379219055,-4.0,12.12218165397644,1.0036728474359538,12.30656909942627
12736.450945803785,2476.5999063996255,12.349679112434387,-4.0,12.311565160751343,1.0043814176020414,12.384737014770508
12698.07935774587,2423.213310692835,12.426754713058472,-4.0,12.387731552124023,1.001864407161312,12.461689949035645
12742.150968603875,2476.6599066396266,12.506242156028748,-4.0,12.467718124389648,1.0034296069311774,12.540776014328003
12710.292336723744,2421.9357045212037,12.588369846343994,-4.0,12.54377555847168,1.0011135342987414,12.665854454040527
12762.076572459437,2475.9548557291346,12.710923433303833,-4.0,12.671837329864502,1.0062850389437696,12.880082845687866
12789.494158365644,2421.275689340855,12.92102038860321,-4.0,12.882043361663818,0.9979302563884069,12.956000328063965
12814.051256205026,2475.5099020396083,12.999538660049438,-4.0,12.960030317306519,1.0018961341836743,13.034077644348145
12795.381498392964,2420.4732504115086,13.07608187198639,-4.0,13.037075757980347,1.0040852987266615,13.110066175460815
12801.089607627255,2474.9473246312723,13.155698537826538,-4.0,13.115063428878784,1.001790377442467,13.22836971282959
12747.1676905215,2420.260825477335,13.269319295883179,-4.0,13.231337070465088,1.0040747230525409,13.40723466873169
12747.601980815847,2474.0097920783364,13.450316667556763,-4.0,13.411237716674805,1.0001299966055153,13.484322786331177
12706.766842103685,2419.480809096991,13.5270015001297,-4.0,13.48731803894043,1.002044193621364,13.561616659164429
12786.802294418356,2473.559788478308,13.635706424713135,-4.0,13.565640926361084,0.9999184831231009,13.671791315078735
12735.280176163873,2418.653210370628,13.713303446769714,-4.0,13.674823760986328,1.0009972018834137,13.790753602981567
12818.702549620397,2472.9697837582703,13.83379077911377,-4.0,13.795725584030151,0.9976129861647857,13.973945379257202
12712.47967455284,2418.4432057505264,14.01446545124054,-4.0,13.975909948348999,1.0028373691804175,14.049002170562744
12741.23822371467,2471.9274157822474,14.09397840499878,-4.0,14.054989576339722,0.9988397643627882,14.1289381980896
12757.65515310306,2417.9183583671675,14.170418977737427,-4.0,14.13093638420105,0.9962804512255758,14.204901933670044
12765.676594059563,2471.414828488971,14.249906301498413,-4.0,14.209923028945923,0.9980465888037349,14.322925090789795
12726.154523090463,2416.518330366607,14.363977670669556,-4.0,14.325890064239502,1.0004366911550158,14.511907815933228
12752.689268824883,2470.8872962110736,14.554962754249573,-4.0,14.516905069351196,0.9962910268996967,14.589991569519043
12704.566795902714,2415.6507286653023,14.6320298910141,-4.0,14.592019319534302,0.9977716212765964,14.667103290557861
12769.251077004308,2469.469877879512,14.711090683937073,-4.0,14.672098398208618,0.9969890213916636,14.745058059692383
12718.79253222824,2415.5155568578075,14.787561774253845,-4.0,14.74805498123169,0.9985436454874084,14.869128942489624
12797.376784260707,2469.1048146288877,14.913228750228882,-4.0,14.874157905578613,0.9980994671743384,15.047710418701172
12739.218480462012,2414.540363509088,15.090169787406921,-4.0,15.050678491592407,0.9971582321775951,15.124632835388184
12733.96366981835,2468.8223441117207,15.166138410568237,-4.0,15.128661870956421,1.0021816773849332,15.201587677001953
12711.87966135255,2414.2631137885032,15.243153095245361,-4.0,15.204592943191528,0.9976129861647857,15.277649641036987
12709.876259257555,2468.304809828859,15.32167673110962,-4.0,15.281614780426025,0.9982157995896663,15.400795459747314
12698.192058417344,2413.245504646607,15.443081259727478,-4.0,15.403783559799194,0.9947892811745555,15.589726448059082
12774.863874319371,2468.252341261706,15.632259964942932,-4.0,15.594685316085815,0.9953920945994361,15.666777849197388
12703.379474348436,2413.083087827932,15.709248900413513,-4.0,15.669766426086426,0.9964179349891451,15.74472713470459
12742.47645485873,2466.444798668792,15.78971815109253,-4.0,15.751719951629639,0.9981840725673041,15.823710918426514
12703.554071081422,2412.4782495649915,15.86576247215271,-4.0,15.826709032058716,0.9953815189253153,15.947759866714478
12779.953359440315,2466.2695952351432,16.032397866249084,-4.0,15.953731775283813,1.0013779261517595,16.212953805923462
12711.041509788687,2411.575819940579,16.258049249649048,-4.0,16.21497917175293,0.9973591699858886,16.292157411575317
12716.127161271612,2465.664656646566,16.336194038391113,-4.0,16.296155214309692,1.0012087153658278,16.371266841888428
12697.953959079181,2410.7782155643113,16.412367939949036,-4.0,16.373265743255615,0.9964073593150244,16.447448253631592
12783.353400240803,2465.9695916351,16.490569710731506,-4.0,16.45243763923645,0.9918809707913596,16.57375717163086
12699.728595114711,2410.6933924810646,16.615702629089355,-4.0,16.57572340965271,0.9982581022861491,16.808955669403076
12753.66579765537,2464.652040476526,16.853455185890198,-4.0,16.813985109329224,0.9958574242607474,16.8889102935791
12702.715946171083,2410.0709712065104,16.93093252182007,-4.0,16.89090847969055,0.9975072294235785,16.96588683128357
12791.866294261825,2463.982031766413,17.019867181777954,-4.0,16.971861839294434,0.9987657346439434,17.05481457710266
12686.590298854482,2409.806147092206,17.095884799957275,-4.0,17.056813716888428,0.998448464420322,17.16708254814148
12731.052772633273,2463.9595675148103,17.216185331344604,-4.0,17.17207956314087,0.9971476565034745,17.370532035827637
12699.503192051072,2409.4985519768315,17.411672711372375,-4.0,17.372535705566406,0.996206421506731,17.446753978729248
12731.440045840505,2463.2270954980504,17.49041485786438,-4.0,17.451719522476196,0.9974755024012164,17.525049448013306
12689.315718367212,2408.7509487661287,17.566211819648743,-4.0,17.528079509735107,0.9947469784780726,17.601386547088623
12694.465028045364,2462.562013306173,17.64297378063202,-4.0,17.605379104614258,0.9998973317748594,17.728512287139893
12694.403110449768,2408.0185282964526,17.76951825618744,-4.0,17.731473684310913,0.9969149916728186,17.9056556224823
12779.327793277931,2462.014620146201,17.948662877082825,-4.0,17.909618139266968,0.9972851402670435,17.983675003051758
12741.7548350967,2408.418168363367,18.025179147720337,-4.0,17.986671447753906,0.9967880835833701,18.06063175201416
12741.927419274192,2462.1246212462124,18.111603498458862,-4.0,18.067625761032104,0.9950430973534526,18.148581504821777
12689.815726867357,2407.360925135727,18.196067690849304,-4.0,18.15157651901245,0.9964708133597487,18.274511337280273
12753.040283443119,2460.987070857779,18.324979424476624,-4.0,18.28050422668457,0.9956141837559711,18.517580270767212
12672.515432762357,2406.730914425545,18.559149861335754,-4.0,18.520578145980835,0.9948210081969177,18.593659162521362
12721.12721127211,2460.9646096460965,18.638133883476257,-4.0,18.599655628204346,0.9963333295961795,18.67261552810669
12689.703035248565,2407.2085153362455,18.71314787864685,-4.0,18.674614429473877,0.9962064215067309,18.74765968322754
12758.640345043796,2460.8370692077615,18.79176151752472,-4.0,18.752655506134033,0.9966400241456801,18.867846727371216
12693.190397855966,2405.9060885913286,18.90933620929718,-4.0,18.87084174156189,0.9961218161137653,19.058852910995483
12684.81416332747,2460.222141999278,19.10589098930359,-4.0,19.06484866142273,0.9941018623567092,19.139930725097656
12669.928058705056,2405.303295459318,19.181474089622498,-4.0,19.14296245574951,0.9928010544398617,19.21701192855835
12738.440122841352,2459.3170524875773,19.25926387310028,-4.0,19.22101354598999,0.992018454554929,19.29448175430298
12727.203635258164,2404.928478855662,19.336538314819336,-4.0,19.297450304031372,0.9926529950021716,19.416595697402954
12737.078319096468,2459.0744270419787,19.461140751838684,-4.0,19.422592401504517,0.992420330171516,19.600579738616943
12698.441270384139,2404.845692068149,19.641665816307068,-4.0,19.602580070495605,0.9947152514557105,19.675753593444824
12716.927169271692,2458.414584145841,19.722257494926453,-4.0,19.680749654769897,0.994482586625055,19.75870633125305
12713.003408054528,2404.7884766156258,19.82482087612152,-4.0,19.76173448562622,0.9941547407273127,19.85889768600464
12752.878540299565,2458.26441570182,19.901872515678406,-4.0,19.862921714782715,0.9927693274174995,19.977829456329346
12696.003136050176,2403.8684618953903,20.020896315574646,-4.0,19.981821537017822,0.9930125679222759,20.15890407562256
12760.991414871223,2457.0368555528335,20.200396180152893,-4.0,20.160903692245483,0.9960054836984374,20.23489212989807
12763.491452371785,2417.226258393876,20.279345393180847,0,20.24089217185974,0.9932558084270522,20.314815759658813
12821.65385984632,2456.3294759537116,20.35587465763092,-4.0,20.31681251525879,0.992896235506948,20.389896154403687
12852.005632090113,2434.56895310325,20.436394214630127,-3.904,20.393891096115112,0.9973485943117679,20.509827613830566
12984.668800694408,2488.242347150513,20.552323579788208,-3.776,20.512829542160034,0.776454488952454,20.69284701347351
13249.298739481092,2499.3674905123576,20.73686110973358,-3.576,20.697870016098022,0.7247288668280509,20.771804809570312
13325.186552611738,2550.8457118399656,20.811941623687744,-3.272,20.773801803588867,0.6832933756231009,20.847008228302002
13411.51458423335,2539.8106369701914,20.88954532146454,-3.14,20.85100269317627,0.6574041253755977,20.92405128479004
13437.488124833748,2591.2462774478845,20.966541409492493,-3.012,20.927079677581787,0.6496944589415985,21.040250778198242
13576.417222675562,2589.611433782941,21.083711862564087,-2.884,21.045219659805298,0.5730313972405564,21.219416618347168
13620.490686869616,2655.9471832605655,21.259952187538147,-2.692,21.221386194229126,0.5823591418150245,21.294469356536865
13726.133344266851,2636.654823131993,21.337584018707275,-2.392,21.2994601726532,0.5812909987288326,21.372647523880005
13747.69246769455,2677.3074823047523,21.414233446121216,-2.268,21.37467885017395,0.5612183692477211,21.44978380203247
13871.808077121157,2652.5797886968303,21.49230682849884,-2.136,21.453781127929688,0.5160179380557974,21.571747541427612
13810.17953233392,2690.3049739646617,21.61332869529724,-2.008,21.574742317199707,0.24502686438667023,21.748903274536133
13703.391847485864,2646.567051938727,21.809141755104065,-1.804,21.75388479232788,0.2631747211778122,21.844376802444458
13792.306884603267,2669.7100456506846,21.88888156414032,-1.508,21.84740424156189,0.2779383622503263,21.923330068588257
13643.504652569787,2621.4693220398303,21.967429161071777,-1.348,21.928333520889282,0.28668444474815524,22.001506805419922
13665.404981074715,2635.609534143012,22.04270327091217,-1.216,22.003498792648315,0.2808995510041257,22.11966872215271
13575.590058260817,2570.645989043847,22.164695858955383,-1.088,22.125657320022583,0.07504405424446445,22.29980754852295
13278.999184987773,2545.768186522798,22.34143888950348,-0.892,22.30280637741089,0.09781348062635761,22.37600612640381
13308.486318808466,2480.8447318262456,22.41999614238739,-0.588,22.38000249862671,0.11276748383304455,22.45396900177002
13338.786743014403,2479.264709705936,22.4950190782547,-0.464,22.456990003585815,0.11904943426074754,22.530040979385376
13334.313349013582,2413.0386086177377,22.573225259780884,-0.332,22.53403663635254,0.1164795454494145,22.650480270385742
13354.40031600474,2388.0258203873054,22.690582036972046,-0.204,22.65244960784912,-0.0631059767943979,22.839953184127808
13137.983931775045,2307.4923048922687,22.885035157203674,-0.012,22.844916343688965,-0.06363476050043351,22.91911745071411
13082.856994283933,2354.818257819094,22.960611581802368,0.0,22.921148538589478,-0.0609168122514105,22.996073246002197
13070.009120145924,2290.6066497063953,23.0435471534729,0.0,23.00010085105896,-0.064057787465262,23.0820209980011
13052.295784436767,2339.5750936264044,23.122154235839844,0.0,23.084052562713623,-0.05940449085214866,23.19620418548584
12926.693900408505,2274.2941144117162,23.24831187725067,0.0,23.202207803726196,-0.04725304128745045,23.39945340156555
12787.791816877252,2317.324759871398,23.439947485923767,0.0,23.401453018188477,-0.049262419370385745,23.47441029548645
12753.516809785766,2257.5883790024427,23.517597913742065,0.0,23.479440212249756,-0.04727419263569187,23.552677154541016
12778.327783277833,2308.843088430884,23.595164895057678,0.0,23.55470061302185,-0.04795103577941745,23.63163137435913
12778.291674375116,2249.843747656215,23.673121333122253,0.0,23.6356258392334,-0.04579359825879217,23.744673490524292
12685.55222662672,2298.507582090985,23.786794543266296,0.0,23.747663974761963,-0.03964913159465844,23.922922372817993
12711.57796209147,2237.6813275385857,23.968404412269592,0.0,23.926908254623413,-0.038348323677810846,24.00287938117981
12710.49065735986,2288.414326214893,24.0488463640213,0.0,24.004863023757935,-0.03849638311550081,24.08882236480713
12591.426645679621,2230.310145582621,24.133434414863586,0.0,24.093820810317993,-0.03861271553082865,24.168018579483032
12586.251035012421,2282.4673896086756,24.209559559822083,0.0,24.170045137405396,-0.03855983716022508,24.291176795959473
12578.401254420072,2223.7155794492714,24.335121870040894,0.0,24.296141624450684,-0.037333058962222485,24.49202537536621
12571.925719257191,2270.8427084270843,24.54258966445923,0.0,24.49602460861206,-0.033166243358661904,24.584107637405396
12532.58798881983,2214.6432196482942,24.62765097618103,0.0,24.588096857070923,-0.034572808016716625,24.662187576293945
12483.437317810496,2266.084926934196,24.7037593126297,0.0,24.664207696914673,-0.03390654054711176,24.738255739212036
12485.787286809302,2210.3231548473227,24.78332245349884,0.0,24.74328351020813,-0.03241537049609135,24.86833906173706
12427.286991008938,2259.475816330714,24.920380115509033,0.0,24.87030863761902,-0.02640838759552687,25.055711030960083
12349.72229500131,2202.3196417535514,25.098708033561707,0.0,25.06070876121521,-0.03127319769105444,25.13270092010498
12355.623556235561,2253.692536925369,25.17478847503662,0.0,25.13569688796997,-0.02681026321211393,25.209843397140503
12385.185777786666,2198.1329719945797,25.254408717155457,0.0,25.214836835861206,-0.030131024886017536,25.288949489593506
12401.0240102401,2249.7824978249782,25.3290376663208,0.0,25.290948390960693,-0.027783225231219445,25.4011332988739
12401.086016290243,2194.3729155937335,25.456586837768555,0.0,25.405096769332886,-0.024504766253798688,25.600515842437744
12400.92400924009,2243.60243602436,25.641523480415344,0.0,25.60251212120056,-0.025594060688232036,25.67646884918213
12380.473326626574,2188.1606342488794,25.7195885181427,0.0,25.68147301673889,-0.025668090407077022,25.75465154647827
12377.723777237772,2240.372403724037,25.796181201934814,0.0,25.756673574447632,-0.024494190579677978,25.831753253936768
12315.147781773381,2184.976219714637,25.872902631759644,0.0,25.8357515335083,-0.02344719884172748,25.94699740409851
12375.248502982036,2236.9168430021164,25.98820722103119,0.0,25.95002055168152,-0.02475858243269578,26.13041591644287
12347.985219778297,2179.0826862402937,26.175894379615784,0.0,26.13738489151001,-0.023722166368865993,26.210434675216675
12319.698557588461,2231.5278522228177,26.257437825202942,0.0,26.21343755722046,-0.024991247263351446,26.296383142471313
12279.671915406816,2176.340468766563,26.33897888660431,0.0,26.300411462783813,-0.022897263787450446,26.373575687408447
12295.92295922959,2228.362283622836,26.415138483047485,0.0,26.376570224761963,-0.026302630854319747,26.49463129043579
12269.871778204895,2173.090423265926,26.537187814712524,0.0,26.49962592124939,-0.020644645199738767,26.698695182800293
12281.459658975567,2223.048899635695,26.739205241203308,0.0,26.700664281845093,-0.02454706895028154,26.77371311187744
12262.247146965765,2168.5960231522777,26.81725287437439,0.0,26.778684616088867,-0.022040634183672768,26.85179376602173
12300.123001230011,2220.822208222082,26.902434945106506,0.0,26.853764057159424,-0.023330866426399643,26.937050819396973
12305.535360888969,2165.7738235120587,26.981058955192566,0.0,26.94205641746521,-0.022135815250759174,27.05598783493042
12327.260254383307,2217.9188329448284,27.098065614700317,0.0,27.058980464935303,-0.01892081031806269,27.23313593864441
12294.235236587601,2162.083782921612,27.275622367858887,0.0,27.23712706565857,-0.018466056330872074,27.31114888191223
12310.647727772735,2213.05655667868,27.353197813034058,0.0,27.31417751312256,-0.018529510375596345,27.38819432258606
12267.634943984385,2159.2737520112723,27.435249090194702,0.0,27.39319109916687,-0.018085332062526438,27.470261335372925
12279.984199762996,2211.6031740476105,27.51123821735382,0.0,27.47225069999695,-0.01844490498263065,27.5892117023468
12258.32258322583,2156.931569315693,27.63326597213745,0.0,27.594215154647827,-0.018688145487407028,27.76827096939087
12268.159486073318,2207.33869540304,27.812427878379822,0.0,27.771263122558594,-0.01711237004342092,27.846592903137207
12259.83485818344,2154.863703500738,27.889663577079773,0.0,27.850592136383057,-0.020200466886668857,27.92474627494812
12295.82295822958,2205.512055120551,27.966735363006592,0.0,27.92674207687378,-0.015822137800694046,28.000715732574463
12262.334885683742,2151.9036709403804,28.04668390750885,0.0,28.004690408706665,-0.018624691442682754,28.119626760482788
12289.110601995419,2203.57983221849,28.163193583488464,0.0,28.1236252784729,-0.016742221449195998,28.29970645904541
12243.922439224392,2148.711487114871,28.342283129692078,0.0,28.303695917129517,-0.02053888845853165,28.376875400543213
12254.771566801935,2199.9107987511825,28.418444395065308,0.0,28.378904581069946,-0.016001924260746148,28.452964305877686
12255.822558225582,2146.171461714617,28.498008370399475,0.0,28.458951950073242,-0.01425693803082865,28.53204607963562
12202.834231176543,2197.5641732059053,28.5731920003891,0.0,28.535029888153076,-0.016911432235127394,28.650328636169434
12201.73421907641,2144.6735914095057,28.693426966667175,0.0,28.655325412750244,-0.015462564880589832,28.828693628311157
12227.571185996603,2194.520723290126,28.86970889568329,0.0,28.830655574798584,-0.01400312185193156,28.904708862304688
12192.334115675272,2141.8035598391584,28.949202299118042,0.0,28.909701824188232,-0.01424636235670794,28.983659982681274
12186.782801742025,2193.6729050935764,29.025638580322266,0.0,28.985665559768677,-0.013886789436603727,29.060616731643677
12158.058054754712,2141.1878354418604,29.103235125541687,0.0,29.06464433670044,-0.014912629826312801,29.18278956413269
12128.5697999772,2191.590682269552,29.223768830299377,0.0,29.184833526611328,-0.015726956733607633,29.366487741470337
12070.732778060557,2136.9035059385656,29.41054666042328,0.0,29.371482610702515,-0.014701116343898559,29.444589614868164
12106.769494772927,2189.360651049115,29.485641837120056,0.0,29.44758701324463,-0.014648237973294998,29.52063798904419
12080.608725478529,2135.55922003298,29.565143585205078,0.0,29.525638818740845,-0.012247559947893347,29.59959602355957
12118.657542548053,2187.478437219684,29.6406387090683,0.0,29.601622819900513,-0.011517838433564213,29.71464967727661
12097.945175342105,2134.0156081872983,29.779128789901733,0.0,29.731639623641968,-0.014161756963742242,29.916663646697998
12138.169934379082,2184.090577268082,29.9652818441391,0.0,29.925633430480957,-0.013548367864740939,29.99981188774109
12119.43331376645,2132.033452367976,30.057918310165405,0.0,30.008805751800537,-0.014013697526052271,30.093034744262695
12130.98196472947,2183.072746091191,30.140487551689148,0.0,30.1020290851593,-0.012279286970255484,30.17496109008789
12046.720467204672,2130.351303513035,30.22493577003479,0.0,30.184981107711792,-0.01264943556448041,30.305879592895508
12102.34522814274,2181.0661727940737,30.35393762588501,0.0,30.31387424468994,-0.011211143884063562,30.491129159927368
12074.032814360959,2127.3834012174134,30.542794346809387,0.0,30.500147104263306,-0.013537792190620226,30.579415321350098
12102.9573384454,2178.378318918146,30.628904104232788,0.0,30.58941078186035,-0.013812759717758742,30.66336703300476
12064.205091486554,2126.8261560446526,30.712544798851013,0.0,30.67249035835266,-0.016139408024315405,30.74856734275818
12109.657425546531,2177.238304097953,30.798620104789734,0.0,30.75756025314331,-0.014870327129829953,30.885621309280396
12050.056650736458,2124.2176148289927,30.93562614917755,0.0,30.894609451293945,-0.014235786682587227,31.0715012550354
12109.269529773417,2174.54044356621,31.160241842269897,0.0,31.080499410629272,-0.013463762471775243,31.23497986793518
12091.217641917554,2121.938194887508,31.282212495803833,0.0,31.2440025806427,-0.013929092133086575,31.316428661346436
12090.045080540967,2172.5260703128442,31.364922642707825,0.0,31.325414180755615,-0.011433233040598515,31.399380445480347
12097.629854967245,2119.850277155266,31.446391224861145,0.0,31.40736746788025,-0.011232295232304986,31.525421142578125
12110.96955357375,2170.290384065377,31.572575449943542,0.0,31.533416986465454,-0.012797495002170377,31.70965600013733
12088.281324219863,2117.7017655264826,31.7603657245636,0.0,31.71778154373169,-0.00960364141771532,31.79794692993164
12077.457006941091,2168.5181907364795,31.845617651939392,0.0,31.8069429397583,-0.00895852529635188,31.88023042678833
12056.556735237558,2116.137509787627,31.928719639778137,0.0,31.889255046844482,-0.014743419040381409,31.964181184768677
12084.057092742205,2168.178186316422,32.01143503189087,0.0,31.97318124771118,-0.013759881347155181,32.08760404586792
12069.856908139805,2115.3174991274886,32.13521409034729,0.0,32.09659814834595,-0.01299843281046391,32.27177715301514
12085.569197968773,2165.730320224483,32.32029688358307,0.0,32.280797481536865,-0.013083038203429606,32.355828046798706
12050.792812685004,2113.4238147810365,32.4023015499115,0.0,32.363826274871826,-0.011454384388839941,32.43777537345886
12060.456785938217,2165.0581457558947,32.48503541946411,0.0,32.44578003883362,-0.013040735506946757,32.52019190788269
12076.644919739038,2112.1353456241477,32.567689061164856,0.0,32.52821063995361,-0.013685851628310196,32.6511390209198
12088.269235769301,2163.260285643999,32.70070946216583,0.0,32.66013526916504,-0.010714087200390092,32.871739625930786
12046.916844503201,2109.767975823565,32.91968822479248,0.0,32.88073492050171,-0.010185303494354488,32.95566153526306
12069.756906839788,2161.7181023353305,33.00272881984711,0.0,32.96368670463562,-0.008408590242074854,33.036813497543335
12044.216795902326,2109.4779706034706,33.0852952003479,0.0,33.04580092430115,-0.010978479053407895,33.12075090408325
12056.232618558804,2159.7137568513253,33.16724514961243,0.0,33.12875580787659,-0.014732843366260696,33.24468016624451
12006.780101701526,2108.191622874343,33.29316997528076,0.0,33.2536735534668,-0.008524922657402685,33.428905963897705
12038.120381203811,2159.361593615936,33.47590672969818,0.0,33.43788933753967,-0.010386241302648019,33.5108482837677
12071.605217288694,2106.855816548881,33.56684219837189,0.0,33.51984357833862,-0.009233492823490397,33.60178899765015
12091.820918209181,2157.761577615776,33.649895787239075,0.0,33.61081671714783,-0.010777541245114364,33.684940338134766
12084.781271719075,2106.7816017240257,33.732916474342346,0.0,33.69396924972534,-0.011792805960702729,33.80686974525452
12101.521015210152,2156.061560615606,33.855860471725464,0.0,33.815871477127075,-0.007160660695830823,33.99288749694824
12135.582033730505,2105.3715805737083,34.04237377643585,0.0,34.001880407333374,-0.010111273775509504,34.07783484458923
12142.557853252092,2154.8380128941676,34.13730204105377,0.0,34.08682990074158,-0.009688246810681016,34.172780990600586
12127.969791577083,2103.1494440922174,34.22180128097534,0.0,34.18177533149719,-0.006653028338036642,34.25682330131531
12134.169878378298,2152.7301382219352,34.305899143218994,0.0,34.265817642211914,-0.008355711871471293,34.38396334648132
12100.069400971614,2101.239417351843,34.43259155750275,0.0,34.39198350906372,-0.007583687660659307,34.621493339538574
12107.569505973084,2151.5401215617017,34.66950833797455,0.0,34.629470348358154,-0.007213539066434384,34.70555543899536
12050.068700961814,2099.269389771457,34.75417244434357,0.0,34.71357607841492,-0.010576603436820833,34.789796590805054
12069.156899039688,2150.7079592034697,34.87182593345642,0.0,34.798823833465576,-0.009497884676508198,34.90785574913025
12087.957143442865,2098.3072779946137,34.9574019908905,0.0,34.91585183143616,-0.01133805197351211,35.04189395904541
12116.357512647664,2148.927936063169,35.100359082221985,0.0,35.05788493156433,-0.007996138951367082,35.23890280723572
12067.256874339366,2096.7072571943436,35.28849816322327,0.0,35.2479305267334,-0.008715284791575503,35.32409906387329
12062.468874564243,2147.9700715810022,35.371543645858765,0.0,35.33309507369995,-0.008302833500867732,35.40604329109192
12034.168478358697,2095.529337410724,35.46409809589386,0.0,35.41504716873169,-0.010301635909682319,35.498098850250244
12048.656632536222,2146.8179086328123,35.550124764442444,0.0,35.50711941719055,-0.007308720133520793,35.634140729904175
12025.792412678604,2094.7735163762623,35.68223762512207,0.0,35.64310550689697,-0.004812861041032734,35.81752634048462
12037.268521759306,2145.3200344804827,35.86457324028015,0.0,35.82651996612549,-0.008482619960919837,35.89860153198242
12051.856674136763,2093.4172144237873,35.94622719287872,0.0,35.907564878463745,-0.009794003551888138,35.98081684112549
12059.468832563656,2144.580024120338,36.027904629707336,0.0,35.98980140686035,-0.006600149967433081,36.06296896934509
12043.532478857267,2092.5730183032015,36.114956974983215,0.0,36.072962284088135,-0.008302833500867728,36.196922302246094
12094.957234444048,2143.2378620922073,36.244394421577454,0.0,36.205918073654175,-0.007700020075987139,36.38078546524048
12054.468762562676,2091.369279169908,36.43940830230713,0.0,36.38881182670593,-0.006282879743811719,36.473989725112915
12040.956532434922,2142.207848702033,36.5261127948761,0.0,36.484100341796875,-0.00505610154580911,36.5620641708374
12011.06815495417,2090.6792695097733,36.61007344722748,0.0,36.57104849815369,-0.006927995865175153,36.645007610321045
12040.532445856905,2141.73355906915,36.69249987602234,0.0,36.6540105342865,-0.005034950197567688,36.777209758758545
12027.356355632623,2089.6371652831485,36.82471239566803,0.0,36.78617215156555,-0.007245266088796519,36.959187030792236
12003.36804715266,2139.8499578994106,37.00643980503082,0.0,36.96816945075989,-0.006980874235778714,37.04165244102478
12031.392502280038,2088.573417174675,37.09010148048401,0.0,37.0496461391449,-0.003998534133737901,37.12457275390625
12015.232167553842,2139.0035290388196,37.181756258010864,0.0,37.133585929870605,-0.007520233615935037,37.216888666152954
11981.32764522526,2088.4296801639234,37.264392256736755,0.0,37.22491526603699,-0.008027865973729214,37.3378529548645
12020.820208202082,2138.0913809138087,37.388834953308105,0.0,37.346848249435425,-0.004707104299825612,37.52397060394287
11967.179507692616,2085.991289869348,37.572574734687805,0.0,37.532960414886475,-0.006208850024966732,37.607187032699585
11943.755268818495,2137.2777846112,37.66143441200256,0.0,37.615150928497314,-0.008440317264436985,37.702614545822144
11943.979159687395,2085.121276819152,37.74968111515045,0.0,37.711641788482666,-0.003935080089013627,37.784690618515015
11961.31961319613,2136.851368513685,37.83239471912384,0.0,37.792718172073364,-0.009762276529526003,37.917076587677
11941.979129686944,2084.511267669015,37.96424436569214,0.0,37.92510437965393,-0.007520233615935037,38.097424030303955
11907.31907319073,2135.1813518135177,38.14308476448059,0.0,38.10544300079346,-0.004738831322187748,38.17773222923279
11910.290564649034,2083.1933310932973,38.22570550441742,0.0,38.18672776222229,-0.005701217667172551,38.260650873184204
11910.831019141211,2134.54347997828,38.30820286273956,0.0,38.26864671707153,-0.006578998619191659,38.34273719787598
11880.278204173062,2083.1212468187023,38.391737937927246,0.0,38.351722955703735,-0.005257039354102641,38.46169137954712
11897.318973189731,2132.841328413284,38.510721921920776,0.0,38.47065544128418,-0.0045907718844977775,38.64595437049866
11901.278519177788,2082.3712355685334,38.693132162094116,0.0,38.654948234558105,-0.00010668605731584471,38.72726535797119
11920.395363162905,2132.127057016456,38.7808712720871,0.0,38.73625993728638,-0.005828125756621096,38.8214271068573
11887.2020824354,2081.235381001477,38.88792014122009,0.0,38.83045244216919,-0.005722369015413974,38.9243688583374
11909.907189164702,2132.1291891627025,38.97147989273071,0.0,38.93236494064331,-0.008133622714936336,39.05663800239563
11861.901652328088,2081.205380491468,39.10372304916382,0.0,39.0656316280365,-0.005912731149586792,39.27092003822327
11915.607240465164,2130.949178542607,39.318222641944885,0.0,39.278910398483276,-0.007202963392313671,39.35353350639343
11926.49082385318,2079.8632778124447,39.400558948516846,0.0,39.36155414581299,-0.006071366261397475,39.4356005191803
11934.819348193481,2129.871298712987,39.48120868206024,0.0,39.44359564781189,-0.005331069072947628,39.51681852340698
11905.390486247781,2078.563257012112,39.56497371196747,0.0,39.52581238746643,-0.0025708181274417645,39.650471210479736
11916.43108074189,2128.4234126575393,39.69954979419708,0.0,39.65946626663208,-0.002401607341510372,39.83470869064331
11854.677820167302,2077.42116131742,39.88288629055023,0.0,39.84270215034485,-0.0016190074565776737,39.91807675361633
11880.030680337484,2128.4034124375366,39.96634912490845,0.0,39.92719054222107,-0.0036072341912715515,40.00050163269043
11865.38984623754,2076.8232291716668,40.05602967739105,0.0,40.0094940662384,-0.0024862127344760683,40.09054207801819
11892.654604509858,2126.7176473294153,40.139041781425476,0.0,40.100531816482544,-0.004104290874945019,40.21250009536743
11862.801667628348,2075.855289539922,40.259031772613525,0.0,40.2204966545105,-0.006314606766173854,40.3935763835907
11866.830535135887,2126.7733945073396,40.440558195114136,0.0,40.40256595611572,-0.0056800663189311255,40.475523710250854
11931.90284234832,2083.975427582269,40.520997166633606,0,40.48052191734314,-0.005204160983499084,40.555447816848755
11910.34292411509,2119.325431905183,40.59863293170929,0.0,40.55944323539734,-0.003184207226443067,40.63385558128357
11907.714338858099,2091.9376548777877,40.675968408584595,-0.1,40.63785409927368,-0.004442712446807811,40.760032653808594
11913.754878813425,2135.377759910879,40.80317687988281,-0.232,40.76399517059326,0.17304882632110358,40.93740487098694
11965.39144626314,2136.3341813469015,40.98107647895813,-0.444,40.94138503074646,0.17785018237190692,41.0157425403595
12138.33352166874,2188.3140714547862,41.05742347240448,-0.74,41.01774764060974,0.16566700578484653,41.09193682670593
12154.570163982296,2176.060464846508,41.13641321659088,-0.868,41.09693741798401,0.156318109862137,41.170902729034424
12297.535272888003,2232.5745583201415,41.21243405342102,-0.996,41.172922134399414,0.14999385673795118,41.2909460067749
12390.585858787881,2239.7235958539377,41.335437178611755,-1.128,41.29694581031799,0.44928543435410395,41.50498175621033
12817.91536123825,2340.931068379615,41.55834233760834,-1.328,41.507007360458374,0.4749737467933137,41.593624114990234
12715.90345445527,2332.22731563705,41.638190388679504,-1.684,41.59861922264099,0.49018156617889774,41.67273306846619
12719.027190271901,2385.9438594385942,41.71322786808014,-1.832,41.674708127975464,0.5059816233152417,41.74875354766846
12840.305444887117,2374.307988927823,41.79142880439758,-1.964,41.75278115272522,0.5293961658184982,41.869051694869995
12867.728677286774,2436.1143611436114,41.91109383106232,-2.092,41.871049880981445,0.7138253468095968,42.047425270080566
12949.08128713802,2443.154204158858,42.092482924461365,-2.292,42.05242919921875,0.7283986257479381,42.12851071357727
12951.61656454908,2487.982391841527,42.169660210609436,-2.592,42.13053250312805,0.7274785420994361,42.204705476760864
12868.667292674803,2470.552117177523,42.25125074386597,-2.724,42.20869779586792,0.7172307138764661,42.28778290748596
13025.704205633645,2511.6600932807464,42.32882237434387,-2.852,42.29077386856079,0.6997808515772912,42.40085434913635
12739.678355496979,2494.7349262889684,42.446324586868286,-2.992,42.40584588050842,0.8667178675727318,42.585968017578125
12952.116569049122,2541.5528739758656,42.627042055130005,-3.18,42.58795785903931,0.9039336648035178,42.66204476356506
12968.568591391688,2515.8127055651726,42.70465683937073,-3.488,42.66604161262512,0.944332739944638,42.73923945426941
13087.317785860072,2552.582973246759,42.78079605102539,-3.616,42.74123787879944,0.9754781002301353,42.815319776535034
13127.883790373065,2527.565385915403,42.858933448791504,-3.744,42.820348262786865,0.9883909983315247,42.93152689933777
13194.431944319444,2560.2556025560257,42.97348880767822,-3.872,42.93452477455139,1.0677825839557107,43.10939860343933
13078.609257748125,2488.35981375702,43.16150963306427,-4.0,43.11441135406494,1.0675604947991757,43.20256948471069
13083.130831308312,2541.1654116541163,43.26268494129181,-4.0,43.204567432403564,1.0694112377703004,43.29976534843445
12994.49491742376,2480.0772011580175,43.343271017074585,-4.0,43.303791999816895,1.0662385355340867,43.378719329833984
13026.043286476153,2534.2078762866395,43.41874134540558,-4.0,43.3807487487793,1.0672009218790715,43.493683099746704
12972.30755692091,2473.0495687931007,43.53765630722046,-4.0,43.4986469745636,1.0432893226921414,43.67879796028137
12959.768476990199,2524.1228135965766,43.72040545940399,-4.0,43.68178939819336,1.0477205301487196,43.75499939918518
12931.132760389688,2465.4443779988037,43.799590706825256,-4.0,43.7590229511261,1.0481541327876691,43.83419394493103
12915.867906282781,2521.0327734260545,43.875855803489685,-4.0,43.83622193336487,1.048778097560791,43.91043043136597
12811.97936771115,2462.6544771626805,43.955955266952515,-4.0,43.91745948791504,1.0445478279125062,44.04066491127014
12759.35311223735,2515.5901870822454,44.086233735084534,-4.0,44.04367017745972,1.0389532963026493,44.22701120376587
12897.980571728005,2455.5643779012908,44.27945291996002,-4.0,44.23198175430298,1.035325840079245,44.31392788887024
12890.654687856255,2510.670128041537,44.354920387268066,-4.0,44.31595849990845,1.0381178180471133,44.38991618156433
12852.992794891923,2453.1467972019577,44.43393611907959,-4.0,44.393890380859375,1.0341519402518462,44.46796488761902
12867.3544082529,2508.7201046412556,44.509456157684326,-4.0,44.47096276283264,1.0339510024435525,44.58693242073059
12834.666850669057,2449.1218385839015,44.629947781562805,-4.0,44.59192371368408,1.0285891356643515,44.76851534843445
12830.7667999684,2503.6325472231138,44.80948328971863,-4.0,44.77047514915466,1.0329991917726886,44.84452700614929
12814.96659456573,2446.4118033534437,44.88699233531952,-4.0,44.84952402114868,1.0287371951020416,44.92146348953247
12790.42790427904,2500.6750067500675,44.96326792240143,-4.0,44.92448115348816,1.0288323761691278,44.99811124801636
12755.653067836814,2443.559322711873,45.04558575153351,-4.0,45.00208234786987,1.0304398786354763,45.13503289222717
12833.81550433954,2498.902490122411,45.1759979724884,-4.0,45.137017250061035,1.024062747140687,45.31139016151428
12730.778230895234,2440.294164118298,45.35547137260437,-4.0,45.31641888618469,1.023058058099219,45.38949918746948
12791.715125436129,2494.9424544820904,45.431474447250366,-4.0,45.39246582984924,1.027425811511073,45.46642351150513
12712.06525684834,2439.1317087122134,45.510027289390564,-4.0,45.470420837402344,1.0264951521884504,45.54460573196411
12744.240186642053,2493.437427811706,45.586798667907715,-4.0,45.54760956764221,1.0249828307891886,45.66593670845032
12663.75196502358,2437.089245070941,45.70889389514923,-4.0,45.66989874839783,1.0197055694029533,45.8457989692688
12695.388867722077,2490.5974341820393,45.88853216171265,-4.0,45.84979581832886,1.0199805369300918,45.923234939575195
12690.877672287412,2433.464068496959,45.96617925167084,-4.0,45.926199197769165,1.0217043718117678,46.00115728378296
12712.027120271203,2487.9048790487905,46.04463315010071,-4.0,46.00515389442444,1.0183307317672607,46.08011198043823
12673.67743148404,2433.044062616877,46.12066578865051,-4.0,46.08211016654968,1.019134483000435,46.196436643600464
12725.527255272553,2485.9748597485973,46.30273723602295,-4.0,46.20043325424194,1.020826590859749,46.5123188495636
12651.177116479632,2429.254009556134,46.55382239818573,-4.0,46.515310525894165,1.0191979370451592,46.58826804161072
12667.314005826054,2483.7923541311875,46.63886249065399,-4.0,46.59329676628113,1.0163319293584463,46.68139672279358
12606.001696027137,2427.9188467015474,46.72390377521515,-4.0,46.68339514732361,1.0150734241380814,46.75935244560242
12639.001112008897,2482.8398627189017,46.80235707759857,-4.0,46.76434659957886,1.0182249750260537,46.88531255722046
12610.76393993122,2426.221540880031,46.92590665817261,-4.0,46.887277603149414,1.0132967108858018,47.06200408935547
12629.66314831574,2480.872404362022,47.10803461074829,-4.0,47.06600069999695,1.0130534703810254,47.144083738327026
12589.676255467577,2424.64394501523,47.186734557151794,-4.0,47.14707326889038,1.0156973889112035,47.22133541107178
12613.60090880727,2478.5198281586254,47.2648731470108,-4.0,47.22633171081543,1.0136139811094234,47.299362659454346
12616.964020532267,2423.171501229516,47.33990931510925,-4.0,47.301353216171265,1.0134870730199745,47.415409564971924
12649.613846524619,2477.222295000655,47.458946108818054,-4.0,47.4194073677063,1.0108220031415551,47.64540410041809
12589.826616879105,2421.2335822044797,47.687442779541016,-4.0,47.64839839935303,1.0094894682023454,47.72148633003235
12660.78862552038,2475.9273314913207,47.76713311672211,-4.0,47.72748351097107,1.0127996542021283,47.80176377296448
12624.48936734051,2420.726310894663,47.845237731933594,-4.0,47.804760694503784,1.0118161165089021,47.88071966171265
12607.388251717763,2475.1273258912815,47.92375981807709,-4.0,47.884716272354126,1.010536459940296,48.008891344070435
12521.587823817355,2419.6862952944293,48.049660086631775,-4.0,48.01189088821411,1.0110863949945732,48.20827341079712
12559.538154919705,2472.6171987891867,48.26642668247223,-4.0,48.21327042579651,1.0101768870201917,48.30146622657776
12513.187697815465,2418.146272194083,48.3465918302536,-4.0,48.30349373817444,1.0081252062407735,48.383666038513184
12524.62524625246,2472.1547215472156,48.43613576889038,-4.0,48.387693643569946,1.0097750114036046,48.47061347961426
12500.900014400231,2416.7186674986797,48.51212155818939,-4.0,48.473613023757935,1.009172197978724,48.58661460876465
12521.437735815092,2470.6471771189485,48.63163888454437,-4.0,48.59160375595093,1.0097644357294842,48.767598390579224
12528.787931818977,2414.9962249433743,48.808141350746155,-4.0,48.769585609436035,1.0072262739405131,48.84266901016235
12539.912859215734,2470.182231640085,48.88673782348633,-4.0,48.84769606590271,1.0093837114611384,48.92175340652466
12516.27522785319,2414.453802353233,48.962828397750854,-4.0,48.92474889755249,1.0078396630395146,48.99686002731323
12556.013004117038,2469.6122265100385,49.03888130187988,-4.0,49.00085234642029,1.0050053823751635,49.11992931365967
12460.711832101144,2414.091039547672,49.16192018985748,-4.0,49.12190365791321,1.006898428042771,49.29779553413391
12605.100840806726,2467.2097376779016,49.34177529811859,-4.0,49.30179262161255,1.0049419283304393,49.376750230789185
12555.788336825051,2412.7461911928676,49.417258620262146,-4.0,49.378753662109375,1.0034084555829361,49.451706409454346
12596.613369520326,2466.432197889781,49.50019729137421,-4.0,49.455702781677246,1.0068138226498053,49.54066252708435
12535.425637661478,2411.7734119214147,49.59219193458557,-4.0,49.54265332221985,1.0072474252887544,49.665709018707275
12563.400507204056,2465.559724477796,49.710748076438904,-4.0,49.66970992088318,1.0062215848990455,49.848108768463135
12594.988924833873,2410.2161532422983,49.89007294178009,-4.0,49.850122690200806,1.0035670906947467,49.925050020217896
12632.601060808485,2464.8197185577483,49.967673778533936,-4.0,49.92907929420471,1.0059783443942691,50.00223517417908
12590.601449623193,2409.5285524568394,50.043473958969116,-4.0,50.0042462348938,1.005026533723405,50.07762408256531
12639.475836855021,2463.1047786286717,50.120134115219116,-4.0,50.082653284072876,1.002562401653279,50.19759225845337
12586.501384022145,2408.0685290964657,50.24378752708435,-4.0,50.200583696365356,1.0057668309118548,50.3779661655426
12628.61365752292,2461.692155229397,50.420568227767944,-4.0,50.381957054138184,1.0021393746884506,50.455177307128906
12620.627171289085,2407.6833383000894,50.4977285861969,-4.0,50.45817422866821,1.0046035067585763,50.53219127655029
12600.288202017415,2462.0372342606397,50.575183033943176,-4.0,50.53618860244751,1.003334425864091,50.61015462875366
12570.413697032849,2406.6609132355247,50.651307463645935,-4.0,50.612178325653076,1.003038306988711,50.72854137420654
12613.800910407283,2461.6796934375475,50.77328383922577,-4.0,50.73353910446167,1.000098269583153,50.958184003829956
12601.576422069907,2405.5436776114866,50.99921357631683,-4.0,50.96021628379822,1.0031863664264011,51.033238887786865
12613.900911207289,2459.879679037432,51.07731640338898,-4.0,51.03823804855347,1.0021182233402093,51.11140251159668
12563.688455326828,2404.8160722410835,51.15245521068573,-4.0,51.11439800262451,1.0017057720495013,51.18744969367981
12578.57547145283,2459.5647573885444,51.232499957084656,-4.0,51.19244885444641,1.002530674630917,51.30649995803833
12553.28829932449,2404.426066390996,51.347978711128235,-4.0,51.30946612358093,1.0020759206437262,51.483760833740234
12571.062855314274,2457.4622873114363,51.52480661869049,-4.0,51.48574733734131,0.9996117885736002,51.558828830718994
12499.374991249879,2403.5736500311004,51.614991903305054,-4.0,51.56385779380798,1.0019067098577947,51.65013027191162
12563.475380852286,2457.6347458084747,51.69527208805084,-4.0,51.65212893486023,1.0055553174294405,51.73342704772949
12539.488092321384,2403.3360500407503,51.77960169315338,-4.0,51.73941683769226,0.9982157995896662,51.8541305065155
12568.475410852465,2456.2547375284253,51.896742939949036,-4.0,51.85715055465698,0.9991358832381683,52.033525228500366
12532.300516808267,2401.7084273348373,52.07854413986206,-4.0,52.03951668739319,0.9982898293085112,52.11359691619873
12586.425864258643,2455.8745587455874,52.155102133750916,-4.0,52.1155948638916,0.9994108507653067,52.19064140319824
12520.187802817043,2401.2060180902713,52.23290467262268,-4.0,52.19464635848999,1.0039055122666096,52.26813364028931
12552.100416803334,2455.31964255714,52.32708430290222,-4.0,52.270100355148315,0.9989772481263576,52.40027093887329
12478.812139806376,2400.9708165038805,52.44480109214783,-4.0,52.40626263618469,0.9992733670017375,52.58330726623535
12509.187564312952,2454.057178400249,52.624815702438354,-4.0,52.585307121276855,0.9976658645353893,52.65929579734802
12473.487102306533,2399.24598868983,52.702478647232056,-4.0,52.66326713562012,0.9987974616663053,52.73669719696045
12485.28739701178,2454.117178820252,52.77972388267517,-4.0,52.74069809913635,0.9992839426758582,52.81376576423645
12468.587028805432,2399.1659874898123,52.85777425765991,-4.0,52.818787813186646,0.9991358832381683,52.93072438240051
12473.299786398291,2453.0696245569966,52.97184991836548,-4.0,52.932695627212524,0.9983955860497185,53.108556509017944
12429.361581700561,2397.7711710252233,53.15760898590088,-4.0,53.1155366897583,0.99797255908489,53.19265961647034
12449.324493244932,2452.2845228452284,53.234196186065674,-4.0,53.194610595703125,0.9953920945994361,53.26867723464966
12413.91103648762,2398.2207697530857,53.31218159198761,-4.0,53.27367329597473,1.0012192910399484,53.34669375419617
12462.63708900798,2451.906970976681,53.38775050640106,-4.0,53.348716497421265,0.9984273130720805,53.46282768249512
12415.886238293575,2396.705950589259,53.505913972854614,-4.0,53.46679949760437,0.9966505998198009,53.674352169036865
12480.799846398771,2450.6796054368433,53.715546011924744,-4.0,53.67729139328003,0.9986917049250983,53.74977135658264
12447.374263239686,2395.733540269564,53.79291605949402,-4.0,53.75373935699463,0.9982475266120283,53.82806205749512
12466.824668246682,2450.4645046450464,53.87105417251587,-4.0,53.830092668533325,0.9985859481838912,53.9080171585083
12418.949027388331,2396.328755945072,53.950554847717285,-4.0,53.91201448440552,0.9970418997622672,54.02622604370117
12451.224512245122,2450.004500045,54.06721746921539,-4.0,54.02922344207764,0.995212308139384,54.21511721611023
12419.573874034237,2394.223519129268,54.27013063430786,-4.0,54.22108197212219,1.0004789938514986,54.30515933036804
12500.012500112502,2448.652037868341,54.34731423854828,-4.0,54.30815410614014,0.9947787055004348,54.381449460983276
12465.862056206732,2394.421127474657,54.42595613002777,-4.0,54.38741660118103,0.9964390863373865,54.4604926109314
12481.62481624816,2448.2744827448273,54.50166380405426,-4.0,54.46352219581604,0.9954132459476775,54.588780879974365
12440.136841505257,2394.306337369711,54.63177680969238,-4.0,54.59380340576172,0.9966294484715594,54.765704870224
12489.949879398553,2447.319367832414,54.80745244026184,-4.0,54.768670082092285,0.992642419328051,54.84217405319214
12469.374571243998,2393.663511289158,54.885276198387146,-4.0,54.84616994857788,0.9939432272448986,54.920342206954956
12500.850010200124,2446.9393632723595,54.96139597892761,-4.0,54.92234778404236,0.9950854000499354,54.995423316955566
12467.049604595257,2393.048716584599,55.0385285615921,-4.0,54.99941849708557,0.9966505998198009,55.1196186542511
12525.93778531564,2446.8369152060673,55.162590980529785,-4.0,55.123616218566895,0.9965977214491973,55.29991054534912
12468.83715720873,2391.7163088793977,55.34338021278381,-4.0,55.30487823486328,0.9928116301139824,55.377838134765625
12495.162437111683,2445.911796853359,55.41793882846832,-4.0,55.37985944747925,0.9947998568486762,55.45303392410278
12448.94938739265,2392.128705544467,55.496272802352905,-4.0,55.457029581069946,0.9944191325803305,55.530484437942505
12464.612181509634,2445.7820120381084,55.57097685337067,-4.0,55.53248190879822,0.9954238216217982,55.65041542053223
12407.324073240732,2391.1039110391102,55.69500374794006,-4.0,55.65640950202942,0.9962381485290931,55.829803705215454
12455.624556245562,2445.414454144541,55.87132382392883,-4.0,55.83276963233948,0.9934990489318286,55.905850648880005
12375.360879691436,2390.77108002404,55.94840347766876,-4.0,55.91084623336792,0.9945777676921412,55.98392844200134
12406.648879786559,2443.869326431917,56.02523684501648,-4.0,55.98593544960022,0.995434397295919,56.06051707267761
12389.46106299382,2390.1110714439287,56.105523228645325,-4.0,56.0645477771759,0.9963227539220588,56.18244695663452
12439.624396243962,2443.864438644386,56.22430241107941,-4.0,56.1854453086853,0.9947046757815898,56.37204384803772
12386.361022693294,2389.631065203848,56.41462063789368,-4.0,56.37603735923767,0.9914473681524104,56.44911789894104
12457.299658397267,2443.6295490363923,56.49269950389862,-4.0,56.45211601257324,0.9950325216793319,56.52825117111206
12375.448505382066,2389.688676264115,56.572303891181946,-4.0,56.53324818611145,0.9930548706187587,56.60633587837219
12403.624036240362,2443.2644326443265,56.648332476615906,-4.0,56.6093316078186,0.9897552602930966,56.72826099395752
12385.336238698626,2387.816265978926,56.78981053829193,-4.0,56.73326349258423,0.9953920945994361,56.92530298233032
12406.999255994047,2442.329538636309,56.966418504714966,-4.0,56.92726731300354,0.994218194772037,57.000564098358154
12352.323523235233,2387.4738747387473,57.04455518722534,-4.0,57.00555920600891,0.9922405437114639,57.07952642440796
12403.474420846525,2441.2146472878835,57.12002646923065,-4.0,57.08151578903198,0.9953074892064705,57.15447425842285
12394.52394523945,2387.2638726387263,57.19757127761841,-4.0,57.158504486083984,0.9959737566760754,57.275681257247925
12438.311944807505,2442.22197999782,57.31670701503754,-4.0,57.27764844894409,0.9956247594300918,57.45291495323181
12425.56153229992,2386.9910308834014,57.49647009372711,-4.0,57.45694446563721,0.99054843585215,57.53400230407715
12467.187270310893,2441.2570887996217,57.575517773628235,-4.0,57.535993814468384,0.992970265225793,57.60995078086853
12416.46141399838,2386.941030233393,57.65292465686798,-4.0,57.61394810676575,0.991246430344117,57.687904834747314
12449.562247811238,2440.41220206101,57.7294716835022,-4.0,57.68990421295166,0.9937951678072086,57.807990312576294
12403.248838986068,2386.188634263611,57.850995659828186,-4.0,57.811986446380615,0.9940701353343471,57.98626112937927
12491.274947649685,2440.2046412278473,58.02741277217865,-4.0,57.98825526237488,0.9913627627594448,58.06246018409729
12417.873850233904,2386.3034082477157,58.105557799339294,-4.0,58.066489458084106,0.9880102740631791,58.1396222114563
12422.46211231056,2440.002200011,58.18072831630707,-4.0,58.142627477645874,0.9925155112386024,58.21579694747925
12399.761196895559,2385.141006833089,58.258771896362305,-4.0,58.21979355812073,0.9915425492194969,58.33872437477112
12446.699573596588,2439.809518476148,58.37980759143829,-4.0,58.340723514556885,0.9915954275901004,58.52397108078003
12423.898782380518,2384.228147650362,58.56810534000397,-4.0,58.527974128723145,0.990178287257925,58.603271484375
12433.699469595756,2438.919511356091,58.64277958869934,-4.0,58.60530114173889,0.9923674518009125,58.67723560333252
12391.685875288129,2384.2957644364665,58.72226703166962,-4.0,58.68222618103027,0.989702381922493,58.75631141662598
12413.999311994496,2438.559508476068,58.79778265953064,-4.0,58.75933361053467,0.9915319735453761,58.86923813819885
12344.58516877753,2384.205763086446,58.91135501861572,-4.0,58.87324142456055,0.9910454925358235,59.05644130706787
12448.236930606236,2437.3668110349213,59.11053812503815,-4.0,59.059457778930664,0.9918386680948768,59.14557671546936
12336.135697492673,2384.076224838473,59.188072204589844,-4.0,59.1495680809021,0.9903792250662186,59.223528146743774
12394.17436504619,2436.844621067726,59.265629291534424,-4.0,59.2255322933197,0.9919973032066876,59.30073070526123
12388.261047393617,2383.0409795327337,59.34488809108734,-4.0,59.304731369018555,0.9902734683250114,59.414000272750854
12397.811580304224,2437.5619380574426,59.45710790157318,-4.0,59.41800355911255,0.9905695872003913,59.592493534088135
12330.484957274359,2382.3557353360297,59.652607440948486,-4.0,59.59649085998535,0.9894697170918373,59.687772274017334
12414.936564302207,2436.986806854876,59.7312388420105,-4.0,59.689770460128784,0.988602511813939,59.76871705055237
12368.7484249811,2382.298587583051,59.83617162704468,-4.0,59.77272295951843,0.9907599493345642,59.87063550949097
12415.324153241532,2435.9643596435963,59.91167199611664,-4.0,59.87366437911987,0.9933192624717766,59.99262523651123
12373.67323142524,2382.3233525269357,60.03617739677429,-4.0,59.99762177467346,0.9911618249511513,60.198763847351074
12372.848474181692,2435.7292287507453,60.240309953689575,-4.0,60.20175290107727,0.9892159009129403,60.274832010269165
12314.072397013559,2382.3033522469314,60.31739914417267,-4.0,60.278828382492065,0.9922828464079467,60.35190939903259
12334.42334423344,2435.3543535435356,60.392481088638306,-4.0,60.35393977165222,0.9909714628169785,60.42699933052063
12281.121060179083,2382.032876591779,60.47113919258118,-4.0,60.43198585510254,0.9891947495646988,60.541263580322266
12331.760312884067,2434.3416464414036,60.619545578956604,-4.0,60.54426097869873,0.989554322484803,60.80788612365723
12357.110070871204,2394.3007031119528,60.85240614414215,0,60.81386709213257,0.9885919361398183,60.8869206905365
12409.536504901555,2433.6967706644773,60.92841696739197,-4.0,60.88995003700256,0.9863075905297445,60.962876319885254
12427.686415296228,2411.6561748426225,61.007383704185486,-3.9,60.96788001060486,0.9881900605232312,61.04286193847656
12601.651219814637,2455.7094685136226,61.08539056777954,-3.776,61.04482841491699,0.9894802927659581,61.16400909423828
12710.890663359949,2449.186737801067,61.208025217056274,-3.644,61.16900706291199,0.6617190004168483,61.34503650665283
13040.169522203787,2537.8529920888973,61.42668068408966,-3.44,61.34800720214844,0.6651455188319589,61.50232934951782
13073.109169746718,2539.2906286500584,61.54489254951477,-3.136,61.506325006484985,0.675361620032567,61.57943654060364
13196.971560630289,2587.933643137361,61.62110471725464,-2.876,61.582459926605225,0.6993155219159798,61.65574908256531
13254.912078593257,2574.9211987391795,61.701725125312805,-2.748,61.659770488739014,0.7297734633836307,61.774680614471436
13368.573791459288,2628.674172764246,61.81769418716431,-2.62,61.77866864204407,0.44174497870603624,61.952728033065796
13480.302204533067,2620.9393140897114,61.99576795101166,-2.42,61.956721782684326,0.45581062528658334,62.02980875968933
13589.390251463523,2659.147228061193,62.07186543941498,-2.124,62.03281545639038,0.4632770512158061,62.106887102127075
13623.817981087697,2632.172114753836,62.14989459514618,-1.996,62.11088943481445,0.4629069026215812,62.18485403060913
13644.977384706002,2663.324623220102,62.225987792015076,-1.868,62.18687105178833,0.4545098173697357,62.30702471733093
13443.015088241411,2622.951967231476,62.35160946846008,-1.736,62.31201481819153,0.14265433889817697,62.48626351356506
13381.373957861451,2628.4641700342104,62.526347279548645,-1.532,62.4882378578186,0.15614889907620563,62.56140065193176
13300.312805004882,2579.631274100386,62.606067180633545,-1.232,62.56643009185791,0.1722450750879295,62.639732122421265
13286.27272154538,2589.8436679676834,62.680678844451904,-1.108,62.641698598861694,0.18362450044181572,62.715656042099
13315.213043408694,2537.4405990495848,62.75816309452057,-0.98,62.71965956687927,0.1963681877572738,62.836589097976685
13145.55774669296,2530.500366004392,62.87813436985016,-0.852,62.83958387374878,0.010722804242293361,63.01675200462341
13151.510424166787,2423.168770700331,63.05986559391022,-0.648,63.02074933052063,0.034951673652844815,63.09496068954468
13230.271993535916,2421.271476529195,63.136489152908325,-0.348,63.09795951843262,0.05121706045050005,63.17099571228027
13326.199892998393,2350.8852632789494,63.21353340148926,-0.216,63.1749951839447,0.05965644839882831,63.249051094055176
13271.672531742912,2358.5806615486,63.30154526233673,-0.092,63.2510404586792,0.055383876054060616,63.38499736785889
13134.410150562408,2286.4065825053203,63.428006410598755,0.0,63.38899326324463,-0.059668882705166466,63.56465029716492
13106.770388015042,2322.360190682479,63.60568392276764,0.0,63.566650390625,-0.05849498287776742,63.63969421386719
13009.882138349936,2260.941653183145,63.685203433036804,0.0,63.644691944122314,-0.06177344185518818,63.71971917152405
13058.169756206831,2309.4300225902934,63.76218938827515,0.0,63.72170972824097,-0.059732336749890744,63.79666996002197
12954.307268916302,2249.2059872957966,63.83973526954651,0.0,63.80166816711426,-0.06267237415544871,63.91590642929077
12922.842151263665,2296.2252584778435,63.957924008369446,0.0,63.917872190475464,-0.04613201983065496,64.09608459472656
12867.480144722027,2232.4312540375568,64.13959980010986,0.0,64.10008192062378,-0.046079141460051404,64.17404174804688
12886.180406525693,2281.7419443872213,64.21702480316162,0.0,64.17603969573975,-0.04580417393291289,64.25098967552185
12836.20537928607,2224.7755964095427,64.29953730106354,0.0,64.25498390197754,-0.048352911396004505,64.3380606174469
12832.466822068685,2272.869547304115,64.39402830600739,0.0,64.34005951881409,-0.048839392405557264,64.4790689945221
12816.905070481129,2214.4554312869004,64.52209115028381,0.0,64.48409795761108,-0.039014591147415706,64.65950989723206
12775.453305439667,2260.6071272855274,64.70653331279755,0.0,64.66149306297302,-0.03935301271927849,64.74856805801392
12736.616522480881,2205.557494477406,64.79183626174927,0.0,64.75256443023682,-0.04071727468085036,64.82701826095581
12686.152233826808,2255.8170698048375,64.86950969696045,0.0,64.83001518249512,-0.038475231767259394,64.90397524833679
12702.190532857992,2199.3529902948544,64.94796681404114,0.0,64.90800261497498,-0.041045120578592435,65.02490425109863
12700.652407828895,2248.7569850838213,65.06698632240295,0.0,65.02790403366089,-0.038009902105948054,65.20299649238586
12576.376069264972,2190.800671209397,65.24613988399506,0.0,65.20701146125793,-0.03479489717325157,65.28029131889343
12602.251227014725,2241.4268971227657,65.32145035266876,0.0,65.28229141235352,-0.03372675408705965,65.35642623901367
12593.7889068336,2186.102791541873,65.3990318775177,0.0,65.36041498184204,-0.03221443268779782,65.43464732170105
12598.238580624387,2237.5646132107454,65.47576487064362,0.0,65.43664622306824,-0.033324878470472594,65.55688667297363
12601.501624025983,2181.154898478376,65.60191643238068,0.0,65.56388235092163,-0.03241537049609135,65.73690819740295
12548.575680059523,2229.7112159570233,65.77905869483948,0.0,65.73889541625977,-0.03209810027246998,65.8132221698761
12540.400646410344,2175.3348053568857,65.856729388237,0.0,65.81725287437439,-0.031178016623968033,65.8912103176117
12509.250111001335,2225.1767021204255,65.93226218223572,0.0,65.89317560195923,-0.033610421671731824,65.96726703643799
12469.187037805566,2171.222568338525,66.00987184047699,0.0,65.97125458717346,-0.030702111288535987,66.08743357658386
12508.450101401218,2221.196654359853,66.12742471694946,0.0,66.08943200111389,-0.027169836132218142,66.27644062042236
12448.83693720631,2164.933814271957,66.32003235816956,0.0,66.28143763542175,-0.02636608489904402,66.35556840896606
12507.775108851523,2216.1610262543677,66.39654576778412,0.0,66.35756635665894,-0.028491795397307156,66.43053197860718
12460.674449442293,2162.4002736038306,66.47363531589508,0.0,66.43552803993225,-0.02651414433673399,66.50872540473938
12505.425054250542,2212.452124521245,66.5500385761261,0.0,66.51072406768799,-0.025742120125922006,66.63544249534607
12383.298132770124,2157.8145250324005,66.67751586437225,0.0,66.63943719863892,-0.026292055180199038,66.81760954856873
12441.049292591513,2207.3364880378563,66.8585901260376,0.0,66.81961584091187,-0.02606996602366408,66.89356517791748
12434.598953583258,2154.314469031505,66.93660581111908,0.0,66.89759588241577,-0.024208647378418748,66.97067427635193
12460.549526594321,2204.7264567174807,67.0121179819107,0.0,66.97364044189453,-0.026545871359096126,67.04759883880615
12433.474068636962,2152.1301298218173,67.09507358074188,0.0,67.05260252952576,-0.023880801480676672,67.16552996635437
12474.249690996294,2201.6764201170417,67.20751225948334,0.0,67.16852903366089,-0.024272101423143025,67.34364199638367
12393.67351142916,2146.7000538007533,67.40968227386475,0.0,67.34764504432678,-0.023923104177159524,67.44470191001892
12386.186703306925,2197.675383727686,67.48630392551422,0.0,67.44670224189758,-0.025900755237732685,67.52090740203857
12351.297620761932,2144.6643146290344,67.56872010231018,0.0,67.52587151527405,-0.021469547781154313,67.60450839996338
12373.936113297246,2195.1441465856124,67.64459180831909,0.0,67.60650491714478,-0.026133420068388355,67.72666072845459
12379.898078369255,2141.2842605481687,67.769770860672,0.0,67.73165035247803,-0.023616409627658874,67.90514326095581
12369.73606709674,2191.214103355137,67.96359348297119,0.0,67.90814113616943,-0.024293252771384447,67.99806690216064
12333.560336284372,2137.557788251247,68.0420343875885,0.0,68.00208878517151,-0.019068869755752664,68.0790114402771
12414.736562102184,2188.544073984814,68.12006723880768,0.0,68.08200907707214,-0.02135321536582648,68.15508985519409
12336.872716218028,2135.319894478523,68.20009517669678,0.0,68.16109418869019,-0.02325683670755466,68.27502393722534
12383.923839238392,2186.271862718627,68.3171615600586,0.0,68.27802515029907,-0.020845583008032298,68.47642946243286
12346.097537560601,2131.4741035856573,68.51950085163116,0.0,68.48046040534973,-0.021945453116586355,68.5535147190094
12352.52352523525,2182.391823918239,68.59661197662354,0.0,68.55652213096619,-0.020528312784410935,68.63071203231812
12344.897518360294,2130.4040864653834,68.67223930358887,0.0,68.63470935821533,-0.020263920931393134,68.70679068565369
12336.898695189562,2181.0774486195887,68.74895250797272,0.0,68.70975852012634,-0.017968999647198603,68.82197570800781
12297.959873478356,2128.727673459755,68.865061044693,0.0,68.82694101333618,-0.019840893966564646,69.00130939483643
12318.635504990556,2177.943957383531,69.04347169399261,0.0,69.00328135490417,-0.016329770158488223,69.07763290405273
12319.572474014636,2125.259753636551,69.1221992969513,0.0,69.08163547515869,-0.018624691442682754,69.15871238708496
12322.835551191063,2174.503919543115,69.23070478439331,0.0,69.16071009635925,-0.019629380484150402,69.26467823982239
12321.184817772266,2123.0518457776866,69.30774104595184,0.0,69.26867866516113,-0.014510754209725743,69.38480973243713
12313.24775897311,2172.666071992864,69.42685723304749,0.0,69.38683772087097,-0.018582388746199906,69.56284785270691
12299.921398585175,2119.818156726821,69.61904513835907,0.0,69.56784439086914,-0.01664704038210959,69.65325450897217
12296.135257487833,2170.3838742226167,69.69679629802704,0.0,69.65725374221802,-0.015198173027572029,69.73131036758423
12290.508938651956,2118.046006782115,69.77230083942413,0.0,69.73333954811096,-0.01729215650347303,69.80726504325867
12289.435183787022,2169.043859482454,69.85239398479462,0.0,69.814293384552,-0.01560004864415909,69.93247771263123
12285.421137580477,2116.4180955257193,69.97348892688751,0.0,69.93544840812683,-0.020337950650238114,70.10979056358337
12322.035542390966,2165.733823072054,70.17072224617004,0.0,70.11375522613525,-0.017567124030611544,70.20670175552368
12309.509261657447,2113.965937420936,70.2491968870163,0.0,70.20973300933838,-0.019534199417063997,70.28365707397461
12306.510758596829,2163.889475005275,70.3297119140625,0.0,70.28965377807617,-0.019735137225357524,70.36373567581177
12274.596393542297,2112.603801660827,70.40472674369812,0.0,70.36576557159424,-0.015018386567519923,70.4787027835846
12275.335028685317,2161.6637783015613,70.52616024017334,0.0,70.4846658706665,-0.013326278708205984,70.66384840011597
12246.320433767807,2109.9079783436105,70.70678734779358,0.0,70.66681170463562,-0.014732843366260694,70.74176573753357
12237.722377223772,2160.221602216022,70.78631949424744,0.0,70.74779438972473,-0.015959621564263303,70.8208520412445
12213.532057109087,2108.5800630211975,70.86358892917633,0.0,70.82387351989746,-0.017746910490663646,70.89929246902466
12312.410811697306,2158.6694280248526,70.96425378322601,0.0,70.90330290794373,-0.017926696950715755,71.04120802879333
12222.307779232246,2106.6358128088177,71.08420097827911,0.0,71.04519581794739,-0.013643548931827348,71.21910333633423
12278.135059485654,2155.613711750829,71.26371729373932,0.0,71.22408556938171,-0.013474338145895954,71.29929852485657
12253.171544401623,2104.8094673325427,71.34226596355438,0.0,71.30229020118713,-0.01652013229266104,71.37724733352661
12289.735187087059,2154.4736992106914,71.42222821712494,0.0,71.38324761390686,-0.013347430056447408,71.45721125602722
12293.28439926599,2104.101561523423,71.4996976852417,0.0,71.46019744873047,-0.012088924836082668,71.57313585281372
12311.647739772878,2153.2758393100717,71.6167620420456,0.0,71.57716226577759,-0.01475399471450212,71.75240540504456
12289.184337765066,2101.071516072741,71.79638862609863,0.0,71.75539779663086,-0.011835108657185577,71.83137702941895
12300.372205210873,2151.0301144216023,71.87583696842194,0.0,71.83634901046753,-0.013929092133086575,71.91030788421631
12231.071234997291,2100.1394019516274,71.95139813423157,0.0,71.91231417655945,-0.01655185931502318,71.98548793792725
12233.346800161602,2150.1758021096257,72.0311084985733,0.0,71.9904899597168,-0.013188794944636727,72.10261917114258
12224.483367250508,2098.6414796221943,72.14459383487701,0.0,72.1046245098114,-0.014563632580329304,72.30965757369995
12263.783956759351,2147.5322129831948,72.35226464271545,0.0,72.31365013122559,-0.015219324375813453,72.38687872886658
12219.871078195096,2096.8793563109884,72.42894673347473,0.0,72.38988542556763,-0.011126538491097867,72.46396017074585
12213.446561358738,2146.0357524290293,72.50706958770752,0.0,72.46795773506165,-0.013009008484584621,72.54116034507751
12189.482842242633,2095.791436871553,72.58231544494629,0.0,72.5431547164917,-0.01485975145570924,72.66543984413147
12245.759194869532,2145.26788848255,72.71143007278442,0.0,72.67243695259094,-0.012839797698653227,72.85062789916992
12251.671523401328,2093.6393109503533,72.8921058177948,0.0,72.85362696647644,-0.009043130689317579,72.9275815486908
12288.647463769566,2143.185718228619,72.97305607795715,0.0,72.93258714675903,-0.008969100970472592,73.00754237174988
12243.983659754897,2092.8513927708914,73.04967224597931,0.0,73.01053309440613,-0.010238181864958049,73.08381032943726
12278.77190280664,2142.759998639981,73.12726736068726,0.0,73.08880662918091,-0.011475535737081365,73.21173524856567
12229.595673530777,2090.933454935279,73.25369322299957,0.0,73.2147068977356,-0.013950243481328,73.39096784591675
12267.247206966485,2140.595687148246,73.43444383144379,0.0,73.39496397972107,-0.009963214337819534,73.46992444992065
12240.683610254153,2089.271339070086,73.51241409778595,0.0,73.47391939163208,-0.01610768100195327,73.54687929153442
12271.184067761016,2139.812097181458,73.59140479564667,0.0,73.55287384986877,-0.01230043831849691,73.62592363357544
12252.596041536664,2088.5234163746622,73.66696166992188,0.0,73.62792420387268,-0.013093613877550318,73.744131565094
12246.47145060031,2138.0799331190638,73.78707957267761,0.0,73.74809765815735,-0.01074581422275223,73.92799949645996
12195.482932243984,2086.6112991694877,73.97200095653534,0.0,73.93102359771729,-0.011887987027789138,74.00894856452942
12263.97169560374,2136.9799177188484,74.06141722202301,0.0,74.01297688484192,-0.013654124605948061,74.09589552879333
12180.607070320195,2085.8754598828177,74.13801455497742,0.0,74.09892678260803,-0.010587179110941546,74.17312669754028
12142.169990379865,2136.539911558762,74.21558380126953,0.0,74.17710161209106,-0.012871524721015364,74.29106259346008
12142.382135732036,2084.4912673690105,74.33251237869263,0.0,74.29403734207153,-0.011211143884063562,74.46806120872498
12233.034563380197,2134.5634801982824,74.51130485534668,0.0,74.47304964065552,-0.011983168094875546,74.54549789428711
12163.918950541109,2082.9174925148654,74.58597469329834,0.0,74.54752826690674,-0.010640057481545107,74.6214554309845
12214.85879316431,2133.627737160583,74.66742718219757,0.0,74.62845015525818,-0.012786919328049668,74.7024085521698
12225.283379250688,2082.49123736856,74.74443542957306,0.0,74.70540428161621,-0.014193483986104379,74.82142877578735
12269.659505573572,2132.1077174003262,74.8645236492157,0.0,74.82643342018127,-0.008461468612678415,75.00167655944824
12236.395782332518,2080.4632874125987,75.04272818565369,0.0,75.00368165969849,-0.010819843941597213,75.07775402069092
12209.158719063347,2130.7376995900945,75.12529456615448,0.0,75.08278203010559,-0.008144198389057049,75.15981316566467
12131.91837453074,2080.167443013974,75.20030760765076,0.0,75.1618435382843,-0.011517838433564215,75.23577117919922
12206.522065220652,2129.411294112941,75.27826046943665,0.0,75.2397677898407,-0.009497884676508198,75.35472416877747
12209.619773155917,2079.0474228536114,75.39521479606628,0.0,75.356698513031,-0.011242870906425697,75.53115558624268
12193.558516260711,2128.3876690396974,75.58369255065918,0.0,75.53611612319946,-0.009064282037559004,75.61824154853821
12162.431086190638,2078.1094840801975,75.66038954257965,0.0,75.62124419212341,-0.009561338721232472,75.69445300102234
12198.43418277601,2127.463402097423,75.74044954776764,0.0,75.69847512245178,-0.011887987027789136,75.77539992332458
12189.419409549371,2077.4573942330962,75.81674039363861,0.0,75.77843070030212,-0.010904449334562912,75.90095734596252
12200.54640655688,2126.035512426149,75.97807919979095,0.0,75.90598487854004,-0.0069808742357787175,76.11273717880249
12131.242624852497,2075.6215124302485,76.1547418832779,0.0,76.11572122573853,-0.011676473545374896,76.18976783752441
12177.233949573445,2125.1033761371377,76.23230350017548,0.0,76.19377064704895,-0.009106584734041853,76.26784896850586
12181.443628872577,2075.1715034300687,76.30684018135071,0.0,76.26984596252441,-0.011274597928787834,76.34180474281311
12183.434017774196,2124.513369647066,76.38583981990814,0.0,76.3458001613617,-0.0098468819224917,76.46286296844482
12185.604640116002,2072.561814045351,76.54511892795563,0.0,76.46485996246338,-0.010037244056664516,76.72137951850891
12192.397539180314,2122.016976135809,76.77982068061829,0.0,76.72531747817993,-0.00975170085540529,76.81429886817932
12158.243164863296,2071.591431828637,76.85533714294434,0.0,76.81626629829407,-0.0067059067086402,76.88934922218323
12231.461157305786,2121.730608653043,76.93236005306244,0.0,76.89331555366516,-0.012353316689100469,76.96736788749695
12141.46711227647,2071.035562782381,77.00926399230957,0.0,76.96936655044556,-0.011962016746634122,77.08815169334412
12219.361096805484,2120.920604603023,77.13118934631348,0.0,77.09211659431458,-0.010333362932044458,77.26738786697388
12149.155132257778,2069.623462092704,77.30958092212677,0.0,77.27041864395142,-0.009815154900129564,77.34456372261047
12196.285373997618,2119.8048386338705,77.38714289665222,0.0,77.34858679771423,-0.008482619960919837,77.42172908782959
12096.629835966884,2069.4493195370715,77.46622478961945,0.0,77.42376017570496,-0.010439119673251578,77.50568175315857
12154.360771803858,2118.6205931029654,77.54917514324188,0.0,77.50970935821533,-0.008292257826747019,77.63475608825684
12117.942358847176,2068.1613632272647,77.67585802078247,0.0,77.63675737380981,-0.005986760868431779,77.82489895820618
12142.972857837147,2117.6727060362364,77.87248361110687,0.0,77.82889199256897,-0.007361598504124354,77.91205859184265
12092.817670718074,2067.157208829759,77.9530485868454,0.0,77.91405606269836,-0.008366287545592002,77.9880223274231
12135.872815236891,2116.8227009362054,78.031165599823,0.0,77.9920425415039,-0.007224114740555093,78.06527924537659
12128.506184605138,2066.4351293971995,78.10742974281311,0.0,78.06827664375305,-0.010671784503907246,78.18052315711975
12161.360806804034,2115.8805794028967,78.22549772262573,0.0,78.18751883506775,-0.007382749852365776,78.36141991615295
12072.517305311496,2065.5871805692504,78.40790951251984,0.0,78.36442518234253,-0.009719973833043152,78.44337248802185
12102.072612435675,2114.472686836121,78.48601639270782,0.0,78.44740176200867,-0.007276993111158654,78.52066349983215
12060.341206824136,2064.741294825896,78.56816864013672,0.0,78.52369379997253,-0.0050032231752055525,78.60861468315125
12105.272631635791,2113.9826838961035,78.6527019739151,0.0,78.61261010169983,-0.008313409174988441,78.72573947906494
12090.82972576479,2063.479206104916,78.76681518554688,0.0,78.7277364730835,-0.012723465283325394,78.90198993682861
12111.796894375155,2113.0069040552326,78.94408321380615,0.0,78.90598845481873,-0.01029106023556161,78.97919130325317
12098.11776611979,2062.167119008142,79.02235198020935,0.0,78.98219633102417,-0.008313409174988441,79.0564820766449
12113.760568802843,2112.690563452817,79.09897327423096,0.0,79.06051230430603,-0.007922109232522095,79.13444304466248
12124.230360376849,2062.0391787443964,79.1854395866394,0.0,79.13643527030945,-0.00805959299609135,79.26039838790894
12131.897055176441,2111.316890535124,79.30598187446594,0.0,79.26636600494385,-0.006346333788535989,79.4420895576477
12111.854348941328,2060.8932787588537,79.48423767089844,0.0,79.44407939910889,-0.012078349161961956,79.51840662956238
12137.060685303426,2109.9005495027473,79.5635529756546,0.0,79.52237296104431,-0.008768163162179064,79.59968256950378
12089.517611317004,2059.917078507413,79.64071679115295,0.0,79.60167264938354,-0.007816352491314973,79.67572736740112
12114.384800693606,2109.6847677933747,79.71871590614319,0.0,79.6797251701355,-0.009815154900129564,79.79169130325317
12098.054059135242,2059.7832554483643,79.83567428588867,0.0,79.79468321800232,-0.00499264750108484,79.97694611549377
12089.672538035229,2108.5726514359085,80.02912962436676,0.0,79.9809467792511,-0.0067270580568816254,80.06429052352905
12081.253706327834,2058.673232137875,80.10600626468658,0.0,80.06626152992249,-0.005902155475466079,80.14068698883057
12125.68487979416,2108.2047574333023,80.18425107002258,0.0,80.14468550682068,-0.0034062963829780205,80.21879076957703
12078.241564831296,2058.961179223584,80.2597827911377,0.0,80.22076678276062,-0.009624792765956743,80.33772420883179
12128.0606403032,2107.440537202686,80.37982630729675,0.0,80.34169721603394,-0.007879806536039247,80.51595759391785
12135.742714854297,2057.0411408228165,80.55607306957245,0.0,80.51794767379761,-0.01074581422275223,80.59116721153259
12132.960664803324,2106.7205336026677,80.63424742221832,0.0,80.59513068199158,-0.00864125507273052,80.66839480400085
12125.242504850095,2057.2311446228923,80.70888638496399,0.0,80.67036128044128,-0.004643650255101342,80.74332070350647
12127.372764236587,2106.2626375758255,80.802938580513,0.0,80.74834966659546,-0.00899025231871402,80.88448357582092
12080.753695827612,2055.8831735466447,80.92549324035645,0.0,80.88748145103455,-0.00885276855514476,81.0638062953949
