10652.3,0.054467201232910156,0,0.0029935836791992188,0.20018157218162003,0.5232160091400146
10610.5,0.5697925090789795,0,0.5242197513580322,0.19340346654576024,0.6163649559020996
10693.999999999998,0.6727283000946045,0.0,0.6203629970550537,0.1210009745262397,0.7260913848876953
10693.999999999998,0.7711765766143799,0.0,0.7281208038330078,0.2910698068444475,0.814232587814331
10652.3,0.8712260723114014,0.0,0.8202333450317383,0.18385249951340654,0.9664144515991211
10631.4,1.0145559310913086,0.0,0.9683914184570312,0.11545525173323767,1.2421600818634033
10506.1,1.2908284664154053,0.0,1.2461564540863037,0.24732021592198805,1.336470603942871
10526.9,1.3910844326019287,0.0,1.3394761085510254,0.17491772390248173,1.4436619281768799
10526.9,1.4996116161346436,0.0,1.4466912746429443,0.17430153248103863,1.5532517433166504
10526.9,1.5985159873962402,0.0,1.555257797241211,-0.01856638243056352,1.6864287853240967
10547.800000000001,1.7350132465362549,0.0,1.6914262771606445,0.2544064172685836,1.9601919651031494
10568.699999999999,2.0072500705718994,0.0,1.9621562957763672,0.2134296877426607,2.0533440113067627
10568.699999999999,2.110461950302124,0.0,2.058316469192505,0.13702195148374585,2.163417100906372
10610.5,2.20892596244812,0.0,2.1654224395751953,0.13486528150869503,2.252429485321045
10526.9,2.3100359439849854,0.0,2.2584030628204346,0.1644424697379634,2.4047420024871826
10526.9,2.4566519260406494,0.0,2.4067342281341553,0.2728921599118763,2.6775729656219482
10652.3,2.7283132076263428,0.0,2.682577610015869,0.1816958295383415,2.7740490436553955
10652.3,2.819742441177368,0.0,2.7760732173919678,0.11237429462602222,2.864410400390625
10652.3,2.9197750091552734,0.0,2.8683764934539795,0.07293804365369283,2.9711735248565674
10756.699999999999,3.0169904232025146,0.0,2.974172830581665,0.11946049597261776,3.1077868938446045
10693.999999999998,3.166011095046997,0.0,3.1117777824401855,0.2026463378674066,3.4443912506103516
10568.699999999999,3.4958372116088867,0.0,3.4464218616485596,0.24362306739335793,3.546051025390625
10526.9,3.6006953716278076,0.0,3.5490877628326416,0.1468810142268211,3.6533029079437256
10568.699999999999,3.699415922164917,0.0,3.655271053314209,0.22698589901439448,3.7445318698883057
10547.800000000001,3.799360990524292,0.0,3.7485580444335938,0.21989969766779893,3.8878846168518066
10506.1,3.939375638961792,0.0,3.8908748626708984,0.26087642719375026,4.16309666633606
10714.9,4.214261531829834,0.0,4.167122840881348,0.159821034077126,4.262396335601807
10777.6,4.308441400527954,0.0,4.264394760131836,0.23961782315396363,4.353456735610962
10693.999999999998,4.408940076828003,0.0,4.359484434127808,0.16752342684515042,4.459394693374634
10631.4,4.513864040374756,0.0,4.4623939990997314,0.08895902061119898,4.6083104610443115
10777.6,4.668851613998413,0.0,4.613306522369385,0.1739934367703171,4.895882844924927
10652.3,4.942494630813599,0.0,4.897881269454956,0.11853620884045313,4.988107442855835
10693.999999999998,5.046312570571899,0.0,4.994133472442627,0.15674007696989634,5.098491668701172
10631.4,5.143341302871704,0.0,5.100461006164551,-0.007166841133866342,5.187228441238403
10693.999999999998,5.24382472038269,0.0,5.192248582839966,0.17522581961320327,5.342374801635742
10693.999999999998,5.3918516635894775,0.0,5.344377756118774,0.1863172651991647,5.613245248794556
10526.9,5.662827730178833,0.0,5.616242408752441,0.18600916948844315,5.710386276245117
10610.5,5.764685392379761,0.0,5.713410377502441,0.18785774375277242,5.816993474960327
10568.699999999999,5.872493505477905,0.0,5.819992780685425,0.12685479302993485,5.9260313510894775
10610.5,5.980226039886475,0.0,5.928006887435913,0.10035856190791037,6.07738733291626
10652.3,6.13378119468689,0.0,6.0813844203948975,0.21589445342841884,6.364671230316162
10568.699999999999,6.419633626937866,0.0,6.367663383483887,0.14996197133403655,6.472608327865601
10568.699999999999,6.533084869384766,0.0,6.479629278182983,0.13240051582292267,6.587536334991455
10610.5,6.648038387298584,0.0,6.597529172897339,0.23222352609666075,6.699546813964844
10526.9,6.760484457015991,0.0,6.709517955780029,0.2251373247500652,6.857425928115845
10422.499999999998,6.915911674499512,0.0,6.865426540374756,0.15273483273053046,7.148510694503784
10485.199999999999,7.208536863327026,0.0,7.156532049179077,0.11668763457612386,7.261541366577148
10485.199999999999,7.319508790969849,0.0,7.269536733627319,0.18262011667050615,7.37048077583313
10506.1,7.428462505340576,0.0,7.37847638130188,0.1250062187656198,7.479418992996216
10464.3,7.538554906845093,0.0,7.487412929534912,0.14996197133403655,7.639468193054199
10485.199999999999,7.69777774810791,0.0,7.648431301116943,0.16290199118432724,7.929168462753296
10485.199999999999,7.988129138946533,0.0,7.938156604766846,0.13578956864085967,8.03810167312622
10547.800000000001,8.097748756408691,0.0,8.048100471496582,0.11299048604747952,8.148396968841553
10485.199999999999,8.206877946853638,0.0,8.157422065734863,0.1339409943765304,8.258333444595337
10464.3,8.316314935684204,0.0,8.266327619552612,0.10035856190791037,8.403250455856323
10485.199999999999,8.461231470108032,0.0,8.412244081497192,0.11052572036169295,8.69308352470398
10526.9,8.750553131103516,0.0,8.701077461242676,0.1468810142268211,8.801028490066528
10547.800000000001,8.862985849380493,0.0,8.809016704559326,0.2550226086900409,8.91895341873169
10526.9,8.976824522018433,0.0,8.92698073387146,0.11946049597261776,9.027696371078491
10631.4,9.086140394210815,0.0,9.035662651062012,0.15920484265569712,9.186591625213623
10547.800000000001,9.245073080062866,0.0,9.195585489273071,0.1040557104365547,9.47567629814148
10610.5,9.526212453842163,0.0,9.483668565750122,0.17769058529897563,9.56972622871399
10756.699999999999,9.628085851669312,0.0,9.57772946357727,0.2026463378674066,9.678442239761353
10673.1,9.738587141036987,0.0,9.687466144561768,0.1890901265956586,9.790677309036255
10631.4,9.84734845161438,0.0,9.798672199249268,0.14534053567321337,9.935052871704102
10610.5,9.998605966567993,0.0,9.944045782089233,0.30709078380195365,10.22524619102478
10673.1,10.284303903579712,0.0,10.233212232589722,0.29753981676958574,10.336419343948364
10673.1,10.39980673789978,0.0,10.344494819641113,0.08957521203265628,10.456117868423462
10693.999999999998,10.517210006713867,0.0,10.46413779258728,0.15458340699487394,10.571281671524048
10673.1,10.632452011108398,0.0,10.57927680015564,0.2775135955726995,10.732585906982422
10631.4,10.789246320724487,0.0,10.740580320358276,0.12161716594766858,11.008368253707886
10673.1,11.065348863601685,0.0,11.016361713409424,0.18416059522411388,11.115305185317993
10610.5,11.171605348587036,0.0,11.122917175292969,0.1496538756233292,11.221292495727539
10589.599999999999,11.279392719268799,0.0,11.2293381690979,0.15458340699487394,11.330440282821655
10589.599999999999,11.38899827003479,0.0,11.338442087173462,0.18200392524907727,11.48451018333435
10568.699999999999,11.545039415359497,0.0,11.492505550384521,0.10590428470088398,11.771198272705078
10652.3,11.83117127418518,0.0,11.781199216842651,0.15181054559836582,11.882165431976318
10673.1,11.945409297943115,0.0,11.890130043029785,0.22667780330367293,12.00169062614441
10735.8,12.062725305557251,0.0,12.010068655014038,0.17214486250598782,12.116381645202637
10652.3,12.177319288253784,0.0,12.124407052993774,0.19371156225648178,12.28039836883545
10735.8,12.336152791976929,0.0,12.288393020629883,0.26087642719375026,12.555536031723022
10589.599999999999,12.613006353378296,0.0,12.56553053855896,0.23222352609666075,12.662475109100342
10631.4,12.719972372055054,0.0,12.672500371932983,0.13424909008725194,12.768420457839966
10652.3,12.826556205749512,0.0,12.776414155960083,0.10867714609736367,12.877696990966797
10547.800000000001,12.936758279800415,0.0,12.887691497802734,0.12469812305488404,13.031312465667725
10631.4,13.092326879501343,0.0,13.039391994476318,0.14564863138394912,13.31931471824646
10652.3,13.37750506401062,0.0,13.327312231063843,0.29076171113372595,13.42866826057434
10673.1,13.491645812988281,0.0,13.436692953109741,0.14441624854104873,13.547597646713257
10714.9,13.609063625335693,0.0,13.555593729019165,0.1367138557730243,13.663538932800293
10610.5,13.725579500198364,0.0,13.672527074813843,0.21466207058553266,13.826781511306763
10693.999999999998,13.882992506027222,0.0,13.835803031921387,0.12593050589777022,14.116598844528198
10631.4,14.175053119659424,0.0,14.124569416046143,0.16105341692001218,14.226536273956299
10673.1,14.28384780883789,0.0,14.23453140258789,0.19124679657070942,14.33316421508789
10610.5,14.391984462738037,0.0,14.342186689376831,0.2134296877426607,14.442821264266968
10589.599999999999,14.501482963562012,0.0,14.450816869735718,0.16783152255588618,14.592238187789917
10506.1,14.651721715927124,0.0,14.600259065628052,0.20418681642101433,14.882659196853638
10547.800000000001,14.941196918487549,0.0,14.890685558319092,0.12808717587282104,14.991708278656006
10485.199999999999,15.050516366958618,0.0,15.000766277313232,0.23376400465026848,15.100266695022583
10547.800000000001,15.160461902618408,0.0,15.109292268753052,0.13578956864085967,15.212627172470093
10526.9,15.270360231399536,0.0,15.22062087059021,0.09234807342915019,15.358519315719604
10610.5,15.412503004074097,0.0,15.366515159606934,0.23992591886469938,15.631368398666382
10568.699999999999,15.685837030410767,0.0,15.63936471939087,0.19556013652081106,15.7333083152771
10547.800000000001,15.791771650314331,0.0,15.74130392074585,0.1570481726806321,15.843240022659302
10485.199999999999,15.90134334564209,0.0,15.85126543045044,0.2448554502362299,15.952420473098755
10526.9,16.01161479949951,0.0,15.961384773254395,0.17738248958823988,16.10766291618347
10589.599999999999,16.16555690765381,0.0,16.11568784713745,0.1706043839523801,16.396324157714844
10506.1,16.45387578010559,0.0,16.404296159744263,0.16074532120929064,16.50442862510681
10547.800000000001,16.56289291381836,0.0,16.51342535018921,0.23776924888963435,16.61336851119995
10589.599999999999,16.670987844467163,0.0,16.621355295181274,0.1502700670447723,16.721619606018066
10464.3,16.780107021331787,0.0,16.72961401939392,0.19771680649586187,16.87474751472473
10568.699999999999,16.937592267990112,0.0,16.882765769958496,0.17245295821670936,17.211318969726562
10506.1,17.26925492286682,0.0,17.219282865524292,0.12685479302993485,17.31922721862793
10547.800000000001,17.376608848571777,0.0,17.3276584148407,0.1952520408100895,17.425559282302856
10547.800000000001,17.484345197677612,0.0,17.43459463119507,0.14318386569817676,17.535094499588013
10526.9,17.594234704971313,0.0,17.54409098625183,0.11237429462602222,17.687572956085205
10589.599999999999,17.749213457107544,0.0,17.695597171783447,0.1890901265956586,18.02338433265686
10652.3,18.07825493812561,0.0,18.032387256622314,0.21866731482491275,18.12509799003601
10589.599999999999,18.18274235725403,0.0,18.13273286819458,0.1441081528303414,18.233749389648438
10589.599999999999,18.29119896888733,0.0,18.24244737625122,0.18262011667050615,18.33995032310486
10568.699999999999,18.399033308029175,0.0,18.34896945953369,0.17214486250598782,18.499044179916382
10631.4,18.560022115707397,0.0,18.507040977478027,0.18200392524907727,18.78975534439087
10673.1,18.847580194473267,0.0,18.79772114753723,0.2910698068444475,18.898478746414185
10673.1,18.961308479309082,0.0,18.906473636627197,0.17584201103464636,19.016143321990967
10610.5,19.078137159347534,0.0,19.025131702423096,0.1447243442517845,19.132148504257202
10568.699999999999,19.193748235702515,0.0,19.14114236831665,0.11884430455117467,19.294158458709717
10589.599999999999,19.35183310508728,0.0,19.30418372154236,0.18662536090988624,19.585703372955322
10673.1,19.6446430683136,0.0,19.594669342041016,0.20788396494965866,19.69561004638672
10652.3,19.75357985496521,0.0,19.70360517501831,0.10097475332933925,19.80455493927002
10652.3,19.863532543182373,0.0,19.813550233840942,0.15458340699487394,19.914514541625977
10693.999999999998,19.973381280899048,0.0,19.92250943183899,0.2482445030541527,20.061232805252075
10693.999999999998,20.120081424713135,0.0,20.06922745704651,0.2312992389644961,20.364862203598022
10631.4,20.421798706054688,0.0,20.372827291488647,0.2223644633535713,20.471770524978638
10652.3,20.53025197982788,0.0,20.479764938354492,0.1496538756233292,20.581708669662476
10631.4,20.64070177078247,0.0,20.590702295303345,0.17306914963815245,20.691725254058838
10610.5,20.750484466552734,0.0,20.699697494506836,0.1761501067453537,20.842247486114502
10589.599999999999,20.901247262954712,0.0,20.85124683380127,0.14225957856601212,21.13182044029236
10568.699999999999,21.189611196517944,0.0,21.14007067680359,0.21373778345336802,21.24015164375305
10589.599999999999,21.29870343208313,0.0,21.249143838882446,0.13240051582292267,21.34923219680786
10547.800000000001,21.407320499420166,0.0,21.35722827911377,0.16475056544865652,21.45841383934021
10568.699999999999,21.516398668289185,0.0,21.46641492843628,0.049214673928148045,21.607327461242676
10610.5,21.663814067840576,0.0,21.61535358428955,0.10343951901511161,21.897531032562256
10547.800000000001,21.95383381843567,0.0,21.906769037246704,0.14380005711961985,22.001898765563965
10526.9,22.06387734413147,0.0,22.010892868041992,0.15674007696989634,22.11786198616028
10547.800000000001,22.177295923233032,0.0,22.126827001571655,0.12593050589777022,22.22876477241516
10526.9,22.28757119178772,0.0,22.236867427825928,0.19340346654576024,22.388427257537842
10526.9,22.4471218585968,0.0,22.39845299720764,0.10159094475076813,22.677299737930298
10506.1,22.727863788604736,0.0,22.68528914451599,0.17306914963815245,22.77043843269348
10526.9,22.829522848129272,0.0,22.779460430145264,0.1210009745262397,22.87958526611328
10526.9,22.938375234603882,0.0,22.888549089431763,0.10990952894026407,22.98919916152954
10568.699999999999,23.0493643283844,0.0,22.998193979263306,0.22020779337852048,23.13951325416565
10547.800000000001,23.20147943496704,0.0,23.148508310317993,0.11792001741902425,23.43001699447632
10568.699999999999,23.48826265335083,0.0,23.43901228904724,0.14842149278044303,23.538535833358765
10568.699999999999,23.60127329826355,0.0,23.54653024673462,0.1604372254985691,23.65701675415039
10526.9,23.71812605857849,0.0,23.665040969848633,0.08402948923965425,23.77221179008484
10547.800000000001,23.833256483078003,0.0,23.780217170715332,0.17491772390248173,23.937412977218628
10547.800000000001,23.992488145828247,0.0,23.947437286376953,0.04705800395309723,24.209409475326538
10589.599999999999,24.266863107681274,0.0,24.21837592124939,0.12808717587282104,24.316317796707153
10610.5,24.373940229415894,0.0,24.326313495635986,0.16844771397731506,24.422564268112183
10673.1,24.480782508850098,0.0,24.430765628814697,0.11637953886540231,24.53176975250244
10673.1,24.589914321899414,0.0,24.539793729782104,0.19371156225648178,24.68700408935547
10673.1,24.745972871780396,0.0,24.696001291275024,0.2796702655477503,25.006850004196167
10589.599999999999,25.067787408828735,0.0,25.014814853668213,0.11114191178315025,25.121755599975586
10610.5,25.178237199783325,0.0,25.130779504776,0.1441081528303414,25.226694107055664
10610.5,25.28685688972473,0.0,25.237688779830933,0.11175810320457913,25.337018489837646
10589.599999999999,25.394988536834717,0.0,25.345020055770874,0.12346574021199785,25.48293447494507
10568.699999999999,25.546929121017456,0.0,25.491960763931274,0.14996197133403655,25.78678011894226
10589.599999999999,25.85022258758545,0.0,25.794755220413208,0.15797245981279673,25.90568995475769
10568.699999999999,25.96515703201294,0.0,25.91368556022644,0.1441081528303414,26.01662850379944
10610.5,26.075977563858032,0.0,26.02562117576599,0.14934577991260767,26.12733244895935
10631.4,26.186797380447388,0.0,26.136329650878906,0.17430153248103863,26.281271934509277
10631.4,26.342737436294556,0.0,26.29023504257202,0.14595672709465646,26.58622407913208
10652.3,26.643198251724243,0.0,26.59522581100464,0.14811339706970728,26.69217014312744
10631.4,26.75014615058899,0.0,26.7021586894989,0.17214486250598782,26.79913592338562
10693.999999999998,26.859067678451538,0.0,26.809096813201904,0.08033234071099571,26.909038543701172
10693.999999999998,26.968039751052856,0.0,26.918035984039307,0.15427531128413818,27.06101393699646
10693.999999999998,27.120980501174927,0.0,27.07100749015808,0.1761501067453537,27.382437705993652
10735.8,27.443415880203247,0.0,27.39040970802307,0.19463584938864642,27.497421979904175
10735.8,27.555387258529663,0.0,27.5074143409729,0.1897063180171017,27.604358673095703
10714.9,27.662882089614868,0.0,27.612385749816895,0.20018157218162003,27.714354276657104
10714.9,27.772534608840942,0.0,27.722349643707275,0.14318386569817676,27.872503519058228
10714.9,27.931188344955444,0.0,27.88149857521057,0.17029628824165854,28.16380262374878
10735.8,28.222242832183838,0.0,28.172771692276,0.2291425689894453,28.272717237472534
10673.1,28.332191705703735,0.0,28.280734539031982,0.2910698068444475,28.384649753570557
10673.1,28.444640398025513,0.0,28.3946692943573,0.14225957856601212,28.495588541030884
10673.1,28.554575204849243,0.0,28.5046067237854,0.16844771397731506,28.6535165309906
10714.9,28.712620496749878,0.0,28.662513256072998,0.17152867108454473,28.943828582763672
10714.9,28.99781036376953,0.0,28.951799392700195,0.18446869093483542,29.043821334838867
10714.9,29.10328984260559,0.0,29.052814722061157,0.12901146300498567,29.15478754043579
10777.6,29.213722705841064,0.0,29.16375207901001,0.13517337721941658,29.264693021774292
10777.6,29.32417607307434,0.0,29.27369475364685,0.14718910993754264,29.4211688041687
10693.999999999998,29.48170018196106,0.0,29.429162979125977,0.2134296877426607,29.708306074142456
10735.8,29.76209282875061,0.0,29.7173011302948,0.2251373247500652,29.807907104492188
10714.9,29.8659884929657,0.0,29.815871953964233,0.16813961826660773,29.917113304138184
10631.4,29.975605249404907,0.0,29.925130128860474,0.18878203088493706,30.027087450027466
10693.999999999998,30.085533380508423,0.0,30.035781860351562,0.17029628824165854,30.186309814453125
10693.999999999998,30.246922731399536,0.0,30.194305419921875,0.25471451297931935,30.474336624145508
10693.999999999998,30.531687021255493,0.0,30.48330545425415,0.2251373247500652,30.581095695495605
10631.4,30.639589548110962,0.0,30.589090824127197,0.21435397487481112,30.691057205200195
10693.999999999998,30.75045895576477,0.0,30.70005202293396,0.1490376842018719,30.801865339279175
10652.3,30.86113667488098,0.0,30.810858726501465,0.1924791794135956,30.95182204246521
10631.4,31.009854555130005,0.0,30.95989751815796,0.23283971751810384,31.242726802825928
10673.1,31.301757335662842,0.0,31.25072169303894,0.20233824215668506,31.35379195213318
10568.699999999999,31.41152334213257,0.0,31.361780881881714,0.17460962819174597,31.462265253067017
10589.599999999999,31.520461559295654,0.0,31.470262050628662,0.2195916019570916,31.570661067962646
10631.4,31.62996745109558,0.0,31.579655170440674,0.24947688589705308,31.71723461151123
10568.699999999999,31.77518916130066,0.0,31.72501540184021,0.1823120209597846,31.99361562728882
10652.3,32.0481493473053,0.0,32.00163221359253,0.08618615921471928,32.094666481018066
10568.699999999999,32.15384531021118,0.0,32.1036901473999,0.13086003726931494,32.205010175704956
10568.699999999999,32.26302790641785,0.0,32.21300435066223,0.20141395502452042,32.31401872634888
10589.599999999999,32.37667155265808,0.0,32.322789907455444,0.12808717587282104,32.467697620391846
10610.5,32.52547645568848,0.0,32.47522258758545,0.14041100430168285,32.758251428604126
10693.999999999998,32.817464113235474,0.0,32.76665210723877,0.14102719572311173,32.86927819252014
10673.1,32.92724370956421,0.0,32.87727212905884,0.1434919614088841,32.97721529006958
10673.1,33.03567099571228,0.0,32.98621106147766,0.142875769987441,33.086130142211914
10714.9,33.14408469200134,0.0,33.09412598609924,0.23900163173253475,33.233015060424805
10693.999999999998,33.290841579437256,0.0,33.24300980567932,0.18385249951340654,33.52306580543518
10714.9,33.58101511001587,0.0,33.53204107284546,0.1237738359227194,33.63098978996277
10798.5,33.69246983528137,0.0,33.63898468017578,0.1265466973192133,33.74695181846619
10756.699999999999,33.80592107772827,0.0,33.754947662353516,0.16690723542372154,33.85789346694946
10756.699999999999,33.9163601398468,0.0,33.86588931083679,0.16752342684515042,34.01379942893982
10735.8,34.074355363845825,0.0,34.022799253463745,0.18046344669545533,34.302780628204346
10735.8,34.35476589202881,0.0,34.31077575683594,0.13763814290518894,34.3997323513031
10631.4,34.45808267593384,0.0,34.40775012969971,0.08279710639678228,34.50841522216797
10652.3,34.56836915016174,0.0,34.517409801483154,0.1367138557730243,34.620328426361084
10568.699999999999,34.67800831794739,0.0,34.62931561470032,0.17707439387751833,34.76567792892456
10610.5,34.82864165306091,0.0,34.77367329597473,0.17368534105958133,35.05448842048645
10485.199999999999,35.115047454833984,0.0,35.06347727775574,0.13948671716951822,35.16758847236633
10547.800000000001,35.230828523635864,0.0,35.175575733184814,0.18046344669545533,35.28608155250549
10547.800000000001,35.348063707351685,0.0,35.295082569122314,0.23715305746820547,35.40204381942749
10547.800000000001,35.463458776474,0.0,35.411020040512085,0.11237429462602222,35.561893463134766
10589.599999999999,35.61947321891785,0.0,35.57005548477173,0.1305519415585934,35.836793184280396
10631.4,35.89426016807556,0.0,35.84478950500488,0.18200392524907727,35.94473147392273
10631.4,36.002697706222534,0.0,35.95272636413574,0.1413352914338475,36.05366826057434
10652.3,36.11271691322327,0.0,36.062663555145264,0.163210086895063,36.16477036476135
10589.599999999999,36.222235679626465,0.0,36.172765016555786,0.2565630872436486,36.3076868057251
10568.699999999999,36.35865807533264,0.0,36.31568264961243,0.1672153311344431,36.58340907096863
10547.800000000001,36.63386511802673,0.0,36.5923867225647,0.21065682634616678,36.67634296417236
10568.699999999999,36.73883414268494,0.0,36.69136142730713,0.2790540741263072,36.787282943725586
10589.599999999999,36.84721827507019,0.0,36.79826760292053,0.2590278529294068,36.89717721939087
10526.9,36.95666480064392,0.0,36.90519404411316,0.3012369652982585,37.04408359527588
10526.9,37.105579137802124,0.0,37.05310940742493,0.1046719018579978,37.336029291152954
10568.699999999999,37.39715313911438,0.0,37.34602427482605,0.19155489228143097,37.4492826461792
10547.800000000001,37.50924563407898,0.0,37.45827674865723,0.1644424697379634,37.56121230125427
10568.699999999999,37.61871695518494,0.0,37.569222927093506,0.19340346654576024,37.6702094078064
10526.9,37.73067498207092,0.0,37.681204319000244,0.20079776360307733,37.82716417312622
10547.800000000001,37.88964891433716,0.0,37.83515906333923,0.1447243442517845,38.13303589820862
10589.599999999999,38.18701887130737,0.0,38.141058683395386,0.13024384584787185,38.233978509902954
10652.3,38.298524618148804,0.0,38.24699783325195,0.159821034077126,38.351072788238525
10631.4,38.41100287437439,0.0,38.36104369163513,0.245471641657673,38.461962938308716
10652.3,38.521363496780396,0.0,38.47098994255066,0.06954899083574162,38.60716891288757
10673.1,38.66764998435974,0.0,38.616164445877075,0.17091247966308742,38.898884534835815
10631.4,38.9598491191864,0.0,38.9108784198761,0.14534053567321337,39.00982069969177
10652.3,39.070300340652466,0.0,39.01881456375122,0.1299357501371503,39.122785568237305
10589.599999999999,39.182735204696655,0.0,39.13277983665466,0.24732021592198805,39.23369097709656
10673.1,39.292656660079956,0.0,39.242685317993164,0.16228579976289836,39.38960099220276
10693.999999999998,39.45206832885742,0.0,39.40059471130371,0.1305519415585934,39.67743635177612
10777.6,39.734976053237915,0.0,39.68744778633118,0.15889674694496136,39.78250432014465
10693.999999999998,39.84143829345703,0.0,39.791476249694824,0.2639573843009657,39.89240002632141
10652.3,39.95080924034119,0.0,39.90039539337158,0.11483906031179458,40.00221848487854
10631.4,40.06115794181824,0.0,40.010191202163696,0.22082398479996357,40.1551308631897
10610.5,40.21489071846008,0.0,40.16512608528137,0.35546181038522207,40.4438636302948
10506.1,40.50338840484619,0.0,40.45242929458618,0.13086003726931494,40.5543475151062
10485.199999999999,40.6138379573822,0.0,40.56436538696289,0.17460962819174597,40.66431641578674
10464.3,40.723323345184326,0.0,40.67330479621887,0.1407191000124044,40.77334189414978
10464.3,40.832475423812866,0.0,40.782368898391724,0.13517337721941658,40.92058563232422
10506.1,40.97798132896423,0.0,40.92966103553772,0.17183676679525206,41.19313287734985
10547.800000000001,41.24861693382263,0.0,41.20115113258362,0.21312159203192493,41.296082496643066
10547.800000000001,41.354740858078,0.0,41.30465888977051,0.2645735757224088,41.405797481536865
10506.1,41.464272260665894,0.0,41.41381859779358,0.12623860160849176,41.51572632789612
10506.1,41.57469201087952,0.0,41.52472114562988,0.20141395502452042,41.66786313056946
10506.1,41.72601008415222,0.0,41.675881147384644,0.17984725527401224,41.94493007659912
10526.9,42.001548767089844,0.0,41.95298218727112,0.18200392524907727,42.0511519908905
10631.4,42.11092019081116,0.0,42.06112241744995,0.10251523188293277,42.1617157459259
10610.5,42.220648765563965,0.0,42.16970992088318,0.2223644633535713,42.272581577301025
10610.5,42.33155059814453,0.0,42.28158116340637,0.24393116310406526,42.42052221298218
10631.4,42.47878861427307,0.0,42.42929482460022,0.25348213013643317,42.70911931991577
10526.9,42.76708245277405,0.0,42.717121601104736,0.23376400465026848,42.81801199913025
10485.199999999999,42.87579321861267,0.0,42.82605791091919,0.2291425689894453,42.926528453826904
10464.3,42.9844605922699,0.0,42.93457007408142,0.10713666754377016,43.03534984588623
10610.5,43.136313676834106,0.0,43.04334568977356,0.19710061507441878,43.280340909957886
10443.4,43.34078907966614,0.0,43.288304567337036,0.17430153248103863,43.57024598121643
10318.099999999999,43.629408836364746,0.0,43.57835102081299,0.15427531128413818,43.68146586418152
10276.300000000001,43.744250774383545,0.0,43.69043183326721,0.20357062499957124,43.79806971549988
10464.3,43.85741972923279,0.0,43.807063579559326,0.06215469377843874,43.90777587890625
10380.7,43.96710419654846,0.0,43.916083097457886,0.17769058529897563,44.06113147735596
10380.7,44.11949110031128,0.0,44.070122480392456,0.2719678727797117,44.3490526676178
10297.199999999999,44.40808868408203,0.0,44.35701775550842,0.176766298166811,44.45915961265564
10276.300000000001,44.51802372932434,0.0,44.46814823150635,0.16906390539875815,44.56889796257019
10318.099999999999,44.62783360481262,0.0,44.57686257362366,0.1474972056482784,44.67980623245239
10276.300000000001,44.738441705703735,0.0,44.68882894515991,0.1625938954736199,44.82663702964783
10318.099999999999,44.88413596153259,0.0,44.83563184738159,0.18354440380267079,45.10160779953003
10318.099999999999,45.156092405319214,0.0,45.10963535308838,0.21866731482491275,45.20354890823364
10339.0,45.262532472610474,0.0,45.213547706604004,0.20110585931378466,45.312516927719116
10526.9,45.371952295303345,0.0,45.32248115539551,0.1074447632544775,45.422423362731934
10318.099999999999,45.4808886051178,0.0,45.43141770362854,0.18262011667050615,45.577332735061646
10297.199999999999,45.63629865646362,0.0,45.585328817367554,0.23314781322882538,45.86569046974182
10213.6,45.92329525947571,0.0,45.8736617565155,0.31602555941287847,45.9739248752594
10297.199999999999,46.033652782440186,0.0,45.98224902153015,0.17738248958823988,46.086055755615234
10318.099999999999,46.14553713798523,0.0,46.09605050086975,0.1958682322315326,46.19599437713623
10443.4,46.25395941734314,0.0,46.20398807525635,0.1964844236529757,46.340909004211426
10506.1,46.39839148521423,0.0,46.348905086517334,0.2346882917824331,46.63271737098694
10401.6,46.68868613243103,0.0,46.64071273803711,0.16629104400229267,46.737664461135864
10422.499999999998,46.8001663684845,0.0,46.74668312072754,0.1672153311344431,46.853649854660034
10422.499999999998,46.91267156600952,0.0,46.86267280578613,0.16629104400229267,46.96369647979736
10401.6,47.023163080215454,0.0,46.97265911102295,0.17091247966308742,47.123661279678345
10422.499999999998,47.18218159675598,0.0,47.13279581069946,0.10621238041160552,47.41399097442627
10339.0,47.47447323799133,0.0,47.42298722267151,0.25625499153291287,47.52595925331116
10318.099999999999,47.58531355857849,0.0,47.53505778312683,0.1379462386159105,47.6365385055542
10359.8,47.694915533065796,0.0,47.64458250999451,0.1339409943765304,47.74624800682068
10464.3,47.80509829521179,0.0,47.7552125453949,0.1468810142268211,47.90486693382263
10339.0,47.96471428871155,0.0,47.91386103630066,0.14503243996250603,48.19346475601196
10339.0,48.25157570838928,0.0,48.201493978500366,0.2195916019570916,48.30262589454651
10255.4,48.360750675201416,0.0,48.310619592666626,0.11514715602253034,48.41187787055969
10380.7,48.47076916694641,0.0,48.4208767414093,0.20233824215668506,48.52165770530701
10297.199999999999,48.579341173172,0.0,48.529051303863525,0.18354440380267079,48.671435832977295
10318.099999999999,48.72641372680664,0.0,48.67938685417175,0.1182281131297458,48.94407320022583
10234.5,48.99734568595886,0.0,48.95222330093384,0.20357062499957124,49.04346752166748
10255.4,49.10195851325989,0.0,49.05146288871765,0.13825433432661782,49.152454137802124
10318.099999999999,49.211066484451294,0.0,49.1609468460083,0.2504011730292177,49.26216125488281
10276.300000000001,49.32062554359436,0.0,49.27015566825867,0.21034873063543102,49.418065309524536
10255.4,49.47789525985718,0.0,49.427058935165405,0.19093870085998788,49.71015644073486
10171.9,49.767815351486206,0.0,49.718451261520386,0.06985708654647738,49.818148612976074
10171.9,49.8762481212616,0.0,49.826176404953,0.10867714609736367,49.927319288253784
10276.300000000001,49.98528695106506,0.0,49.93531680107117,0.21589445342841884,50.036256313323975
10359.8,50.09573769569397,0.0,50.046282052993774,0.20295443357811394,50.18417286872864
10192.8,50.24313759803772,0.0,50.19616484642029,0.2060353906853294,50.459437131881714
10213.6,50.51327157020569,-0.612,50.46840190887451,0.3298898663953338,50.55914044380188
10150.999999999998,50.61786723136902,-0.86,50.56739568710327,0.4176971439509458,50.669336795806885
9879.4,50.72831702232361,-1.136,50.67932987213135,0.3255765264452464,50.77828097343445
9983.9,50.83727025985718,-1.408,50.78829789161682,0.30216125243042313,50.935182332992554
10318.099999999999,50.993671894073486,-1.804,50.94420289993286,0.16567485258082115,51.226024866104126
10171.9,51.28497672080994,-2.528,51.23499083518982,0.3298898663953338,51.33596158027649
10359.8,51.39381217956543,-2.804,51.34395670890808,0.3298898663953338,51.4447066783905
10171.9,51.50267958641052,-3.076,51.452701807022095,0.4337181209084662,51.55265712738037
10464.3,51.611852169036865,-3.348,51.561652183532715,0.47223008474863093,51.702030181884766
10297.199999999999,51.755590200424194,-3.72,51.712023973464966,0.5138230056960253,51.97735071182251
10359.8,52.0293071269989,-4.408,51.985334157943726,0.36501277741759,52.07430553436279
10004.800000000001,52.133278131484985,-4.652,52.08327102661133,0.3422136948242098,52.18428659439087
10339.0,52.24320197105408,-4.928,52.193304777145386,0.38473090290375467,52.294068336486816
9733.2,52.35228705406189,-5.2,52.302093744277954,0.45251195926246623,52.450685262680054
9482.6,52.50928282737732,-5.596,52.45970964431763,0.4663762662449358,52.756293296813965
10192.8,52.812692165374756,-6.36,52.76528787612915,0.6013221875409016,52.86109256744385
10401.6,52.920081615448,-6.62,52.87008237838745,0.38657947716808394,52.970080852508545
10861.099999999999,53.0293242931366,-6.896,52.979074239730835,0.4531281506839093,53.08057522773743
10568.699999999999,53.138890981674194,-7.168,53.08867359161377,0.553259256668369,53.23308444023132
10025.699999999999,53.29157900810242,-7.552,53.242077589035034,0.787411996816644,53.50895690917969
10861.099999999999,53.56551003456116,-8.24,53.51694941520691,0.7168580790614243,53.61506199836731
11028.199999999999,53.67436099052429,-8.508,53.62330865859985,0.7214795147222617,53.726412773132324
10401.6,53.785786867141724,-8.788,53.73540759086609,0.6952913793109161,53.83616614341736
11383.300000000001,53.895710706710815,-9.064,53.84516716003418,0.7375004916797536,53.98405385017395
12072.6,54.041587829589844,-9.428,53.9920437335968,0.8330101620033901,54.2735550403595
11717.5,54.332019090652466,-10.156,54.28254795074463,0.8844621456938597,54.38248372077942
10882.0,54.441044330596924,-10.428,54.391510009765625,0.8018924952205282,54.49157977104187
11425.099999999999,54.55156183242798,-10.7,54.50157856941223,0.6506175012563347,54.60254430770874
11696.599999999999,54.66156983375549,-10.98,54.611539363861084,0.812983940806518,54.74909043312073
12385.900000000001,54.80679368972778,-11.348,54.758084535598755,0.7809419868914773,55.03859543800354
11968.099999999999,55.11969208717346,-12.0,55.06948471069336,0.9735018060923579,55.170907735824585
11989.0,55.23005509376526,-12.0,55.17936873435974,0.8933969213047845,55.28174066543579
12970.699999999999,55.340320348739624,-12.0,55.290735483169556,0.779093412627148,55.39088225364685
12093.400000000001,55.45094037055969,-12.0,55.39989924430847,0.8280806306318453,55.54695701599121
10589.599999999999,55.609994649887085,-12.0,55.55595016479492,0.7877200925273371,55.834253787994385
11905.5,55.88777995109558,-12.0,55.842249631881714,0.7227118975651194,55.934311389923096
11341.5,55.993386030197144,-12.0,55.942917585372925,0.7923415281881745,56.04485273361206
11884.6,56.1034038066864,-12.0,56.05384635925293,0.7633805313803634,56.15396070480347
12239.7,56.21293902397156,-12.0,56.16292953491211,0.7775529340735545,56.310922145843506
11738.4,56.36988854408264,-12.0,56.31991720199585,0.7908010496345668,56.61474585533142
11174.4,56.674227476119995,-12.0,56.62374210357666,0.7590671914302618,56.725682497024536
10923.8,56.782649993896484,-12.0,56.73367762565613,0.7602995742731338,56.83162236213684
11090.9,56.89058566093445,-12.0,56.840615034103394,0.8582740102825568,56.94155526161194
10944.7,56.99975323677063,-12.0,56.94955110549927,0.7291819074902861,57.0905876159668
11466.8,57.15035676956177,-12.0,57.099568605422974,0.7248685675401845,57.397727489471436
10297.199999999999,57.45623326301575,-12.0,57.406829595565796,0.7279495246473999,57.50666856765747
10547.800000000001,57.56410598754883,-12.0,57.51563215255737,0.7301061946224507,57.613582611083984
10693.999999999998,57.673060178756714,-12.0,57.62260174751282,0.7606076699838695,57.724518060684204
10464.3,57.781583070755005,-12.0,57.73251557350159,0.7248685675401845,57.87359309196472
11717.5,57.93615126609802,-12.0,57.88158917427063,0.7498243201086154,58.16322946548462
11633.9,58.22196412086487,-12.0,58.17119741439819,0.9198931524268374,58.27376842498779
10861.099999999999,58.337212324142456,-12.0,58.28276538848877,0.7587590957195403,58.392683267593384
11675.7,58.454509973526,-12.0,58.4016797542572,0.6133379202590419,58.508309841156006
10192.8,58.57008957862854,-12.0,58.51740384101868,0.6943670921787515,58.670852184295654
11299.8,58.72787165641785,-12.0,58.68087697029114,0.6718761052961071,58.975744009017944
11466.8,59.035215616226196,-12.0,58.98473882675171,0.7559862343230463,59.08668923377991
11258.0,59.145655155181885,-12.0,59.09568452835083,0.6774218280890807,59.19662523269653
10610.5,59.25459361076355,-12.0,59.20462203025818,0.6706437224532067,59.305564165115356
10714.9,59.364546060562134,-12.0,59.31458926200867,0.7359600131261601,59.45048546791077
10819.4,59.50394940376282,-12.0,59.45947527885437,0.6635575211066254,59.72732615470886
11508.6,59.78930354118347,-12.0,59.73632097244263,0.6885132736750563,59.843255043029785
10714.9,59.90223503112793,-12.0,59.85227918624878,0.6709518181639424,59.953192710876465
11905.5,60.0131561756134,-12.0,59.96318483352661,0.7997358252454916,60.06412649154663
10840.2,60.123591899871826,-12.0,60.07412123680115,0.6188836430520155,60.21503925323486
12281.4,60.273505210876465,-12.0,60.22403407096863,0.7667695841983004,60.4888813495636
12197.9,60.54481840133667,-12.0,60.49687886238098,0.7156256962185381,60.59373235702515
10652.3,60.65196871757507,-12.0,60.601890325546265,0.6284346100843834,60.703025102615356
11258.0,60.760986328125,-12.0,60.712013721466064,0.6201160258949159,60.81096029281616
11090.9,60.86944079399109,-12.0,60.81995391845703,0.6564713197600298,60.96887135505676
11926.4,61.03159165382385,-12.0,60.97886824607849,0.6062517189124463,61.30313324928284
11132.7,61.35756325721741,-12.0,61.31209754943848,0.6345965242988143,61.404030561447144
12072.6,61.4625461101532,-12.0,61.41305470466614,0.6527741712313713,61.51403570175171
11446.0,61.572502851486206,-12.0,61.52303194999695,0.7633805313803634,61.62297320365906
11341.5,61.68104100227356,-12.0,61.63096857070923,0.7116204519791722,61.78005528450012
11592.199999999999,61.84201979637146,-12.0,61.789050340652466,0.6422989170668529,62.06788873672485
11633.9,62.12835383415222,-12.0,62.07688355445862,0.6466122570169546,62.179824352264404
11278.900000000001,62.243791341781616,-12.0,62.18981909751892,0.686664699410727,62.29876208305359
11362.4,62.362720251083374,-12.0,62.30975008010864,0.7322628645975016,62.415690183639526
12323.2,62.47865319252014,-12.0,62.42568373680115,0.6897456565179425,62.57662916183472
11801.0,62.63423037528992,-12.0,62.58559203147888,0.6783461152212453,62.89601731300354
10756.699999999999,62.95487308502197,-12.0,62.90500235557556,0.762148148537463,63.004743814468384
11905.5,63.063156843185425,-12.0,63.01373791694641,0.7076152077397779,63.113614320755005
11278.900000000001,63.17856192588806,-12.0,63.12357950210571,0.7525971815051093,63.23454475402832
10610.5,63.29639554023743,-12.0,63.243539333343506,0.7020694849468043,63.38981246948242
10714.9,63.45027136802673,-12.0,63.39880561828613,0.7396571616548044,63.67923426628113
10986.400000000001,63.73420453071594,-12.0,63.6892306804657,0.8253077692353656,63.78019189834595
10276.300000000001,63.837647438049316,-12.0,63.79017162322998,0.6919023264929933,63.886122703552246
11529.5,63.94511318206787,-12.0,63.89514207839966,0.6007059961194585,63.99608397483826
11070.0,64.05512022972107,-12.0,64.00605416297913,0.6601684682886884,64.15515494346619
12657.400000000001,64.21761393547058,-12.0,64.16414713859558,0.7729314984127171,64.44432306289673
13367.500000000002,64.50145745277405,-12.0,64.45316910743713,0.7279495246473999,64.55075430870056
13075.1,64.60948300361633,-12.0,64.55892276763916,0.7048423463432982,64.66104292869568
11299.8,64.72001576423645,-12.0,64.6700451374054,0.7190147490364751,64.77098751068115
12344.1,64.83045172691345,-12.0,64.77998042106628,0.7291819074902861,64.92090153694153
11968.099999999999,64.9808623790741,-12.0,64.9298951625824,0.6145703031019139,65.20873498916626
11801.0,65.26869797706604,-12.0,65.21772956848145,0.8200701421530994,65.32066535949707
11153.5,65.38113331794739,-12.0,65.32966542243958,0.5899226462442044,65.43360042572021
11968.099999999999,65.49208092689514,-12.0,65.44259428977966,0.6272022272414972,65.54253888130188
10652.3,65.60118126869202,-12.0,65.55153059959412,0.7430462144727557,65.70240950584412
11613.1,65.76013970375061,-12.0,65.71154642105103,0.6349046200095358,65.97764182090759
11571.3,66.03411102294922,-12.0,65.98663902282715,0.6684870524781559,66.08258891105652
11592.199999999999,66.14560532569885,-12.0,66.09257626533508,0.7593752871409691,66.19960832595825
11529.5,66.25828766822815,-12.0,66.20770835876465,0.7076152077397779,66.30886721611023
10213.6,66.36827826499939,-12.0,66.31776666641235,0.6798865937748673,66.46873617172241
10485.199999999999,66.52875208854675,-12.0,66.47972416877747,0.7331871517296662,66.75564670562744
10339.0,66.80747628211975,-12.0,66.76419734954834,0.6013221875409016,66.8517234325409
10339.0,66.91081213951111,-12.0,66.85971999168396,0.7399652573655402,66.96290373802185
10986.400000000001,67.02041840553284,-12.0,66.97186779975891,0.720555227590097,67.06997966766357
11780.1,67.12885928153992,-12.0,67.07897853851318,0.7602995742731338,67.2173113822937
11070.0,67.27822470664978,-12.0,67.22630405426025,0.5717449993116475,67.50714015960693
11153.5,67.56660628318787,-12.0,67.51613545417786,0.7069990163183348,67.61804604530334
12218.800000000001,67.68093919754028,-12.0,67.62707138061523,0.6161107816555216,67.73583316802979
11425.099999999999,67.79808783531189,-12.0,67.7449402809143,0.7707748284376805,67.85223579406738
11696.599999999999,67.91385626792908,-12.0,67.8612289428711,0.5886902634013182,68.01348209381104
11425.099999999999,68.07093358039856,-12.0,68.0234763622284,0.6669465739245624,68.2872953414917
11968.099999999999,68.34435844421387,-12.0,68.29528999328613,0.692826613625158,68.39442825317383
12866.3,68.45363593101501,-12.0,68.4044508934021,0.6379855771167371,68.50382113456726
13430.2,68.56270623207092,-12.0,68.51280665397644,0.7399652573655402,68.61357569694519
14432.8,68.67157196998596,-12.0,68.62160062789917,0.6586279897350806,68.76451897621155
12928.900000000001,68.82545208930969,-12.0,68.77248287200928,0.6629413296851823,69.05453372001648
12448.5,69.11263108253479,-12.0,69.06261157989502,0.7100799734255503,69.16364979743958
13660.000000000002,69.22685265541077,-12.0,69.17267656326294,0.6694113396103347,69.28199625015259
13597.300000000001,69.3434431552887,-12.0,69.29099774360657,0.6315155671915988,69.39686989784241
13096.000000000002,69.4578652381897,-12.0,69.40489554405212,0.720555227590097,69.55778193473816
12928.900000000001,69.61519408226013,-12.0,69.5667724609375,0.6573956068921945,69.84883737564087
13534.6,69.90847516059875,-12.0,69.85780024528503,0.6697194353210421,69.96014642715454
11947.2,70.01949048042297,-12.0,69.96914768218994,0.694983283600223,70.069833278656
11821.900000000001,70.128751039505,-12.0,70.07865619659424,0.6703356267424994,70.17987108230591
11759.3,70.23881649971008,-12.0,70.18886613845825,0.671259913874664,70.32687163352966
11675.7,70.38738584518433,-12.0,70.33584213256836,0.6885132736750563,70.63081955909729
12740.9,70.69061279296875,-12.0,70.63939785957336,0.6626332339744465,70.74282741546631
13367.500000000002,70.80135893821716,-12.0,70.75179123878479,0.7177823661935889,70.85189461708069
13304.9,70.91046977043152,-12.0,70.86092042922974,0.6555470326278652,70.96102905273438
11989.0,71.02019214630127,-12.0,70.97002148628235,0.6321317586130277,71.10843300819397
12511.2,71.17242574691772,-12.0,71.11739659309387,0.7131609305327657,71.39743661880493
13346.7,71.45706295967102,-12.0,71.40645623207092,0.7464352672906784,71.50867938995361
12009.9,71.5671751499176,-12.0,71.51718473434448,0.7646129142232354,71.61819577217102
10506.1,71.67706203460693,-12.0,71.6266016960144,0.7267171418045137,71.72856116294861
10526.9,71.79036259651184,-12.0,71.73711967468262,0.6721842010068286,71.88857054710388
11049.1,71.94854712486267,-12.0,71.8975658416748,0.6691032438996132,72.20860528945923
11070.0,72.26823830604553,-12.0,72.21762466430664,0.6410665342239525,72.31961703300476
10902.9,72.37826442718506,-12.0,72.32812237739563,0.6154945902340785,72.4292676448822
10443.4,72.48789572715759,-12.0,72.43830394744873,0.6851242208571335,72.5383689403534
10756.699999999999,72.60085940361023,-12.0,72.54812431335449,0.6158026859448142,72.70245909690857
10819.4,72.76143670082092,-12.0,72.71145415306091,0.6321317586130277,72.99029207229614
10965.6,73.04275918006897,-12.0,73.00028657913208,0.5954683690372065,73.08723187446594
11153.5,73.14520025253296,-12.0,73.0972261428833,0.6244293658450033,73.19416952133179
10401.6,73.2536780834198,-12.0,73.20319533348083,0.7341114388618308,73.30520129203796
11299.8,73.36377334594727,-12.0,73.31371569633484,0.5933116990621414,73.4508113861084
11842.8,73.51277589797974,-12.0,73.45880675315857,0.7307223860438796,73.74063658714294
10485.199999999999,73.79246115684509,-12.0,73.74863648414612,0.6336722371666497,73.83628582954407
10464.3,73.89545702934265,-12.0,73.84528040885925,0.7131609305327657,73.94563341140747
11111.800000000001,74.00456976890564,-12.0,73.95439958572388,0.6333641414559281,74.05574822425842
11425.099999999999,74.11409974098206,-12.0,74.06438088417053,0.6133379202590419,74.19979906082153
10965.6,74.25167965888977,-12.0,74.20879220962524,0.6148783988126496,74.47509145736694
11696.599999999999,74.52610182762146,-12.0,74.48408150672913,0.6783461152212453,74.56909441947937
12740.9,74.63180327415466,-12.0,74.5781135559082,0.6971399535752454,74.68649291992188
11884.6,74.74599432945251,-12.0,74.69648599624634,0.6999128149717535,74.79550290107727
11947.2,74.85494542121887,-12.0,74.80452632904053,0.7060747291861702,74.95191216468811
11508.6,75.01276898384094,-12.0,74.96067571640015,0.6752651581140441,75.24115109443665
12197.9,75.2943217754364,-12.0,75.25114607810974,0.661092755420853,75.33846735954285
12093.400000000001,75.39726424217224,-12.0,75.34746098518372,0.6654060953709546,75.44706749916077
11905.5,75.50754714012146,-12.0,75.45609164237976,0.6841999337249547,75.56000256538391
11571.3,75.6175754070282,-12.0,75.56999611854553,0.5985493261444077,75.70255208015442
11404.2,75.76566290855408,-12.0,75.71154499053955,0.6133379202590419,76.03818559646606
11362.4,76.09339451789856,-12.0,76.0468213558197,0.6931347093358795,76.1409375667572
10506.1,76.20040464401245,-12.0,76.15193152427673,0.5806797749225723,76.24987530708313
10673.1,76.30715298652649,-12.0,76.25889921188354,0.6265860358200541,76.35640668869019
10819.4,76.41596841812134,-12.0,76.36740064620972,0.5926955076406983,76.5146222114563
12009.9,76.5761468410492,-12.0,76.52361607551575,0.6382936728274586,76.80264568328857
10485.199999999999,76.86163210868835,-12.0,76.81161189079285,0.5889983591120398,76.91262221336365
12051.7,76.97605323791504,-12.0,76.92119836807251,0.6805027851962961,77.03090810775757
11884.6,77.09315466880798,-12.0,77.04008889198303,0.6798865937748673,77.14719605445862
11905.5,77.20915722846985,-12.0,77.15619134902954,0.7467433630014,77.31183648109436
12928.900000000001,77.36730742454529,-12.0,77.32083106040955,0.6891294650964994,77.59970092773438
12177.0,77.65865135192871,-12.0,77.60769629478455,0.6386017685381944,77.7106065750122
11070.0,77.76912713050842,-12.0,77.71963143348694,0.7110042605577291,77.81961989402771
11195.3,77.87865376472473,-12.0,77.8285825252533,0.6669465739245624,77.93069362640381
12197.9,77.98967480659485,-12.0,77.939688205719,0.6521579798099282,78.07461810112
12281.4,78.12908005714417,-12.0,78.08260679244995,0.6660222867923977,78.35045218467712
12469.4,78.41291689872742,-12.0,78.36044692993164,0.6358289071417005,78.46638584136963
12197.9,78.52884984016418,-12.0,78.47638058662415,0.6500013098348774,78.58232641220093
11550.400000000001,78.64236807823181,-12.0,78.59231328964233,0.7399652573655402,78.69242286682129
12156.1,78.75198721885681,-12.0,78.70144820213318,0.5674316593615458,78.8431830406189
10693.999999999998,78.9017870426178,-12.0,78.85217809677124,0.7273333332259568,79.13383340835571
11028.199999999999,79.19235491752625,-12.0,79.14212346076965,0.6761894452462087,79.24258613586426
11592.199999999999,79.3014509677887,-12.0,79.2517569065094,0.7556781386123248,79.35217905044556
11696.599999999999,79.41097569465637,-12.0,79.36118698120117,0.6487689269920054,79.46176409721375
11947.2,79.520747423172,-12.0,79.47078847885132,0.5739016692866983,79.60668540000916
10986.400000000001,79.6656482219696,-12.0,79.61568093299866,0.6734165838497006,79.88252663612366
10088.3,79.93849158287048,-12.0,79.89251518249512,0.7103880691362718,79.98546814918518
10088.3,80.04443120956421,-12.0,79.99446249008179,0.6506175012563347,80.0954065322876
10297.199999999999,80.15437912940979,-12.0,80.10542321205139,0.5859174020048243,80.20433473587036
10150.999999999998,80.26330232620239,-12.0,80.21333003044128,0.5911550290870906,80.35824775695801
10171.9,80.4191792011261,-12.0,80.36824178695679,0.6811189766177392,80.64612936973572
10401.6,80.70533967018127,-12.0,80.65470933914185,0.6099488674410907,80.75693845748901
10088.3,80.8149802684784,-12.0,80.76501393318176,0.7134690262435015,80.8649468421936
9942.1,80.92462754249573,-12.0,80.87525749206543,0.6484608312812838,80.97499799728394
10610.5,81.03397965431213,-12.0,80.98402452468872,0.6589360854458022,81.12491846084595
10004.800000000001,81.18040680885315,-12.0,81.13293647766113,0.6878970822536274,81.4117500782013
9733.2,81.46871256828308,-12.0,81.42074084281921,0.7615319571160342,81.516685962677
9921.2,81.5782859325409,-12.0,81.52468276023865,0.6614008511315745,81.63286018371582
10359.8,81.69234251976013,-12.0,81.64188313484192,0.694983283600223,81.74379444122314
10652.3,81.80327463150024,-12.0,81.75281929969788,0.689437560807221,81.89071202278137
11153.5,81.95020627975464,-12.0,81.90073466300964,0.5775988178153568,82.17753338813782
11696.599999999999,82.2376229763031,-12.0,82.18656969070435,0.6410665342239525,82.28967666625977
10234.5,82.34803414344788,-12.0,82.2986752986908,0.6595522768672453,82.39839458465576
10255.4,82.45727372169495,-12.0,82.40741920471191,0.6216565044485094,82.50811576843262
10547.800000000001,82.5671124458313,-12.0,82.51711964607239,0.6355208114309789,82.65608358383179
10923.8,82.71305108070374,-12.0,82.66507768630981,0.561885936568558,82.94276404380798
10923.8,83.0004665851593,-12.0,82.95172762870789,0.6198079301841801,83.05017924308777
11299.8,83.10925126075745,-12.0,83.05918097496033,0.6121055374161557,83.15932154655457
10923.8,83.22195553779602,-12.0,83.16831636428833,0.6996047192610177,83.27656817436218
11466.8,83.33532738685608,-12.0,83.28462934494019,0.6795784980641315,83.43596577644348
10798.5,83.4946768283844,-12.0,83.44495916366577,0.6817351680391965,83.727294921875
10297.199999999999,83.7871925830841,-12.0,83.73629117012024,0.6062517189124463,83.83911466598511
11216.2,83.89829421043396,-12.0,83.8481092453003,0.6475365441491192,83.94947981834412
10401.6,84.00890612602234,-12.0,83.9584813117981,0.5397030453966067,84.059330701828
10735.8,84.11830449104309,-12.0,84.06834840774536,0.6561632240493083,84.21723127365112
10297.199999999999,84.28076243400574,-12.0,84.22722601890564,0.7103880691362718,84.50618100166321
10756.699999999999,84.5601794719696,-12.0,84.51520919799805,0.6284346100843834,84.60612320899963
10965.6,84.66460490226746,-12.0,84.61514401435852,0.6789623066427026,84.71506524085999
11153.5,84.77602863311768,-12.0,84.72505474090576,0.67927040235341,84.82900166511536
10923.8,84.88606476783752,-12.0,84.83902096748352,0.6250455572664464,84.98258876800537
11466.8,85.04859709739685,-12.0,84.99257826805115,0.690053752228664,85.2877106666565
11258.0,85.34483981132507,-12.0,85.29670023918152,0.5785231049475215,85.39397954940796
11237.1,85.45645141601562,-12.0,85.4030294418335,0.7575267128766541,85.5108814239502
11007.3,85.56887722015381,-12.0,85.5189061164856,0.5819121577654442,85.61981701850891
10882.0,85.6795723438263,-12.0,85.6288435459137,0.5403192368180783,85.7772810459137
10714.9,85.83782386779785,-12.0,85.78635811805725,0.5661992765186596,86.1013662815094
10046.5,86.16033744812012,-12.0,86.11036038398743,0.5409354282395071,86.21132826805115
10276.300000000001,86.2748794555664,-12.0,86.2192976474762,0.6561632240493083,86.33149218559265
10004.800000000001,86.39254546165466,-12.0,86.33948707580566,0.7522890857943878,86.4466028213501
10171.9,86.50806736946106,-12.0,86.45559787750244,0.6133379202590419,86.60631227493286
10297.199999999999,86.66428208351135,-12.0,86.61531519889832,0.7091556862933999,86.88218402862549
10944.7,86.94113540649414,-12.0,86.89214873313904,0.5862254977155459,86.9911208152771
10861.099999999999,87.04857230186462,-12.0,87.0001163482666,0.6687951481888774,87.09802842140198
10965.6,87.15699863433838,-12.0,87.1080310344696,0.6977561449967027,87.20699667930603
10986.400000000001,87.26595115661621,-12.0,87.21596765518188,0.6450717784633326,87.3569107055664
10923.8,87.4189441204071,-12.0,87.36588025093079,0.7479757458443004,87.64700770378113
10464.3,87.70544695854187,-12.0,87.65597176551819,0.6629413296851823,87.75592136383057
10380.7,87.81988215446472,-12.0,87.76491689682007,0.7575267128766541,87.87584614753723
10443.4,87.93930983543396,-12.0,87.88584208488464,0.6567794154707514,87.9937789440155
11007.3,88.05424332618713,-12.0,88.00377202033997,0.5957764647478996,88.15568470954895
10861.099999999999,88.21388721466064,-12.0,88.16567945480347,0.6687951481888774,88.44508147239685
10944.7,88.50553321838379,-12.0,88.45507550239563,0.6580117983136375,88.55698657035828
11759.3,88.61556553840637,-12.0,88.565012216568,0.5917712205085337,88.66611862182617
11968.099999999999,88.72562551498413,-12.0,88.67508363723755,0.5893064548227755,88.77713513374329
11801.0,88.83537149429321,-12.0,88.78513741493225,0.6500013098348774,88.93557715415955
11821.900000000001,88.99660468101501,-12.0,88.94457769393921,0.7985034424025912,89.22523903846741
12009.9,89.27858805656433,-12.0,89.23432064056396,0.5816040620547227,89.32285571098328
12009.9,89.38312220573425,-12.0,89.33185601234436,0.6580117983136375,89.43438816070557
12135.199999999999,89.49311709403992,-12.0,89.44340562820435,0.6047112403588244,89.54359650611877
11801.0,89.60074210166931,-12.0,89.55237007141113,0.5748259564188629,89.68693971633911
12177.0,89.752117395401,-12.0,89.69549202919006,0.6256617486878895,89.9776759147644
12803.599999999999,90.03016090393066,-12.0,89.98667025566101,0.5865335934262816,90.07462978363037
12678.3,90.13356828689575,-12.0,90.0846221446991,0.6638656168173469,90.18448376655579
12385.900000000001,90.24296355247498,-12.0,90.19347643852234,0.5899226462442044,90.29342126846313
11070.0,90.3523862361908,-12.0,90.30241370201111,0.6441474913311822,90.44932985305786
10840.2,90.50932359695435,-12.0,90.45835542678833,0.639526055670359,90.72519731521606
10673.1,90.78167605400085,-12.0,90.73316621780396,0.5276873126784807,90.83120656013489
11174.4,90.89066290855408,-12.0,90.8396828174591,0.650925596967042,90.94164299964905
11425.099999999999,91.0016462802887,-12.0,90.95263862609863,0.5957764647478996,91.05165386199951
11362.4,91.1111991405487,-12.0,91.06067967414856,0.6453798741740542,91.2016966342926
11341.5,91.26021790504456,-12.0,91.21069121360779,0.5588049794613426,91.53764271736145
10756.699999999999,91.59017419815063,-12.0,91.5466079711914,0.5865335934262816,91.63470983505249
10359.8,91.69384503364563,-12.0,91.64377093315125,0.6672546696352839,91.7448890209198
11070.0,91.80336999893188,-12.0,91.75291395187378,0.5554159266434056,91.85382604598999
10693.999999999998,91.9168050289154,-12.0,91.86381936073303,0.6345965242988143,92.01576328277588
11571.3,92.07670187950134,-12.0,92.0247311592102,0.6007059961194585,92.30547308921814
11278.900000000001,92.35891222953796,-12.0,92.31543755531311,0.5070449000601513,92.40338778495789
11153.5,92.46306014060974,-12.0,92.41438055038452,0.5837607320297877,92.51273918151855
11592.199999999999,92.57117438316345,-12.0,92.5207040309906,0.6549308412064221,92.62264394760132
11571.3,92.68161034584045,-12.0,92.63263821601868,0.639526055670359,92.77855372428894
11341.5,92.83665347099304,-12.0,92.78655552864075,0.5905388376656475,93.05382680892944
12156.1,93.10833191871643,-12.0,93.06382751464844,0.6136460159697492,93.1538348197937
11926.4,93.21269536018372,-12.0,93.1628303527832,0.5720530950223548,93.26353144645691
11216.2,93.32550835609436,-12.0,93.27252340316772,0.6943670921787515,93.38046431541443
10589.599999999999,93.44043111801147,-12.0,93.39045763015747,0.6558551283385867,93.53142356872559
9900.3,93.5893623828888,-12.0,93.5393877029419,0.636137002852422,93.82056760787964
11090.9,93.88011193275452,-12.0,93.83055758476257,0.6296669929272696,93.93068861961365
11613.1,93.98897695541382,-12.0,93.93882966041565,0.5286115998106595,94.03912425041199
11675.7,94.0981514453888,-12.0,94.0480968952179,0.6413746299346883,94.14920425415039
11801.0,94.20918869972229,-12.0,94.15822911262512,0.7094637820041072,94.31210994720459
12051.7,94.368412733078,-12.0,94.32210421562195,0.6207322173163448,94.58372068405151
10526.9,94.64393734931946,-12.0,94.59182071685791,0.6154945902340785,94.69605207443237
11216.2,94.755535364151,-12.0,94.706050157547,0.7011451978146397,94.80502033233643
10777.6,94.86486148834229,-12.0,94.8149824142456,0.6176512602091435,94.91577124595642
10526.9,94.97536206245422,-12.0,94.92465782165527,0.6595522768672453,95.07708930969238
10861.099999999999,95.13519096374512,-12.0,95.0870909690857,0.6127217288375846,95.36635065078735
9775.0,95.42578959465027,-12.0,95.37448644638062,0.5631183194114442,95.47811532020569
10004.800000000001,95.53687191009521,-12.0,95.48711585998535,0.5763664349724564,95.58762621879578
9691.5,95.64736533164978,-12.0,95.59762835502625,0.6570875111814729,95.69810342788696
9524.4,95.75707077980042,-12.0,95.70709681510925,0.575442147840306,95.84401774406433
9733.2,95.90598464012146,-12.0,95.85301208496094,0.686664699410727,96.13216304779053
11070.0,96.19320392608643,-12.0,96.14113163948059,0.6601684682886884,96.2462751865387
11508.6,96.30673718452454,-12.0,96.25526976585388,0.6013221875409016,96.35920524597168
12344.1,96.42017245292664,-12.0,96.36920070648193,0.590230741954926,96.47217154502869
12051.7,96.53114485740662,-12.0,96.48116493225098,0.6339803328773712,96.62310266494751
11821.900000000001,96.67505431175232,-12.0,96.63209390640259,0.7193228447471967,96.89593720436096
10652.3,96.94857597351074,-12.0,96.90493154525757,0.6952913793109161,96.99322772026062
10861.099999999999,97.0516288280487,-12.0,97.00133514404297,0.6650979996602331,97.10292196273804
11028.199999999999,97.16188168525696,-12.0,97.11190962791443,0.6256617486878895,97.2128529548645
10986.400000000001,97.27095770835876,-12.0,97.2208788394928,0.6598603725779668,97.35598587989807
10777.6,97.4108374118805,-12.0,97.36498665809631,0.7220957061436906,97.63171577453613
12553.0,97.68290162086487,-12.0,97.64071011543274,0.6435312999097391,97.72708988189697
12135.199999999999,97.78576302528381,-12.0,97.73572516441345,0.5905388376656475,97.8367977142334
12177.0,97.89568305015564,-12.0,97.84479212760925,0.5936197947728772,97.94560480117798
11884.6,98.00457048416138,-12.0,97.95459914207458,0.6154945902340785,98.09251999855042
12260.5,98.15348505973816,-12.0,98.10251426696777,0.6601684682886884,98.38238501548767
11446.0,98.44485068321228,-12.0,98.39237904548645,0.690053752228664,98.49732255935669
10902.9,98.55775666236877,-12.0,98.50828194618225,0.6515417883884851,98.60823082923889
10735.8,98.66847801208496,-12.0,98.61724996566772,0.7411976402084264,98.72070622444153
11007.3,98.77966713905334,-12.0,98.72969341278076,0.6170350687876862,98.87253618240356
10526.9,98.9278633594513,-12.0,98.88153219223022,0.7261009503830707,99.17707657814026
10380.7,99.2361752986908,-12.0,99.18607091903687,0.5960845604586353,99.28727769851685
10422.499999999998,99.34718489646912,-12.0,99.29627203941345,0.7094637820041072,99.39809775352478
10359.8,99.45659947395325,-12.0,99.40708518028259,0.5640426065436088,99.50711297988892
10213.6,99.5663549900055,-12.0,99.51658916473389,0.6019383789623305,99.65514969825745
10088.3,99.70979619026184,-12.0,99.66514539718628,0.6053274317802817,99.92825698852539
9983.9,99.98252749443054,-12.0,99.93733525276184,0.6426070127775745,100.02871870994568
9983.9,100.08768391609192,-12.0,100.03871154785156,0.6158026859448142,100.13765597343445
9712.400000000001,100.19762086868286,-12.0,100.14864921569824,0.6065598146231537,100.24659252166748
9315.5,100.307058095932,-12.0,100.25758719444275,0.6493851184134485,100.40550184249878
9399.1,100.4710476398468,-12.0,100.41949534416199,0.6047112403588244,100.69449520111084
9775.0,100.75147557258606,-11.356,100.70249152183533,0.4780839032523403,100.80145907402039
9879.4,100.85941529273987,-11.092,100.80943465232849,0.40968665547218563,100.91038227081299
10171.9,100.96935200691223,-10.816,100.91839170455933,0.5141311014067327,101.02131247520447
10192.8,101.08031105995178,-10.54,101.03030681610107,0.5893064548227755,101.17037057876587
10150.999999999998,101.22934103012085,-10.164,101.1793966293335,0.2707354899368397,101.47612428665161
10840.2,101.53316855430603,-9.4,101.48415207862854,0.4987263158706696,101.58311486244202
11111.800000000001,101.64197897911072,-9.132,101.5921196937561,0.6121055374161557,101.6928391456604
11258.0,101.75201058387756,-8.856,101.70186495780945,0.40506521981136245,101.80315470695496
11195.3,101.86140275001526,-8.584,101.81118202209473,0.586841689136989,101.95131015777588
11383.300000000001,102.01231455802917,-8.212,101.95930671691895,0.1672153311344431,102.24083471298218
12218.800000000001,102.3008303642273,-7.488,102.24885964393616,0.2568711829543844,102.35379981994629
12302.3,102.41276550292969,-7.204,102.3617947101593,-0.03951689075962861,102.46473503112793
11926.4,102.52317547798157,-6.928,102.47370767593384,0.12685479302993485,102.57367324829102
12511.2,102.63163995742798,-6.656,102.58166837692261,0.2944588596623703,102.73754787445068
12448.5,102.79531264305115,-6.244,102.74654293060303,0.2531740344257116,103.00663256645203
12824.5,103.06336236000061,-5.572,103.01464986801147,0.38935233856457785,103.11307621002197
13242.199999999999,103.17190766334534,-5.304,103.1220715045929,0.39859520988621,103.22273755073547
13012.5,103.28130221366882,-5.028,103.23175621032715,0.2066515821067867,103.33184623718262
13513.699999999999,103.3905098438263,-4.756,103.33989548683167,-0.00192921405160007,103.48340797424316
13680.8,103.54201936721802,-4.38,103.49140477180481,-0.031814497991589974,103.7865514755249
13931.500000000002,103.8452718257904,-3.62,103.79554605484009,0.04767419537452611,103.89600682258606
14286.6,103.95443320274353,-3.348,103.90431618690491,-0.06632121759238885,104.00557899475098
14579.0,104.06386685371399,-3.072,104.01362633705139,0.1046719018579978,104.11510729789734
15059.400000000001,104.17458391189575,-2.8,104.12507104873657,0.1496538756233292,104.2638030052185
15122.0,104.32391309738159,-2.424,104.27282118797302,-0.06354835619589494,104.5548300743103
15330.900000000001,104.61586499214172,-1.696,104.56285643577576,-0.2946201392369545,104.66987347602844
15142.9,104.72976160049438,-1.412,104.6788694858551,-0.09990365006102309,104.78162217140198
15226.5,104.84356045722961,-1.132,104.79062175750732,0.22606161188222984,104.8974986076355
14996.7,104.95646500587463,-0.84,104.90649318695068,0.13424909008725194,105.04341506958008
14683.4,105.09889626502991,-0.476,105.05141043663025,-0.023187818091386703,105.31924939155579
14391.0,105.37499403953552,0.0,105.32726812362671,0.035042271234956957,105.42272019386292
14265.699999999999,105.48268747329712,0.0,105.4327130317688,0.05630087527472938,105.53365755081177
14035.9,105.59262251853943,0.0,105.54264974594116,-0.10175222432535236,105.64359307289124
14015.0,105.70255780220032,0.0,105.65158700942993,0.0720137565215282,105.79450392723083
13910.6,105.8529863357544,0.0,105.80349946022034,0.013167475773741444,106.08457088470459
13973.3,106.1444022655487,0.0,106.0935845375061,0.20695967781749403,106.19605088233948
13910.6,106.25414776802063,0.0,106.20408415794373,0.04736609966380456,106.30421113967896
13743.5,106.36300754547119,0.0,106.31322908401489,-0.00131302263017119,106.4137852191925
13764.400000000001,106.47198700904846,0.0,106.42177391052246,0.006389370137867445,106.5610818862915
13618.2,106.61886596679688,0.0,106.57104778289795,0.021794155673930504,106.83355712890625
13785.300000000001,106.88878560066223,0.0,106.84155321121216,0.07324613936440016,106.93701791763306
13827.1,106.99598336219788,0.0,106.94601225852966,0.18138773382761997,107.04695439338684
13764.400000000001,107.10543656349182,0.0,107.05498099327087,0.08125662784316035,107.15589213371277
13660.000000000002,107.21502256393433,0.0,107.16491794586182,-0.01795019100912043,107.31162238121033
13513.699999999999,107.37186574935913,0.0,107.3206160068512,0.012243188641576808,107.60200071334839
13743.5,107.6611487865448,0.0,107.6101005077362,0.024258921359702867,107.71319484710693
13806.199999999999,107.77213072776794,0.0,107.72116041183472,0.023950825648981322,107.82410764694214
13639.1,107.88309073448181,0.0,107.83209705352783,0.024567017070438624,107.93505501747131
13743.5,107.99384307861328,0.0,107.94407844543457,0.10005046619717461,108.092768907547
13597.300000000001,108.15191912651062,0.0,108.10073900222778,0.13086003726931494,108.38254594802856
13534.6,108.43758749961853,0.0,108.39057421684265,0.11299048604747952,108.48559904098511
13534.6,108.54431247711182,0.0,108.4935941696167,0.12685479302993485,108.5960283279419
13513.699999999999,108.65549111366272,0.0,108.60601949691772,0.03350179268136344,108.70597076416016
13576.4,108.76524901390076,0.0,108.71399068832397,0.0680085122821481,108.85778903961182
13513.699999999999,108.91529726982117,0.0,108.86587142944336,0.09203997771841443,109.16566157341003
13492.900000000001,109.22173595428467,0.0,109.17365264892578,0.004848891584259718,109.2708158493042
13158.7,109.32944655418396,0.0,109.27938890457153,0.031037026995576866,109.3804726600647
13137.8,109.43946766853333,0.0,109.3884973526001,0.05691706669618668,109.49043798446655
13033.4,109.54942345619202,0.0,109.4994330406189,0.1570481726806321,109.63946890830994
13472.0,109.70039010047913,0.0,109.64846444129944,0.008546040112918263,109.928049325943
13263.1,109.98684000968933,0.0,109.9360134601593,0.02949654844196914,110.03866624832153
13325.800000000001,110.09822583198547,0.0,110.04680109024048,0.053219918167528135,110.15068101882935
13284.0,110.20835995674133,0.0,110.15867614746094,0.09912617906500998,110.25905227661133
13137.8,110.31696581840515,0.0,110.26707649230957,0.12870336729426413,110.40569615364075
13179.6,110.45881152153015,0.0,110.41369318962097,0.058457545249780196,110.67782092094421
13096.000000000002,110.73230576515198,0.0,110.68684482574463,0.025183208491867504,110.77876472473145
13263.1,110.83694005012512,0.0,110.78675866127014,0.03750703692072932,110.88812065124512
13304.9,110.94704413414001,0.0,110.89705729484558,0.08526187208255465,110.99800157546997
13200.400000000001,111.05718755722046,0.0,111.0070252418518,0.11976859168333931,111.15548014640808
13179.6,111.21310019493103,0.0,111.16347551345825,-0.007474936844602098,111.4440188407898
13054.2,111.50298881530762,0.0,111.45202136039734,0.05753325811761556,111.55495572090149
12824.5,111.61199307441711,0.0,111.56295037269592,0.08094853213245301,111.66198706626892
13096.000000000002,111.72238755226135,0.0,111.67099690437317,0.16351818260578455,111.77474927902222
12845.4,111.83271861076355,0.0,111.78274297714233,0.05814944953905865,111.92064261436462
12928.900000000001,111.97412991523743,0.0,111.9286379814148,0.01871319856672926,112.241042137146
12970.699999999999,112.29965090751648,0.0,112.24868583679199,0.08618615921471928,112.35061597824097
13075.1,112.40906405448914,0.0,112.35963559150696,0.008854135823654019,112.45948600769043
12908.0,112.51702070236206,0.0,112.46848011016846,0.05106324819247732,112.5665602684021
12740.9,112.62454676628113,0.0,112.5745849609375,0.12623860160849176,112.7184808254242
12991.6,112.78083825111389,0.0,112.72615551948547,0.06338707662132492,113.0084216594696
13116.9,113.0678551197052,0.0,113.01638555526733,0.06431136375347535,113.1203260421753
12949.800000000001,113.18478798866272,0.0,113.13032007217407,0.05568468385328629,113.23925566673279
13012.5,113.30022358894348,0.0,113.24725699424744,0.09758570051140225,113.3531904220581
12928.900000000001,113.41417002677917,0.0,113.36121153831482,0.1490376842018719,113.51112699508667
12928.900000000001,113.56958079338074,0.0,113.51909446716309,0.1379462386159105,113.7907874584198
12532.099999999999,113.84828066825867,0.0,113.7987916469574,-0.07402361036041327,113.89776945114136
12594.7,113.95544695854187,0.0,113.90684461593628,0.09327236056131483,114.00504899024963
12720.1,114.06301784515381,0.0,114.01304936408997,0.13763814290518894,114.11398768424988
12594.7,114.17346715927124,0.0,114.1239800453186,0.17183676679525206,114.26390194892883
12699.199999999999,114.32638096809387,0.0,114.27292490005493,0.0978937962221238,114.55273389816284
12573.8,114.61269927024841,0.0,114.56272745132446,0.10775285896519904,114.66370105743408
12406.699999999999,114.72715640068054,0.0,114.67266416549683,0.05506849243185741,114.7826795578003
12615.6,114.84311604499817,0.0,114.7906448841095,0.09696950908995916,114.89658522605896
12553.0,114.95735144615173,0.0,114.90458607673645,0.015632241459513807,115.06309676170349
12511.2,115.11723017692566,0.0,115.07112169265747,0.012243188641576808,115.33637022972107
12657.400000000001,115.39333653450012,0.0,115.34536218643188,0.1604372254985691,115.44131112098694
12448.5,115.4982922077179,0.0,115.45030784606934,0.13301670724436576,115.54724597930908
12469.4,115.6067407131195,0.0,115.55726933479309,0.009778422955804444,115.65621209144592
12448.5,115.71566605567932,0.0,115.66518306732178,0.1570481726806321,115.80912446975708
12469.4,115.8700737953186,0.0,115.81708884239197,0.05691706669618668,116.10093307495117
12448.5,116.16053295135498,0.0,116.10992860794067,0.06954899083574162,116.21213889122009
12532.099999999999,116.27531027793884,0.0,116.21997928619385,0.03226940983846305,116.33161807060242
12615.6,116.3931097984314,0.0,116.34063577651978,0.1665991397129858,116.44657850265503
12636.5,116.50919842720032,0.0,116.45657157897949,0.016248432880942687,116.6084988117218
12553.0,116.66639828681946,0.0,116.61659979820251,0.05999802380338792,116.89612936973572
12553.0,116.95809626579285,0.0,116.90513014793396,-0.08265029026060233,117.01206254959106
12511.2,117.06903529167175,0.0,117.0200572013855,0.09850998764356689,117.11901307106018
12573.8,117.17804980278015,0.0,117.12800979614258,0.14780530135898573,117.22808957099915
12553.0,117.28715872764587,0.0,117.2371940612793,0.07601900076089407,117.3752133846283
12469.4,117.43341994285583,0.0,117.38320970535278,0.03966370689576593,117.64949417114258
12469.4,117.70792412757874,0.0,117.65746593475342,0.159821034077126,117.7593924999237
12448.5,117.82156252861023,0.0,117.76738572120667,0.060614215224831014,117.87674021720886
12740.9,117.93520879745483,0.0,117.88576364517212,0.06369517233204647,117.98563075065613
12803.599999999999,118.04559063911438,0.0,117.9946174621582,0.05630087527472938,118.13854146003723
12699.199999999999,118.1961019039154,0.0,118.14654326438904,0.1250062187656198,118.44443845748901
12615.6,118.50088930130005,0.0,118.45243215560913,0.06554374659637574,118.5503466129303
12553.0,118.6084930896759,0.0,118.55834007263184,0.01070271008796908,118.65967178344727
12615.6,118.71818232536316,0.0,118.66766738891602,0.05630087527472938,118.76966571807861
12761.800000000001,118.82821393013,0.0,118.77766680717468,0.0775594793145018,118.92108488082886
12657.400000000001,118.98089909553528,0.0,118.93016123771667,0.12069287881550395,119.20929145812988
12720.1,119.26758360862732,0.0,119.21728110313416,0.05229563103534929,119.3188853263855
12803.599999999999,119.37714433670044,0.0,119.3276252746582,0.09943427477573152,119.42763423919678
12845.4,119.486656665802,0.0,119.43552613258362,0.173377245348874,119.53878831863403
12761.800000000001,119.59687161445618,0.0,119.54675912857056,0.13301670724436576,119.68604564666748
12678.3,119.74042820930481,0.0,119.69501042366028,0.05476039672112165,119.96027493476868
12553.0,120.01374745368958,0.0,119.96824741363525,0.007621752980753627,120.0592474937439
12636.5,120.11822867393494,0.0,120.06824135780334,0.05630087527472938,120.16918516159058
12594.7,120.22763180732727,0.0,120.17718076705933,0.0741704264965648,120.27911257743835
12636.5,120.3378357887268,0.0,120.28707647323608,0.11206619891531489,120.43677186965942
12657.400000000001,120.49642896652222,0.0,120.44576740264893,-0.06878598327816121,120.72456407546997
12761.800000000001,120.78232741355896,0.0,120.73259019851685,0.05476039672112165,120.8330626487732
12699.199999999999,120.89153361320496,0.0,120.84205889701843,0.028264165599082958,120.94200921058655
12615.6,120.99995446205139,0.0,120.9503231048584,0.03966370689576593,121.05059003829956
12553.0,121.10867619514465,0.0,121.05858612060547,0.13147622869075803,121.20201373100281
12657.400000000001,121.26605105400085,0.0,121.21000933647156,0.13640576006228855,121.52497410774231
12782.7,121.58595776557922,0.0,121.53499937057495,0.13086003726931494,121.63791513442993
12928.900000000001,121.69649004936218,0.0,121.64691138267517,0.12130907023694704,121.74706864356995
12887.1,121.80597472190857,0.0,121.75606322288513,0.15489150270558127,121.85688877105713
12970.699999999999,121.91481137275696,0.0,121.86490607261658,0.11145000749385758,122.01300716400146
12803.599999999999,122.07516098022461,0.0,122.02200937271118,0.08187281926460344,122.3030219078064
12908.0,122.35332155227661,0.0,122.31056118011475,-0.02072305240561434,122.39608192443848
12949.800000000001,122.45554566383362,0.0,122.40508460998535,0.10929333751882098,122.50700831413269
13012.5,122.56614089012146,0.0,122.51700067520142,0.1490376842018719,122.61628079414368
12970.699999999999,122.67470622062683,0.0,122.6242458820343,0.027956069888361412,122.76477217674255
12970.699999999999,122.82491040229797,0.0,122.77476668357849,0.0020760301877658094,123.05323791503906
12845.4,123.1136257648468,0.0,123.06122636795044,0.0646194594642111,123.16602540016174
12908.0,123.22430896759033,0.0,123.17502117156982,0.09049949916482092,123.27459406852722
12949.800000000001,123.33409714698792,0.0,123.28325247764587,0.056608970985450924,123.38591146469116
12908.0,123.44375777244568,0.0,123.39393544197083,0.15766436410206097,123.53006553649902
13075.1,123.58491110801697,0.0,123.53905987739563,0.1958682322315326,123.81834387779236
12991.6,123.87581276893616,0.0,123.8263373374939,0.13856243003735358,123.92631101608276
13096.000000000002,123.98476505279541,0.0,123.93430662155151,0.09080759487552825,124.0352234840393
12991.6,124.0941870212555,0.0,124.04421806335449,0.1558157898377317,124.14516019821167
12970.699999999999,124.20812058448792,0.0,124.15515112876892,0.011318901509412171,124.31106448173523
12908.0,124.36954426765442,0.0,124.32006025314331,0.1379462386159105,124.60089302062988
12991.6,124.66136431694031,0.0,124.60989475250244,0.004848891584259718,124.71382856369019
13096.000000000002,124.77229499816895,0.0,124.72182488441467,0.09173188200769289,124.82376480102539
13096.000000000002,124.88324522972107,0.0,124.83275890350342,0.10343951901511161,124.9337317943573
13075.1,124.99266982078552,0.0,124.942702293396,0.14996197133403655,125.09360980987549
13116.9,125.1525776386261,0.0,125.102609872818,0.1379462386159105,125.39746260643005
13116.9,125.45490574836731,0.0,125.40543460845947,0.0877266377683128,125.50537323951721
13116.9,125.56335353851318,0.0,125.51237225532532,0.1536591198626951,125.61433482170105
13012.5,125.67278099060059,0.0,125.62231111526489,0.13763814290518894,125.7242522239685
12991.6,125.78272843360901,0.0,125.7322473526001,0.05137134390318465,125.87218737602234
12991.6,125.93162941932678,0.0,125.8801622390747,0.1924791794135956,126.14600419998169
13012.5,126.20197343826294,0.0,126.15400433540344,0.10189904046150389,126.24994254112244
13033.4,126.31190705299377,0.0,126.25793790817261,0.1468810142268211,126.36687564849854
12949.800000000001,126.426344871521,0.0,126.37587666511536,0.053219918167528135,126.47781372070312
12866.3,126.53727912902832,0.0,126.48780751228333,0.05506849243185741,126.62372827529907
12761.800000000001,126.68169474601746,0.0,126.63172388076782,0.053836109588957015,126.89957332611084
12720.1,126.95705246925354,0.0,126.9085955619812,0.11114191178315025,127.00650906562805
12740.9,127.06647396087646,0.0,127.01650357246399,0.08895902061119898,127.11744499206543
12678.3,127.17742538452148,0.0,127.12743902206421,0.028264165599082958,127.22741174697876
12740.9,127.28734755516052,0.0,127.23737573623657,0.13209242011218691,127.37330341339111
12615.6,127.43226599693298,0.0,127.3822979927063,0.05137134390318465,127.66113066673279
12553.0,127.71960020065308,0.0,127.66913056373596,0.11391477317964416,127.77109456062317
12761.800000000001,127.82866406440735,0.0,127.77815198898315,0.041204185449387865,127.88017630577087
12803.599999999999,127.93915486335754,0.0,127.88917064666748,-0.012404468216132614,127.98913884162903
12782.7,128.04764223098755,0.0,127.9971091747284,0.09542903053635143,128.13715195655823
12866.3,128.19511914253235,0.0,128.14614725112915,0.06030611951410947,128.42754745483398
12887.1,128.48418188095093,0.0,128.43568229675293,0.08341329781822537,128.53368186950684
12908.0,128.5961458683014,0.0,128.54267692565918,0.04058799402793056,128.65062165260315
12866.3,128.71011090278625,0.0,128.65964031219482,0.05229563103534929,128.76058149337769
12866.3,128.81952047348022,0.0,128.76954555511475,0.08587806350398353,128.92145824432373
12824.5,128.9799919128418,0.0,128.9294626712799,0.1952520408100895,129.24201583862305
12970.699999999999,129.30145168304443,0.0,129.2519793510437,0.0658518423071115,129.35293006896973
12845.4,129.41641688346863,0.0,129.36094760894775,0.20018157218162003,129.4718861579895
12928.900000000001,129.534330368042,0.0,129.48184847831726,0.26087642719375026,129.5878119468689
12845.4,129.648264169693,0.0,129.59578108787537,0.11021762465098561,129.74669432640076
12887.1,129.80466055870056,0.0,129.7546889781952,0.09358045627202216,130.02453875541687
12908.0,130.08250212669373,0.0,130.03353118896484,0.10898524180809943,130.13247323036194
13054.2,130.18993878364563,0.0,130.1414670944214,0.05291182245679238,130.23941016197205
13158.7,130.29789233207703,0.0,130.24740552902222,0.07232185223223553,130.34935474395752
13137.8,130.40832376480103,0.0,130.35835027694702,0.13209242011218691,130.49829578399658
13096.000000000002,130.55972957611084,0.0,130.5072627067566,0.03350179268136344,130.8030869960785
12949.800000000001,130.86155343055725,0.0,130.81108260154724,0.030420835574133775,130.91303086280823
12928.900000000001,130.9715051651001,0.0,130.92201805114746,0.10005046619717461,131.0219919681549
12949.800000000001,131.0799434185028,0.0,131.02995705604553,0.13270861153364422,131.13090634346008
13012.5,131.1914565563202,0.0,131.14089369773865,0.04705800395309723,131.28096508979797
13012.5,131.34554505348206,0.0,131.28999090194702,0.15550769412703858,131.57108449935913
12761.800000000001,131.62252759933472,0.0,131.57904934883118,0.10960143322952831,131.66702938079834
12782.7,131.72598004341125,0.0,131.67499423027039,0.15427531128413818,131.77696585655212
12720.1,131.8364052772522,0.0,131.78693795204163,0.08064043642173147,131.88690304756165
12845.4,131.94535326957703,0.0,131.89489793777466,0.12346574021199785,132.04581260681152
12949.800000000001,132.10577750205994,0.0,132.05480813980103,0.11114191178315025,132.34963703155518
12970.699999999999,132.40657210350037,0.0,132.35760045051575,0.03257750554918459,132.45654320716858
12887.1,132.51551294326782,0.0,132.46554493904114,0.14996197133403655,132.56648087501526
12908.0,132.62494730949402,0.0,132.57447624206543,0.01532414574877805,132.6754186153412
12782.7,132.7354142665863,0.0,132.6854431629181,0.1706043839523801,132.82533812522888
12740.9,132.8867962360382,0.0,132.83532619476318,0.19617632794225415,133.1171703338623
12720.1,133.1781289577484,0.0,133.12715864181519,0.06307898091061759,133.23009943962097
12740.9,133.2876148223877,0.0,133.238107919693,0.060614215224831014,133.33812141418457
12699.199999999999,133.39681792259216,0.0,133.3470892906189,0.08895902061119898,133.4475462436676
12678.3,133.50576853752136,0.0,133.4557867050171,0.09296426485057907,133.59198117256165
12573.8,133.6469419002533,0.0,133.6000256538391,0.0680085122821481,133.86600875854492
12302.3,133.92081761360168,0.0,133.87399458885193,0.042436568292274046,133.96861004829407
12281.4,134.02707505226135,0.0,133.97760367393494,0.049214673928148045,134.07754516601562
12302.3,134.13702654838562,0.0,134.08753967285156,0.062462789489160286,134.18748259544373
12281.4,134.24616074562073,0.0,134.19547820091248,0.10559618899016243,134.34158539772034
12323.2,134.40005087852478,0.0,134.35057878494263,0.006389370137867445,134.61742687225342
12302.3,134.67139863967896,0.0,134.62641954421997,0.038431324052893956,134.71737122535706
12260.5,134.7793366909027,0.0,134.72537064552307,0.08464568066109734,134.83330249786377
12239.7,134.89276814460754,0.0,134.84229683876038,0.14811339706970728,134.94426918029785
12344.1,135.0037076473236,0.0,134.95323276519775,0.03596655836712159,135.09315371513367
12302.3,135.15212273597717,0.0,135.1011562347412,0.14780530135898573,135.41296863555908
12427.6,135.4724338054657,0.0,135.42096400260925,0.04705800395309723,135.52390384674072
12365.0,135.58288407325745,0.0,135.53192710876465,0.10189904046150389,135.6348671913147
12406.699999999999,135.69332337379456,0.0,135.6438422203064,0.07232185223223553,135.7438042163849
12406.699999999999,135.80174779891968,0.0,135.751779794693,0.11021762465098561,135.89169263839722
12365.0,135.951176404953,0.0,135.89971494674683,0.007929848691475172,136.17952799797058
12385.900000000001,136.23851943016052,0.0,136.18752360343933,0.22051588908925623,136.29054522514343
12365.0,136.3501431941986,0.0,136.29954028129578,0.08618615921471928,136.40274143218994
12385.900000000001,136.46043848991394,0.0,136.4107370376587,0.12069287881550395,136.51114773750305
12344.1,136.569762468338,0.0,136.5201404094696,0.0945047434041868,136.67034816741943
12469.4,136.7313311100006,0.0,136.67837357521057,0.11668763457612386,136.95920729637146
12385.900000000001,137.01066517829895,0.0,136.96820282936096,0.04674990824236147,137.0541262626648
12532.099999999999,137.11259388923645,0.0,137.0621247291565,0.04736609966380456,137.16406345367432
12490.300000000001,137.22202897071838,0.0,137.17205786705017,0.15088625846620118,137.27299976348877
12573.8,137.33096528053284,0.0,137.2809944152832,0.0455175253994895,137.41891622543335
12532.099999999999,137.47888112068176,0.0,137.42791056632996,0.12223335736911167,137.69378447532654
12448.5,137.7532389163971,0.0,137.7017524242401,0.06646803372854038,137.80572485923767
12385.900000000001,137.86519122123718,0.0,137.8157196044922,0.15951293836640446,137.91566228866577
12427.6,137.97511267662048,0.0,137.92462587356567,0.10990952894026407,138.02559971809387
12344.1,138.0850646495819,0.0,138.03459405899048,0.12284954879055476,138.18550610542297
12323.2,138.24446082115173,0.0,138.19447779655457,0.11391477317964416,138.46034336090088
12365.0,138.51779770851135,0.0,138.46833848953247,0.1468810142268211,138.56826210021973
12260.5,138.6287214756012,0.0,138.5782506465912,0.09696950908995916,138.68119072914124
12197.9,138.73765969276428,0.0,138.68918538093567,0.19186298799216672,138.7871334552765
12302.3,138.84561133384705,0.0,138.79615545272827,0.06708422514996926,138.93607473373413
12302.3,138.99603152275085,0.0,138.94505214691162,0.06277088519988183,139.22490882873535
12302.3,139.28884482383728,0.0,139.23287415504456,0.0945047434041868,139.34481525421143
12302.3,139.40530037879944,0.0,139.35282969474792,0.08618615921471928,139.45874190330505
12281.4,139.52022004127502,0.0,139.46776342391968,0.0720137565215282,139.5736789703369
12323.2,139.6341450214386,0.0,139.58167219161987,0.1625938954736199,139.72961378097534
12302.3,139.7890682220459,0.0,139.738587141037,0.007005561559310536,140.03641510009766
12385.900000000001,140.09138560295105,0.0,140.04541420936584,0.18724155233132933,140.13838243484497
12365.0,140.19583415985107,0.0,140.1473777294159,0.12839527158354258,140.24532079696655
12406.699999999999,140.3037874698639,0.0,140.25331616401672,0.08957521203265628,140.35522747039795
12448.5,140.41371178627014,0.0,140.36325311660767,0.15550769412703858,140.51414155960083
12323.2,140.57212090492249,0.0,140.522136926651,0.1693720011094939,140.80397248268127
12365.0,140.86195135116577,0.0,140.81199598312378,0.13640576006228855,140.91190671920776
12323.2,140.97288751602173,0.0,140.92193150520325,0.05753325811761556,141.02484273910522
12218.800000000001,141.08331036567688,0.0,141.033842086792,0.024258921359702867,141.13377809524536
12260.5,141.1922447681427,0.0,141.1417737007141,0.10528809327944089,141.27869510650635
12114.3,141.3336637020111,0.0,141.2876899242401,0.06708422514996926,141.5545675754547
12177.0,141.60803723335266,0.0,141.56256294250488,0.13640576006228855,141.65447974205017
12051.7,141.7129611968994,0.0,141.66247487068176,0.12593050589777022,141.76441884040833
11780.1,141.82289862632751,0.0,141.77244234085083,0.04674990824236147,141.87438344955444
11926.4,141.93233561515808,0.0,141.88237929344177,0.1333248029550873,142.03027057647705
11821.900000000001,142.09023332595825,0.0,142.04025959968567,0.17183676679525206,142.31909656524658
11863.699999999999,142.37807846069336,0.0,142.32709288597107,0.16475056544865652,142.4300355911255
11842.8,142.48803162574768,0.0,142.438059091568,0.06431136375347535,142.53897404670715
11884.6,142.5979516506195,0.0,142.54699635505676,0.15119435417693694,142.64990615844727
11801.0,142.70887303352356,0.0,142.6589014530182,0.15550769412703858,142.79383182525635
11884.6,142.84881114959717,0.0,142.80282592773438,0.1305519415585934,143.0696964263916
11717.5,143.12363362312317,0.0,143.07766008377075,0.010394614377247535,143.16960740089417
11738.4,143.22857666015625,0.0,143.1786069869995,0.1958682322315326,143.27954602241516
11696.599999999999,143.33752512931824,0.0,143.2875416278839,0.14041100430168285,143.38848447799683
11675.7,143.4459617137909,0.0,143.39547753334045,0.11483906031179458,143.54241967201233
11654.800000000001,143.5993733406067,0.0,143.54938912391663,0.010086518666511779,143.8192389011383
11633.9,143.87470149993896,0.0,143.8282287120819,0.14195148285527637,143.92217421531677
11696.599999999999,143.9816563129425,0.0,143.93119621276855,0.05753325811761556,144.03311562538147
11675.7,144.09157633781433,0.0,144.0411057472229,0.04829038679598341,144.1430468559265
11717.5,144.20152688026428,0.0,144.15104293823242,0.09142378629698555,144.29398655891418
11675.7,144.35095381736755,0.0,144.30098247528076,0.11668763457612386,144.57083225250244
11717.5,144.62429022789001,0.0,144.57880449295044,0.07571090505018674,144.6717460155487
11717.5,144.7312080860138,0.0,144.68073678016663,0.12007668739407507,144.7826793193817
11738.4,144.8406467437744,0.0,144.7926743030548,0.03411798410279232,144.88962054252625
11780.1,144.95009851455688,0.0,144.8996124267578,-0.04228975215610831,145.04455971717834
11863.699999999999,145.1065080165863,0.0,145.05255460739136,0.12808717587282104,145.3353922367096
12323.2,145.39432835578918,0.0,145.34335732460022,0.17460962819174597,145.44529914855957
12406.699999999999,145.50977730751038,0.0,145.4542942047119,0.1237738359227194,145.56625962257385
12427.6,145.62719631195068,0.0,145.57422399520874,0.08372139352893271,145.68116807937622
12406.699999999999,145.74213409423828,0.0,145.68916511535645,0.15612388554846746,145.84307551383972
12448.5,145.89904284477234,0.0,145.8510706424713,0.15858865123423982,146.11591148376465
12365.0,146.17389035224915,0.0,146.12591290473938,0.1986410936280265,146.2228558063507
12323.2,146.2813436985016,0.0,146.23187160491943,0.04089608973866632,146.33178687095642
12344.1,146.39027762413025,0.0,146.33979868888855,0.15889674694496136,146.44075632095337
12239.7,146.4997227191925,0.0,146.44975090026855,-0.045678804974045306,146.59166955947876
12218.800000000001,146.6531183719635,0.0,146.59966444969177,0.14441624854104873,146.8954677581787
12260.5,146.9564335346222,0.0,146.90346121788025,0.06554374659637574,147.0104284286499
12385.900000000001,147.06986784934998,0.0,147.0194001197815,0.13948671716951822,147.12133502960205
12344.1,147.18131804466248,0.0,147.1313350200653,0.028264165599082958,147.23230051994324
12365.0,147.29123616218567,0.0,147.24026465415955,0.08248901068606074,147.38918113708496
12344.1,147.45109581947327,0.0,147.4001808166504,0.08957521203265628,147.678959608078
12448.5,147.73090720176697,0.0,147.68692421913147,0.024567017070438624,147.77489042282104
12406.699999999999,147.8353395462036,0.0,147.78389811515808,0.0972776048006807,147.88680768013
12365.0,147.94428968429565,0.0,147.89583373069763,0.017172720013107323,147.99377727508545
12385.900000000001,148.05321288108826,0.0,148.00374126434326,0.10374761472583316,148.13966870307922
12406.699999999999,148.20312905311584,0.0,148.14865684509277,0.07879186215740219,148.42949604988098
12469.4,148.48997735977173,0.0,148.43949174880981,0.1739934367703171,148.54146265983582
12281.4,148.60491061210632,0.0,148.550457239151,0.08372139352893271,148.66036295890808
12239.7,148.72284245491028,0.0,148.66935753822327,0.07447852220730056,148.7763273715973
12302.3,148.83676195144653,0.0,148.78629088401794,0.18385249951340654,148.935213804245
12302.3,148.9936718940735,0.0,148.94320154190063,0.06615993801780462,149.22503781318665
12218.800000000001,149.2755091190338,0.0,149.23303294181824,0.0449013339780322,149.31898427009583
12156.1,149.37746453285217,0.0,149.32798051834106,0.04305275971371714,149.42794728279114
12114.3,149.48639345169067,0.0,149.4349184036255,0.1447243442517845,149.5368630886078
12135.199999999999,149.59583115577698,0.0,149.5458595752716,0.04336085542443868,149.68377447128296
12218.800000000001,149.74725341796875,0.0,149.692768573761,0.14811339706970728,149.97560596466064
12197.9,150.03507351875305,0.0,149.98460245132446,0.08310520210748962,150.08554434776306
12177.0,150.14950966835022,0.0,150.09454441070557,0.10159094475076813,150.20547461509705
12156.1,150.26643872261047,0.0,150.21346879005432,0.10898524180809943,150.32040977478027
12177.0,150.3813726902008,0.0,150.33040237426758,0.023642729938273987,150.4843201637268
12239.7,150.53679871559143,0.0,150.4923083782196,0.07725138360379447,150.77415370941162
