"[23986.25573885904, 0]",0.19765853881835938,0,0.0019867420196533203,0.26677045037885433,0.5481593608856201
"[24268.936840863138, 0]",0.5710906982421875,0,0.5491597652435303,0.24442405096178965,0.5940220355987549
"[24379.43882989894, 0]",0.6209640502929688,-0.88,0.59906005859375,0.20122242217868067,0.6438372135162354
"[24461.740311325604, 0]",0.6678410768508911,-0.956,0.6458656787872314,0.14776238949848092,0.7028062343597412
"[24601.51822580984, 0]",0.7317924499511719,-1.036,0.7097985744476318,0.11587673202453391,0.8127391338348389
"[24835.74704344678, 0]",0.8371381759643555,-1.136,0.8147366046905518,0.43634080923035234,0.9974617958068848
"[25274.204387270198, 0]",1.0259417295455933,-1.32,1.0034520626068115,0.4387309115816333,1.063417673110962
"[25450.632660755233, 0]",1.0885210037231445,-1.628,1.0664288997650146,0.4435322676324366,1.1196160316467285
"[25635.035795608524, 0]",1.1444069147109985,-1.736,1.1226387023925781,0.45877181404038275,1.1811654567718506
"[25921.414742635883, 0]",1.2091492414474487,-1.832,1.187162160873413,0.47445553876139884,1.2841129302978516
"[26298.447073600248, 0]",1.3086113929748535,-1.936,1.2861058712005615,0.5898467190924888,1.4413690567016602
"[26641.526264420234, 0]",1.4685544967651367,-2.104,1.4463403224945068,0.602875949609206,1.503727912902832
"[26767.528280452487, 0]",1.528712511062622,-2.368,1.506725788116455,0.620103722751846,1.565708875656128
"[26941.431062897005, 0]",1.5936912298202515,-2.472,1.571687936782837,0.6423760924500658,1.6316542625427246
"[27172.53476055617, 0]",1.6567469835281372,-2.576,1.6346831321716309,0.6561773471775951,1.7362496852874756
"[27419.011285169276, 0]",1.7635893821716309,-2.688,1.7412469387054443,0.7349555437027797,1.8943350315093994
"[27689.51534273014, 0]",1.9198215007781982,-2.86,1.8973338603973389,0.7182671299402958,1.9553024768829346
"[27605.01407521113, 0]",1.980800986289978,-3.124,1.9582979679107666,0.7167442328669134,2.015300750732422
"[27723.24357189715, 0]",2.042362689971924,-3.224,2.020294427871704,0.7270872421569698,2.0733935832977295
"[27661.44258308133, 0]",2.0985255241394043,-3.328,2.0763895511627197,0.7553031407110298,2.1746442317962646
"[27907.418611279165, 0]",2.200920343399048,-3.424,2.178673267364502,0.9878516389513684,2.3400676250457764
"[28538.756620105924, 0]",2.3655576705932617,-3.592,2.343069076538086,0.9979514077366485,2.398033618927002
"[28845.090366536228, 0]",2.4222739934921265,-3.868,2.4000656604766846,0.9998444534042559,2.453448534011841
"[28804.76087617402, 0]",2.4803898334503174,-3.964,2.4584133625030518,1.0002992073914467,2.5123836994171143
"[28815.818684736325, 0]",2.5387426614761353,-4.0,2.51638126373291,1.0025200989567962,2.6118316650390625
"[28639.358229731675, 0]",2.635688066482544,-4.0,2.6133861541748047,0.9307006960030402,2.777947425842285
"[28535.29924128407, 0]",2.806126594543457,-4.0,2.783911943435669,0.9324245308847162,2.8373351097106934
"[28426.640106162016, 0]",2.861992359161377,-4.0,2.839301586151123,0.933460946948546,2.8946752548217773
"[28473.512523225418, 0]",2.9209972620010376,-4.0,2.898646116256714,0.9315679012809385,2.9523539543151855
"[28516.284776841207, 0]",2.9763691425323486,-4.0,2.954319477081299,0.9299180961181075,3.0483553409576416
"[28486.955791292658, 0]",3.075360417366028,-4.0,3.053359270095825,0.9125528392118981,3.230250120162964
"[28317.08139038363, 0]",3.2545454502105713,-4.0,3.2322492599487305,0.9172801655438565,3.2865235805511475
"[28215.279659754215, 0]",3.3124552965164185,-4.0,3.2905189990997314,0.9140334335887979,3.3443305492401123
"[28249.895498536982, 0]",3.3685014247894287,-4.0,3.3463246822357178,0.9135681039274864,3.400674343109131
"[28248.636724097756, 0]",3.4266098737716675,-4.0,3.4046401977539062,0.9144776119018677,3.5014960765838623
"[28222.236222488227, 0]",3.5255929231643677,-4.0,3.503493547439575,0.9047268403625712,3.6579411029815674
"[28171.994407921713, 0]",3.684120774269104,-4.0,3.6619439125061035,0.908407174956579,3.7162907123565674
"[28176.10716992906, 0]",3.740458607673645,-4.0,3.718287944793701,0.9092215018638738,3.772595167160034
"[28337.538413229853, 0]",3.7977432012557983,-4.0,3.775559902191162,0.9053613808098139,3.82989239692688
"[28293.88099597693, 0]",3.853788375854492,-4.0,3.8318915367126465,0.9066516130525408,3.9246666431427
"[28231.823477352158, 0]",3.95017147064209,-4.0,3.927696466445923,0.8978315008358668,4.081590175628662
"[28213.464269285385, 0]",4.10583221912384,-4.0,4.083616733551025,0.9024319190783767,4.137044429779053
"[28106.505917106504, 0]",4.16382908821106,-4.0,4.141049385070801,0.8998303032446815,4.1965978145599365
"[28020.288426056944, 0]",4.220720171928406,-4.0,4.198564052581787,0.899777424874078,4.252840757369995
"[28040.7608152163, 0]",4.280259013175964,-4.0,4.25783109664917,0.8989630979667831,4.361054420471191
"[28096.07763331976, 0]",4.385450959205627,-4.0,4.363166332244873,0.8945001634878426,4.546841382980347
"[28139.234645458266, 0]",4.5732234716415405,-4.0,4.550868272781372,0.8932205069192364,4.605571269989014
"[28110.70599270787, 0]",4.6296669244766235,-4.0,4.607568025588989,0.8916341558011296,4.663700103759766
"[28046.432882224766, 0]",4.688835978507996,-4.0,4.666731119155884,0.8932099312451156,4.720935106277466
"[27983.36378372919, 0]",4.746418595314026,-4.0,4.723928689956665,0.8963826334813293,4.828949689865112
"[28140.378386432567, 0]",4.853324890136719,-4.0,4.830944538116455,0.8906611937820241,4.986546277999878
"[28048.360967219345, 0]",5.012714505195618,-4.0,4.990553617477417,0.8912217045104218,5.045844793319702
"[28105.133997545956, 0]",5.069585204124451,-4.0,5.047304391860962,0.8926494205167179,5.101903200149536
"[28108.934069747327, 0]",5.129007935523987,-4.0,5.1068761348724365,0.88970938311116,5.162071943283081
"[28112.062241244825, 0]",5.186214327812195,-4.0,5.164103746414185,0.8851829945874952,5.267038106918335
"[28074.60882069703, 0]",5.293294548988342,-4.0,5.271055698394775,0.8856377485746858,5.426026105880737
"[28108.849741595866, 0]",5.450469493865967,-4.0,5.428018808364868,0.8860925025618764,5.482167959213257
"[28026.14841837469, 0]",5.507421970367432,-4.0,5.485140800476074,0.8867164673349985,5.540638208389282
"[28119.44991119858, 0]",5.564726829528809,-4.0,5.542634725570679,0.8888527535073822,5.596779823303223
"[28087.749403990463, 0]",5.623003840446472,-4.0,5.600810527801514,0.8848022703191496,5.704641342163086
"[28053.57691080748, 0]",5.728718280792236,-4.0,5.7066709995269775,0.8825285003831964,5.862486839294434
"[27999.875997891962, 0]",5.88858163356781,-4.0,5.866525888442993,0.8836600975141127,5.919663667678833
"[28033.048528776464, 0]",5.944143295288086,-4.0,5.921631097793579,0.8866001349196706,5.9766175746917725
"[28113.67793252485, 0]",6.002640724182129,-4.0,5.9805824756622314,0.887795186095311,6.03366494178772
"[28162.40692332462, 0]",6.057839632034302,-4.0,6.035638332366943,0.8817987788688673,6.127164363861084
"[28127.078160328725, 0]",6.153290748596191,-4.0,6.13114070892334,0.8779598091630488,6.285327672958374
"[28129.00941910361, 0]",6.309893608093262,-4.0,6.28733229637146,0.8786260766326537,6.342419862747192
"[28109.177856023547, 0]",6.368629217147827,-4.0,6.346419095993042,0.879535584607035,6.399863004684448
"[28128.55005680091, 0]",6.424844264984131,-4.0,6.4028613567352295,0.8809950276356932,6.4577906131744385
"[28105.577794822508, 0]",6.483815550804138,-4.0,6.461782932281494,0.880487395277899,6.563614845275879
"[28060.1489623834, 0]",6.587708234786987,-4.0,6.565610885620117,0.8785203198914466,6.776721000671387
"[28040.17668300361, 0]",6.802637577056885,-4.0,6.780750513076782,0.877843476747721,6.83346152305603
"[28057.22085831287, 0]",6.858096241950989,-4.0,6.835490942001343,0.8794509792140692,6.890691757202148
"[27993.7758941902, 0]",6.917012095451355,-4.0,6.894689321517944,0.88243331931611,6.948331117630005
"[28017.976305597193, 0]",6.9720869064331055,-4.0,6.950326681137085,0.8765320931567526,7.04893946647644
"[27924.746795948737, 0]",7.076330065727234,-4.0,7.0539021492004395,0.8782665037125494,7.211429119110107
"[27957.703238658294, 0]",7.235546112060547,-4.0,7.213423728942871,0.875823522990665,7.267603635787964
"[27991.20384166915, 0]",7.294699192047119,-4.0,7.272599220275879,0.8785097442173259,7.326764345169067
"[28012.164158134052, 0]",7.351250529289246,-4.0,7.328763246536255,0.875347617655233,7.383732080459595
"[27897.690567667953, 0]",7.409962773323059,-4.0,7.387706518173218,0.8774733281534961,7.486394643783569
"[27963.791493080906, 0]",7.511522173881531,-4.0,7.489362001419067,0.8745121393996966,7.644690036773682
"[28002.82004230063, 0]",7.670949220657349,-4.0,7.6486592292785645,0.8737824178853675,7.702203989028931
"[27981.047696763148, 0]",7.727576017379761,-4.0,7.705198049545288,0.8734545719876254,7.760955810546875
"[27978.019670295056, 0]",7.787091851234436,-4.0,7.764951944351196,0.8747871069268351,7.819245100021362
"[28004.280042800427, 0]",7.843439698219299,-4.0,7.821234703063965,0.8736766611441604,7.922778129577637
"[27989.547832765325, 0]",7.948894262313843,-4.0,7.926785707473755,0.8741208394572303,8.122241735458374
"[27913.074522266874, 0]",8.14628791809082,-4.0,8.124264001846313,0.8737824178853675,8.178330421447754
"[27942.9029722535, 0]",8.203383564949036,-4.0,8.181329250335693,0.8735920557511947,8.235378742218018
"[27951.347221555545, 0]",8.259471774101257,-4.0,8.23737382888794,0.8721960667672608,8.292533874511719
"[27946.507411581526, 0]",8.318595886230469,-4.0,8.296531677246094,0.8732113314828491,8.39219856262207
"[27938.15144336299, 0]",8.41633403301239,-4.0,8.394240617752075,0.8699645995277905,8.589762210845947
"[27949.51924278864, 0]",8.615802645683289,-4.0,8.593720436096191,0.8710961966587066,8.646543025970459
"[27897.318459776896, 0]",8.671127557754517,-4.0,8.64857292175293,0.8699540238536697,8.703672647476196
"[27890.87414486046, 0]",8.732268214225769,-4.0,8.70967173576355,0.8693406347546684,8.763857364654541
"[27936.44698315173, 0]",8.787927150726318,-4.0,8.765855073928833,0.8698059644159797,8.86208176612854
"[27976.04761676187, 0]",8.888205289840698,-4.0,8.866086959838867,0.8705462616044296,9.035574197769165
"[27936.57492177367, 0]",9.06083869934082,-4.0,9.038563251495361,0.868399399757925,9.094140768051147
"[27898.602174839143, 0]",9.120396971702576,-4.0,9.098104000091553,0.8666967162244904,9.154646873474121
"[27956.035472425672, 0]",9.17787218093872,-4.0,9.155677318572998,0.8681878862755108,9.209049701690674
"[27917.7304368783, 0]",9.235143423080444,-4.0,9.213046073913574,0.8670774404928361,9.315150260925293
"[27881.746107937724, 0]",9.339162826538086,-4.0,9.31714677810669,0.8678283133554066,9.471694469451904
"[27847.145554328872, 0]",9.497782111167908,-4.0,9.475691556930542,0.8659458433619198,9.529865980148315
"[27853.101355824405, 0]",9.554290771484375,-4.0,9.531840085983276,0.8692877563840649,9.586763381958008
"[27860.501489026803, 0]",9.612703323364258,-4.0,9.589738607406616,0.8673418323458539,9.644673824310303
"[27844.67335944711, 0]",9.668699383735657,-4.0,9.6466543674469,0.8671303188634396,9.750891923904419
"[27826.389569453975, 0]",9.776810884475708,-4.0,9.754913806915283,0.8654382110041257,9.950716495513916
"[27762.8053908593, 0]",9.976202368736267,-4.0,9.953725814819336,0.8666438378538868,10.008670568466187
"[27772.99991399845, 0]",10.032890796661377,-4.0,10.010671138763428,0.8654170596558842,10.064107418060303
"[27797.07255023335, 0]",10.090269923210144,-4.0,10.068103075027466,0.8690127888569263,10.123429298400879
"[27846.401235222234, 0]",10.14752459526062,-4.0,10.125427722930908,0.8677119809400788,10.220547914505005
"[27752.916293744405, 0]",10.246217250823975,-4.0,10.223546266555786,0.8673206809976124,10.378487586975098
"[27733.177331773317, 0]",10.40299129486084,-4.0,10.380504131317139,0.8648565489274864,10.439451932907104
"[27785.577855778556, 0]",10.465963125228882,-4.0,10.443434715270996,0.8656920271830228,10.499516725540161
"[27750.74401190419, 0]",10.524034976959229,-4.0,10.501483678817749,0.863259622135259,10.55860424041748
"[27733.571470715, 0]",10.583726286888123,-4.0,10.561601877212524,0.8660833271254891,10.65753960609436
"[27748.943983103727, 0]",10.689651131629944,-4.0,10.667500734329224,0.9075399696786806,10.812621831893921
"[27687.398373170716, 0]",10.843154430389404,-3.776,10.820615530014038,0.9178406762722542,10.866723537445068
"[27667.970355496043, 0]",10.896812915802002,-3.684,10.874719142913818,0.9161697197611817,10.919906377792358
"[27657.07017019289, 0]",10.950527310371399,-3.596,10.928022146224976,0.8980535899924018,10.982998371124268
"[27674.770471098007, 0]",11.012614369392395,-3.492,10.99060583114624,0.8721114613742951,11.094796419143677
"[27651.67007839133, 0]",11.12524151802063,-3.304,11.102804899215698,0.6057208059476775,11.25764775276184
"[27643.342293476693, 0]",11.289366245269775,-3.032,11.26727843284607,0.5773779993041691,11.322458505630493
"[27717.271193610293, 0]",11.35394561290741,-2.924,11.331459522247314,0.5627729933434658,11.385443210601807
"[27609.141746267942, 0]",11.416491150856018,-2.82,11.394448280334473,0.549976427657404,11.449496507644653
"[27734.37148431523, 0]",11.47973096370697,-2.712,11.457494020462036,0.5505263627116811,11.548047542572021
"[27596.86914677549, 0]",11.57867181301117,-2.548,11.556690692901611,0.48027215952779045,11.767292022705078
"[27659.8702177937, 0]",11.797523379325867,-2.184,11.775314331054688,0.46556139682587994,11.829722881317139
"[27680.070561199536, 0]",11.859760284423828,-2.08,11.837717533111572,0.4468213022839781,11.89182186126709
"[27658.770199093386, 0]",11.922096490859985,-1.976,11.899793148040771,0.4295829534672173,11.954413175582886
"[27604.09687374373, 0]",11.984943866729736,-1.872,11.963034391403198,0.42506714061767326,12.063724040985107
"[27449.394089093603, 0]",12.094132781028748,-1.688,12.071753025054932,0.22365342698871105,12.229300498962402
"[27511.212668190023, 0]",12.262165665626526,-1.412,12.240257740020752,0.21431510674012225,12.293040752410889
"[27515.16775785188, 0]",12.324341773986816,-1.304,12.30203127861023,0.2031894975651331,12.356679201126099
"[27505.440087041396, 0]",12.386919736862183,-1.2,12.364672660827637,0.191291864179332,12.420156717300415
"[27374.637994207907, 0]",12.450465321540833,-1.092,12.428155183792114,0.1798701361289629,12.533062219619751
"[27069.360179123043, 0]",12.563775420188904,-0.904,12.54175877571106,-0.09664143943117601,12.697500467300415
"[26697.053849915446, 0]",12.728092432022095,-0.632,12.705464124679565,-0.03265861100086773,12.759716272354126
"[26665.979987639774, 0]",12.790331959724426,-0.528,12.767709970474243,0.0644472287755109,12.82395076751709
"[26643.50622661831, 0]",12.854538559913635,-0.42,12.832274913787842,0.15326174004125123,12.886770486831665
"[26474.47654057773, 0]",12.91737687587738,-0.316,12.89479112625122,0.22015287885475532,12.987488508224487
"[25936.66686000348, 0]",13.017622709274292,-0.148,12.99551010131836,-0.04442933629722031,13.196648120880127
"[25528.08503361564, 0]",13.227918267250061,0.0,13.205833911895752,-0.04587820365175787,13.259010076522827
"[25521.63386777575, 0]",13.29010796546936,0.0,13.267980813980103,-0.053746505197567684,13.322211265563965
"[25506.833616171476, 0]",13.353787779808044,0.0,13.331351518630981,-0.06341267134389855,13.387250661849976
"[25416.530414895395, 0]",13.417014956474304,0.0,13.395247220993042,-0.07688608017368578,13.48578929901123
"[25316.45569620253, 0]",13.516607642173767,0.0,13.494596242904663,-0.06168883646222248,13.65124249458313
"[25366.281959357228, 0]",13.681346654891968,0.0,13.658900022506714,-0.05698266147850559,13.7127845287323
"[25261.754711584807, 0]",13.743212342262268,0.0,13.720779180526733,-0.055607823842813014,13.774664163589478
"[25264.329493601388, 0]",13.80584454536438,0.0,13.783631324768066,-0.0594362178745108,13.838016271591187
"[25201.753631565367, 0]",13.869746685028076,0.0,13.847645044326782,-0.05481464828375961,13.939729452133179
"[25257.254630583353, 0]",13.969940543174744,0.0,13.946921110153198,-0.047697219600520355,14.10145616531372
"[25222.528782989306, 0]",14.131870746612549,0.0,14.109806537628174,-0.04449279034194459,14.171925783157349
"[25148.72752836798, 0]",14.20340371131897,0.0,14.180913925170898,-0.04580417393291289,14.239888191223145
"[25155.0276354698, 0]",14.27037787437439,0.0,14.247875690460205,-0.04953738689752426,14.305843114852905
"[25141.602265636255, 0]",14.336200714111328,0.0,14.31383752822876,-0.04723188993920902,14.407882928848267
"[25071.225925937037, 0]",14.439679503440857,0.0,14.417676448822021,-0.03912034788862283,14.573620319366455
"[25021.150380706855, 0]",14.604691624641418,0.0,14.582588195800781,-0.04209211231654293,14.637817144393921
"[25033.45060211084, 0]",14.668137788772583,0.0,14.645878791809082,-0.039606828898175586,14.700367450714111
"[25007.025119427028, 0]",14.730214715003967,0.0,14.708385705947876,-0.045592660450498645,14.760978698730469
"[24974.324563517577, 0]",14.791054248809814,0.0,14.76900339126587,-0.040146188278331905,14.860586643218994
"[25019.0253234305, 0]",14.89058530330658,0.0,14.868406534194946,-0.031146289601605898,15.095847845077515
"[24887.547975863567, 0]",15.126692652702332,0.0,15.10465383529663,-0.03370560273881823,15.158751010894775
"[24857.222572783736, 0]",15.189220428466797,0.0,15.166746377944946,-0.033610421671731824,15.222672462463379
"[24839.996799935998, 0]",15.25277030467987,0.0,15.230666875839233,-0.032859548809161254,15.286840677261353
"[24842.34716224892, 0]",15.318056225776672,0.0,15.295800685882568,-0.035841888911202074,15.391678094863892
"[24735.19576313221, 0]",15.441917777061462,0.0,15.399670124053955,-0.03334602981871401,15.594857215881348
"[24764.74670645389, 0]",15.625492095947266,0.0,15.602962017059326,-0.029496484438774805,15.658015966415405
"[24759.72091525556, 0]",15.688305974006653,0.0,15.665979146957397,-0.02847064404906573,15.721657514572144
"[24735.995775932413, 0]",15.751908540725708,0.0,15.729620695114136,-0.02881964129504923,15.784130811691284
"[24770.471557073357, 0]",15.81540298461914,0.0,15.793124198913574,-0.028946549384497776,15.892963886260986
"[24769.57154357315, 0]",15.923014879226685,0.0,15.900958776473999,-0.027222714502821703,16.056679725646973
"[24704.245859442035, 0]",16.087730407714844,0.0,16.06563687324524,-0.028787914272687096,16.119794130325317
"[24709.321221175876, 0]",16.151178240776062,0.0,16.128900289535522,-0.027888981972426567,16.186461210250854
"[24740.796889562676, 0]",16.217000246047974,0.0,16.19446325302124,-0.029686846572947623,16.24957251548767
"[24725.420332145644, 0]",16.279687881469727,0.0,16.257567882537842,-0.028534098093790004,16.361639261245728
"[24641.443545983828, 0]",16.39202308654785,0.0,16.36963677406311,-0.026831414560355354,16.525298595428467
"[24601.669025035375, 0]",16.555630803108215,0.0,16.53326153755188,-0.027222714502821703,16.588977575302124
"[24562.617564498596, 0]",16.619020581245422,0.0,16.59696865081787,-0.032489400214936334,16.65106439590454
"[24520.665892651963, 0]",16.681357741355896,0.0,16.659074306488037,-0.02646126596613043,16.713676929473877
"[24476.5405777304, 0]",16.743745803833008,0.0,16.721673011779785,-0.02801589006187511,16.81343173980713
"[24477.918212936765, 0]",16.844726085662842,0.0,16.822522163391113,-0.023373169122882495,17.041200637817383
"[24518.14132654388, 0]",17.071762800216675,0.0,17.049220323562622,-0.026228601135474764,17.104317903518677
"[24516.718717343323, 0]",17.134716749191284,0.0,17.112355709075928,-0.023267412381675373,17.168038845062256
"[24480.289605792113, 0]",17.19830572605133,0.0,17.17615842819214,-0.02046485873968666,17.232391595840454
"[24509.790195803915, 0]",17.262548208236694,0.0,17.24041223526001,-0.02066579654798019,17.32987904548645
"[24446.940044920808, 0]",17.360203742980957,0.0,17.33787512779236,-0.01825454284845783,17.494712591171265
"[24390.087801756035, 0]",17.525381684303284,0.0,17.502734899520874,-0.014870327129829953,17.557020902633667
"[24435.315400361804, 0]",17.58711278438568,0.0,17.56501603126526,-0.020739826266825176,17.619234323501587
"[24385.138932500784, 0]",17.649932503700256,0.0,17.627492427825928,-0.019090021103994086,17.683333158493042
"[24420.790732651723, 0]",17.713592529296875,0.0,17.691625595092773,-0.02090903705275657,17.7831392288208
"[24398.417179423333, 0]",17.814024686813354,0.0,17.791680097579956,-0.02121573160225722,17.949371576309204
"[24412.792953515444, 0]",17.97965717315674,0.0,17.957356452941895,-0.017133521391662347,18.012732982635498
"[24446.940044920808, 0]",18.042737245559692,0.0,18.020751953125,-0.0194495940240983,18.073689222335815
"[24445.266679000182, 0]",18.10465371608734,0.0,18.08265233039856,-0.01874102385801059,18.137672185897827
"[24423.215194658307, 0]",18.168692469596863,0.0,18.145645141601562,-0.017683456445939376,18.236708879470825
"[24404.690475047602, 0]",18.267049074172974,0.0,18.24470591545105,-0.017736334816542937,18.400885581970215
"[24401.590425446808, 0]",18.432797074317932,0.0,18.409881114959717,-0.018677569813286315,18.464681386947632
"[24366.48986383782, 0]",18.49492335319519,0.0,18.472770929336548,-0.015674078363004072,18.52584218978882
"[24378.76816644983, 0]",18.55624210834503,0.0,18.53383731842041,-0.015695229711245498,18.587673902511597
"[24405.89049424791, 0]",18.61886203289032,0.0,18.596636533737183,-0.019735137225357524,18.69021511077881
"[24347.913914536544, 0]",18.720495343208313,0.0,18.69837474822998,-0.018296845544940675,18.852614164352417
"[24342.03815668682, 0]",18.882750272750854,0.0,18.860589504241943,-0.01515587033108918,18.916841983795166
"[24338.613756433857, 0]",18.94709086418152,0.0,18.924640655517578,-0.01846605633087207,18.979506015777588
"[24347.216513814677, 0]",19.010367512702942,0.0,18.98849844932556,-0.01724985380699018,19.043177366256714
"[24350.889614233827, 0]",19.073275566101074,0.0,19.051166534423828,-0.019132323800476934,19.14166522026062
"[24293.415814405587, 0]",19.172674417495728,0.0,19.150670528411865,-0.01830742121906139,19.30759334564209
"[24332.03797668358, 0]",19.338717103004456,0.0,19.316535234451294,-0.013495489494137378,19.369922399520874
"[24357.662795593118, 0]",19.401305079460144,0.0,19.378899335861206,-0.015261627072296302,19.433706760406494
"[24303.913166523827, 0]",19.464189291000366,0.0,19.44170069694519,-0.015663502688883363,19.497642755508423
"[24308.961870275536, 0]",19.527859091758728,0.0,19.50567054748535,-0.015832713474814755,19.596078634262085
"[24284.037112668026, 0]",19.62648105621338,0.0,19.604081869125366,-0.014828024433347103,19.75798463821411
"[24257.36088985691, 0]",19.78820550441742,0.0,19.76601266860962,-0.011983168094875547,19.820416688919067
"[24248.012216207673, 0]",19.850735545158386,0.0,19.8283851146698,-0.014024273200172984,19.88407802581787
"[24265.03677066187, 0]",19.91504180431366,0.0,19.892576217651367,-0.014077151570776545,19.948492288589478
"[24261.312442311515, 0]",19.979288816452026,0.0,19.95746350288391,-0.01723927813286947,20.063721656799316
"[24259.29111149334, 0]",20.095173001289368,0.0,20.072147369384766,-0.014415573142639332,20.230392456054688
"[24211.663174947622, 0]",20.26059925556183,0.0,20.238386869430542,-0.013516640842378804,20.292770385742188
"[24233.687739003824, 0]",20.32320487499237,0.0,20.300799131393433,-0.017482518637645845,20.355605125427246
"[24224.76337145057, 0]",20.385685563087463,0.0,20.36359977722168,-0.01374930567303447,20.417795419692993
"[24216.735901246222, 0]",20.448747873306274,0.0,20.426758289337158,-0.015219324375813454,20.517741680145264
"[24240.939373151225, 0]",20.548386693000793,0.0,20.52579379081726,-0.01135920332175353,20.684704542160034
"[24184.89347914783, 0]",20.71505296230316,0.0,20.692646026611328,-0.011581292478288487,20.748470544815063
"[24189.190270283245, 0]",20.77970027923584,0.0,20.757568359375,-0.014965508196916362,20.81179404258728
"[24180.238523339325, 0]",20.84230935573578,0.0,20.81982135772705,-0.012416770733824743,20.87478518486023
"[24216.96638663025, 0]",20.905768752098083,0.0,20.883776664733887,-0.01259655719387685,20.985728979110718
"[24181.138535939503, 0]",21.015940070152283,0.0,20.99372100830078,-0.01085157096395935,21.222503423690796
"[24253.56380345705, 0]",21.252489805221558,0.0,21.230158805847168,-0.011306324951149973,21.288811445236206
"[24216.266378930166, 0]",21.31908643245697,0.0,21.296806573867798,-0.010449695347372289,21.355359077453613
"[24191.93868714162, 0]",21.385644912719727,0.0,21.363353967666626,-0.009688246810681016,21.422959566116333
"[24193.61451698872, 0]",21.453242540359497,0.0,21.43092107772827,-0.014828024433347103,21.53473424911499
"[24129.41368237787, 0]",21.56501066684723,0.0,21.54273557662964,-0.01405600022253512,21.703877210617065
"[24150.54150541505, 0]",21.734820127487183,0.0,21.71199083328247,-0.012385043711462606,21.770673751831055
"[24129.0136771778, 0]",21.801133513450623,0.0,21.77866792678833,-0.015208748701692741,21.836565017700195
"[24179.0417904179, 0]",21.867645025253296,0.0,21.845563411712646,-0.017070067346938073,21.904750108718872
"[24161.46242193633, 0]",21.93518364429474,0.0,21.91271162033081,-0.013907940784845151,22.0177104473114
"[24123.16184742771, 0]",22.047783136367798,0.0,22.02570390701294,-0.01095732770516647,22.18656849861145
"[24136.586185378965, 0]",22.217983841896057,0.0,22.19561243057251,-0.005616612274206855,22.258307695388794
"[24108.989307871696, 0]",22.289440035820007,0.0,22.267334461212158,-0.011242870906425699,22.326510906219482
"[24081.440814408143, 0]",22.35765504837036,0.0,22.335530042648315,-0.01208892483608267,22.395768642425537
"[24134.26201393021, 0]",22.425652980804443,0.0,22.4038188457489,-0.00774232277246999,22.50165820121765
"[24137.462061930928, 0]",22.53184449672699,0.0,22.509624481201172,-0.012162954554927653,22.664482593536377
"[24140.18624297989, 0]",22.694981813430786,0.0,22.672281503677368,-0.00999494136018167,22.727644443511963
"[24119.93767912751, 0]",22.758517622947693,0.0,22.73592209815979,-0.007721171424228564,22.79107165336609
"[24119.785916574663, 0]",22.820369482040405,0.0,22.79818296432495,-0.011126538491097866,22.853577613830566
"[24095.916863251772, 0]",22.883702993392944,0.0,22.861539840698242,-0.011623595174771337,22.9544095993042
"[24090.937273121825, 0]",22.984511137008667,0.0,22.96240472793579,-0.006409787833260263,23.162437915802002
"[24135.63789893059, 0]",23.19291663169861,0.0,23.170806884765625,-0.00729814445940008,23.226030588150024
"[24117.56176342645, 0]",23.256883144378662,0.0,23.23465371131897,-0.009656519788318881,23.28811764717102
"[24107.937511125157, 0]",23.319042563438416,0.0,23.29691195487976,-0.006356909462656702,23.351160287857056
"[24115.13761192657, 0]",23.382361888885498,0.0,23.360185623168945,-0.007678868727745716,23.45569634437561
"[24139.63795493137, 0]",23.486252188682556,0.0,23.463726043701172,-0.008810465858661912,23.620152473449707
"[24084.88535816573, 0]",23.650557041168213,0.0,23.628157377243042,-0.0061030932837596134,23.6829514503479
"[24098.237375323257, 0]",23.712907671928406,0.0,23.69092059135437,-0.0037975963254443697,23.744832515716553
"[24090.864999514997, 0]",23.775991678237915,0.0,23.75385570526123,-0.006864541820450886,23.80912184715271
"[24054.164595810555, 0]",23.839561820030212,0.0,23.817116260528564,-0.006335758114415276,23.90829086303711
"[24051.912674864772, 0]",23.938526153564453,0.0,23.9162917137146,-0.005405098791792615,24.070735454559326
"[24061.41279836638, 0]",24.101356863975525,0.0,24.078765392303467,-0.0036918395842372477,24.132943868637085
"[24035.260528907933, 0]",24.16348373889923,0.0,24.14093804359436,-0.00939212793530108,24.19605302810669
"[24039.036546511652, 0]",24.22684931755066,0.0,24.20462989807129,-0.006388636485018841,24.258005619049072
"[24022.860342905144, 0]",24.288031578063965,0.0,24.26603102684021,-0.009085433385800428,24.36110520362854
"[24014.188170258043, 0]",24.39145076274872,0.0,24.369682788848877,-0.00826053080438488,24.55766749382019
"[23998.739987399873, 0]",24.588011503219604,0.0,24.565855503082275,-0.008027865973729214,24.618626356124878
"[23979.983679738878, 0]",24.64972186088562,0.0,24.62761950492859,-0.009476733328266776,24.680819272994995
"[23960.331285963148, 0]",24.71093761920929,0.0,24.688820838928223,-0.004463863795049233,24.74399447441101
"[23959.239592395923, 0]",24.774988412857056,0.0,24.75301432609558,-0.006304031092053141,24.84493136405945
"[23953.335346694854, 0]",24.87616229057312,0.0,24.85392999649048,-0.009138311756403986,25.009984254837036
"[23944.039440394405, 0]",25.04014813899994,0.0,25.017998456954956,-0.009942062989578108,25.07124090194702
"[24000.232004176072, 0]",25.102359890937805,0.0,25.080259323120117,-0.00969882248480173,25.133427619934082
"[24019.984319749117, 0]",25.163323163986206,0.0,25.14141273498535,-0.007266417437037945,25.196199893951416
"[24002.560038400577, 0]",25.228696942329407,0.0,25.206650018692017,-0.007879806536039247,25.299142599105835
"[23983.659754896322, 0]",25.329458475112915,-0.136,25.30725383758545,0.18538006234585394,25.491452932357788
"[24030.76046140692, 0]",25.52181053161621,-0.46,25.49949312210083,0.0899451790805478,25.54512667655945
"[24086.261293919408, 0]",25.57558500766754,-0.548,25.553699016571045,-0.007118357999347975,25.607629537582397
"[24127.48603977664, 0]",25.637624979019165,-0.652,25.615623235702515,-0.09172375096504488,25.668590784072876
"[24180.111061888052, 0]",25.69917607307434,-0.756,25.677616596221924,-0.127353197077724,25.765907287597656
"[24285.764286464295, 0]",25.796279191970825,-0.916,25.77390217781067,0.32630092000434285,25.92954158782959
"[24677.094833517334, 0]",25.959787011146545,-1.188,25.937533140182495,0.34812911138949265,25.992056369781494
"[24785.296564745036, 0]",26.022892832756042,-1.292,26.001076698303223,0.3611266148838478,26.05465030670166
"[24860.39776636426, 0]",26.08574116230011,-1.4,26.063623428344727,0.3804166444800267,26.11689519882202
"[25075.90121441943, 0]",26.147327065467834,-1.5,26.124857664108276,0.3910874996678252,26.220288276672363
"[25371.331312632316, 0]",26.25088894367218,-1.676,26.228713512420654,0.5364395647828926,26.385725736618042
"[26040.29476560055, 0]",26.416186809539795,-1.948,26.393609523773193,0.5095138984715595,26.44778847694397
"[26016.16829102924, 0]",26.47812521457672,-2.052,26.455761671066284,0.47473050628853736,26.51148271560669
"[26220.271964895368, 0]",26.54254651069641,-2.16,26.520447492599487,0.44127964904472494,26.57560968399048
"[26214.87186769362, 0]",26.605920672416687,-2.268,26.58360505104065,0.40103920901541534,26.673283576965332
"[26437.049429840303, 0]",26.70414888858795,-2.432,26.682310342788696,0.5740572376302655,26.835448503494263
"[26864.083553503962, 0]",26.866106629371643,-2.7,26.84356451034546,0.5830571363069915,26.896671295166016
"[27035.486638759496, 0]",26.927865147590637,-2.804,26.905633687973022,0.6015962930405998,26.960055828094482
"[27208.08974561542, 0]",26.9904648065567,-2.908,26.96805191040039,0.6327099263037349,27.0245943069458
"[27267.390813034635, 0]",27.054707169532776,-3.016,27.03270721435547,0.6699468748827622,27.123771905899048
"[27235.36300117102, 0]",27.154819130897522,-3.18,27.132766485214233,0.7793416479874083,27.30114221572876
"[27413.293439281904, 0]",27.332096457481384,-3.476,27.309520959854126,0.7438179586159364,27.363667964935303
"[27527.667970355495, 0]",27.3946191072464,-3.58,27.372629404067993,0.730386852482632,27.426543951034546
"[27744.44391110258, 0]",27.457053065299988,-3.688,27.434571027755737,0.7373139190316984,27.489495992660522
"[27940.219103286545, 0]",27.519668102264404,-3.792,27.497523546218872,0.7461128799001309,27.59547519683838
"[28335.425031375467, 0]",27.626799821853638,-3.968,27.604867219924927,0.9271684208467222,27.772667407989502
"[28055.00499008982, 0]",27.80317747592926,-4.0,27.780688285827637,0.9317794147633527,27.83462405204773
"[28255.895582538156, 0]",27.865206480026245,-4.0,27.842650890350342,0.9271155424761187,27.89677906036377
"[28171.450743211895, 0]",27.92839026451111,-4.0,27.905781984329224,0.9266607884889281,27.96098232269287
"[27989.547832765325, 0]",27.992210745811462,-4.0,27.96998357772827,0.9253176778755976,28.063743829727173
"[28105.02157532363, 0]",28.09420382976532,-4.0,28.07171320915222,0.909507045065133,28.23872137069702
"[28110.70599270787, 0]",28.26913869380951,-4.0,28.246716499328613,0.9131768039850201,28.300524711608887
"[28009.66412563363, 0]",28.330522418022156,-4.0,28.30855083465576,0.9139065254993493,28.362520933151245
"[27972.547560760973, 0]",28.393540740013123,-4.0,28.371482372283936,0.9160851143682159,28.425615787506104
"[27976.10356986426, 0]",28.456849336624146,-4.0,28.434581756591797,0.9157995711669568,28.533819675445557
"[27865.357307146143, 0]",28.563783407211304,-4.0,28.541792154312134,0.9028126433467223,28.6967613697052
"[27900.2580051601, 0]",28.730774402618408,-4.0,28.708787202835083,0.9009724760497184,28.762757539749146
"[27955.859117182343, 0]",28.793286681175232,-4.0,28.770718812942505,0.9028866730655674,28.825843572616577
"[27883.274015658266, 0]",28.856205940246582,-4.0,28.833808183670044,0.9037221513211036,28.88963747024536
"[27871.373813354825, 0]",28.920246958732605,-4.0,28.89812135696411,0.9029924298067744,29.002384185791016
"[27843.089803257244, 0]",29.032548189163208,-4.0,29.010356187820435,0.8977680467911426,29.16336464881897
"[27809.472761036937, 0]",29.194425463676453,-4.0,29.172375917434692,0.8974825035898834,29.226491689682007
"[27822.68951765325, 0]",29.258077025413513,-4.0,29.235478162765503,0.8978103494876255,29.291664600372314
"[27861.07363825185, 0]",29.32215678691864,-4.0,29.299660444259644,0.8978843792064705,29.355645895004272
"[27880.86245121187, 0]",29.38626480102539,-4.0,29.36367440223694,0.8946059202290497,29.45646834373474
"[27697.015455231827, 0]",29.48722767829895,-4.0,29.464611530303955,0.8907457991749897,29.62263250350952
"[27656.89782416083, 0]",29.653682589530945,-4.0,29.63158082962036,0.8877211563764661,29.6857693195343
"[27703.73244478934, 0]",29.716904401779175,-4.0,29.69479751586914,0.8898362912006086,29.7509925365448
"[27679.587514225197, 0]",29.782026052474976,-4.0,29.759732246398926,0.888239364408381,29.813314199447632
"[27689.54303268852, 0]",29.84428858757019,-4.0,29.822309255599976,0.8881018806448118,29.923614263534546
"[27676.987477824692, 0]",29.954140543937683,-4.0,29.931649446487427,0.883829308300044,30.127691745758057
"[27606.496916944507, 0]",30.158172607421875,-4.0,30.13565492630005,0.8826871354950072,30.189688444137573
"[27609.56936267916, 0]",30.22003722190857,-4.0,30.197790384292603,0.8846436352073388,30.25303363800049
"[27635.297435353834, 0]",30.282803893089294,-4.0,30.2609965801239,0.8797153710670871,30.31360650062561
"[27677.753555071104, 0]",30.344247341156006,-4.0,30.321775674819946,0.8827188625173692,30.424560070037842
"[27581.141298260776, 0]",30.45482623577118,-4.0,30.43265199661255,0.881333449207556,30.587924242019653
"[27551.740827853246, 0]",30.63856041431427,-4.0,30.595916986465454,0.8803287601660883,30.690196752548218
"[27546.92339154444, 0]",30.72243344783783,-4.0,30.70019006729126,0.8803287601660883,30.7536358833313
"[27599.896798142367, 0]",30.78452503681183,-4.0,30.76247477531433,0.8828457706068178,30.81657576560974
"[27604.71407071106, 0]",30.847784519195557,-4.0,30.825675010681152,0.8814074789264009,30.92352318763733
"[27686.798362370526, 0]",30.954883337020874,-4.0,30.932488441467285,0.8736132070994361,31.088229179382324
"[27563.403197435175, 0]",31.11876940727234,-4.0,31.09684944152832,0.8780126875336524,31.150694847106934
"[27536.795662321925, 0]",31.181711792945862,-4.0,31.159719944000244,0.8779598091630488,31.21363925933838
"[27566.42376205148, 0]",31.243682026863098,-4.0,31.221641778945923,0.8772406633228403,31.27674174308777
"[27529.19552551946, 0]",31.306949019432068,-4.0,31.28484034538269,0.8756966149012164,31.375303506851196
"[27505.540088641417, 0]",31.406392335891724,-4.0,31.384279251098633,0.8782665037125494,31.540621995925903
"[27481.002291025205, 0]",31.571128249168396,-4.0,31.548616409301758,0.8786155009585329,31.60567307472229
"[27498.51247768716, 0]",31.63627564907074,-4.0,31.61364507675171,0.8812488438145902,31.66987633705139
"[27512.840205443285, 0]",31.70017659664154,-4.0,31.677982807159424,0.8799480358977427,31.73231291770935
"[27524.167910854485, 0]",31.762675762176514,-4.0,31.74033212661743,0.8781290199489802,31.830228328704834
"[27528.012920193803, 0]",31.861400723457336,-4.0,31.83925437927246,0.873507450358229,31.99447727203369
"[27486.06726314347, 0]",32.025017738342285,-4.0,32.002471685409546,0.873835296255971,32.056591749191284
"[27450.629407552893, 0]",32.08762538433075,-4.0,32.065561294555664,0.8752418609140258,32.11962580680847
"[27466.539464631434, 0]",32.15081346035004,-4.0,32.128650426864624,0.8744275340067309,32.18199133872986
"[27554.7510950219, 0]",32.21291756629944,-4.0,32.18997764587402,0.8737718422112468,32.28111505508423
"[27444.021436407293, 0]",32.31209850311279,-4.0,32.290114402770996,0.8723970045755542,32.468674421310425
"[27504.95009900198, 0]",32.49917793273926,-4.0,32.47671866416931,0.8711384993551895,32.530630588531494
"[27502.59504671084, 0]",32.56168043613434,-4.0,32.539626598358154,0.8713711641858451,32.59372806549072
"[27495.04990099802, 0]",32.623995542526245,-4.0,32.601720094680786,0.8719210992401223,32.65628790855408
"[27524.985349794897, 0]",32.68815493583679,-4.0,32.66607093811035,0.8698588427865834,32.767765522003174
"[27517.275172751728, 0]",32.79884612560272,-4.0,32.7769296169281,0.8733488152464184,32.93274760246277
"[27558.196047528858, 0]",32.96339821815491,-4.0,32.94086813926697,0.8701232346396012,32.99583053588867
"[27575.630907570896, 0]",33.02579963207245,-4.0,33.00379824638367,0.8707577750868438,33.0578031539917
"[27576.096369734656, 0]",33.08789312839508,-4.0,33.06579804420471,0.8731690287863663,33.12192130088806
"[27495.8574461468, 0]",33.15273880958557,-4.0,33.13037896156311,0.8717518884541908,33.2206084728241
"[27463.221801214226, 0]",33.25160849094391,-4.0,33.228899240493774,0.8699222968313076,33.38546919822693
"[27315.691682450284, 0]",33.41663348674774,-4.0,33.39450764656067,0.8689704861604435,33.4487738609314
"[27477.294591302645, 0]",33.47920835018158,-4.0,33.45677042007446,0.8713077101411209,33.51020169258118
"[27484.84969699394, 0]",33.5414092540741,-4.0,33.519164085388184,0.8647613678604,33.57364773750305
"[27521.595388716996, 0]",33.60416114330292,-4.0,33.581642866134644,0.8661890838666962,33.68664264678955
"[27495.057435746665, 0]",33.71768081188202,-4.0,33.69563698768616,0.8653641812852807,33.86369299888611
"[27503.867565748616, 0]",33.89467442035675,-4.0,33.87268805503845,0.8638941625825017,33.92565560340881
"[27435.99384788926, 0]",33.958221197128296,-4.0,33.935652017593384,0.8690973942498921,33.98978805541992
"[27405.14810296206, 0]",34.02082908153534,-4.0,33.99877953529358,0.8661890838666961,34.054840326309204
"[27409.093363680546, 0]",34.085320591926575,-4.0,34.06283402442932,0.8684417024544079,34.15778064727783
"[27422.02101839935, 0]",34.188955187797546,-4.0,34.16678071022034,0.8652478488699529,34.32101249694824
"[27356.2282747393, 0]",34.352203488349915,-4.0,34.33009696006775,0.8666649892021283,34.38630294799805
"[27377.920180483434, 0]",34.41780149936676,-4.0,34.39529800415039,0.8708000777833267,34.451268434524536
"[27403.093255678603, 0]",34.482263922691345,-4.0,34.46029305458069,0.863439408595311,34.51523995399475
"[27412.511187667813, 0]",34.546454071998596,-4.0,34.52425789833069,0.8621068736561014,34.626304149627686
"[27426.448528970577, 0]",34.65750432014465,-4.0,34.63529968261719,0.861567514275945,34.79164981842041
"[27378.54757095142, 0]",34.822120904922485,-4.0,34.79963207244873,0.867003410773991,34.85563063621521
"[27332.95532841927, 0]",34.8862783908844,-4.0,34.8637752532959,0.864105676064916,34.91980171203613
"[27240.4992909844, 0]",34.95005691051483,-4.0,34.92779898643494,0.8597484983271826,34.983317136764526
"[27230.635690171042, 0]",35.01425552368164,-4.0,34.99168348312378,0.8618213304548421,35.09432339668274
"[27255.690602430845, 0]",35.12480282783508,-4.0,35.10231828689575,0.8609647008510644,35.266706705093384
"[27262.790730233144, 0]",35.29690670967102,-4.0,35.27457928657532,0.8616521196689106,35.32923340797424
"[27280.0819211469, 0]",35.35997557640076,-4.0,35.337921380996704,0.8601080712472868,35.39199924468994
"[27328.091905654303, 0]",35.42301118373871,-4.0,35.40101766586304,0.8603724631003046,35.45602869987488
"[27273.1181892456, 0]",35.4861536026001,-4.0,35.46408009529114,0.8625087492726884,35.56322884559631
"[27328.337253396054, 0]",35.59369623661041,-4.0,35.57119369506836,0.8602032523143732,35.73028922080994
"[27267.563548580325, 0]",35.76116466522217,-4.0,35.739161252975464,0.8602772820332182,35.7941312789917
"[27231.890174023134, 0]",35.826642751693726,-4.0,35.8041558265686,0.8620116925890149,35.85812473297119
"[27254.190575430355, 0]",35.88857889175415,-4.0,35.86609387397766,0.8556662881165877,35.92108869552612
"[27219.362729166394, 0]",35.95192360877991,-4.0,35.93005919456482,0.8647190651639172,36.033767223358154
"[27124.115358191804, 0]",36.06377732753754,-4.0,36.0417902469635,0.8592091389470262,36.19880199432373
"[27168.21619610773, 0]",36.229167103767395,-4.0,36.2074134349823,0.8624029925314813,36.260958433151245
"[27221.962773367144, 0]",36.29228448867798,-4.0,36.2699191570282,0.8603407360779425,36.3236448764801
"[27254.94509890198, 0]",36.355124950408936,-4.0,36.33263325691223,0.8583102066467656,36.39060568809509
"[27279.691034438616, 0]",36.421582102775574,-4.0,36.39959526062012,0.8616626953430315,36.4855797290802
"[27327.691898454173, 0]",36.516745924949646,-3.876,36.49463486671448,0.7539071517270957,36.65703010559082
"[27164.197612347467, 0]",36.68851101398468,-3.588,36.66602396965027,0.7803146100065138,36.712000131607056
"[27203.771279196862, 0]",36.74248015880585,-3.5,36.719993352890015,0.8209675013265312,36.77396202087402
"[27200.471209895408, 0]",36.80444586277008,-3.396,36.78195929527283,0.8690339402051678,36.84392428398132
"[27243.017617334728, 0]",36.87406146526337,-3.28,36.851950883865356,0.9266396371406866,36.95413088798523
"[27228.344566891337, 0]",36.98412907123566,-3.096,36.962157249450684,0.5823485661409038,37.118834495544434
"[27144.415743899135, 0]",37.15029215812683,-2.82,37.12780523300171,0.5618529096949638,37.183772563934326
"[27166.61616570715, 0]",37.21491229534149,-2.712,37.19279170036316,0.5461691849739476,37.247867822647095
"[27167.789020202363, 0]",37.27858519554138,-2.604,37.25688552856445,0.5292692577290496,37.310725688934326
"[27143.315722998737, 0]",37.34071934223175,-2.5,37.31866240501404,0.52437272061116,37.408387422561646
"[27074.86027262463, 0]",37.43917787075043,-2.336,37.41738247871399,0.5317333897991756,37.568944215774536
"[27206.762514962753, 0]",37.599926590919495,-2.068,37.57793927192688,0.492190944261833,37.633907079696655
"[26996.185931346765, 0]",37.66468012332916,-1.96,37.64265441894531,0.4327979583999138,37.69664001464844
"[26911.984415719482, 0]",37.72674334049225,-1.856,37.704649209976196,0.37011593788645314,37.75880432128906
"[26870.683672306102, 0]",37.78897511959076,-1.752,37.76679801940918,0.31192857887429504,37.86133360862732
"[27106.68792038257, 0]",37.89175593852997,-1.58,37.86935591697693,0.14217843356274495,38.067065477371216
"[27091.614740680077, 0]",38.09704840183258,-1.236,38.075061321258545,0.12095305560247573,38.13203167915344
"[27024.88644795606, 0]",38.1622439622879,-1.128,38.139986753463745,0.11286266490013096,38.195475339889526
"[26879.083823508827, 0]",38.22641742229462,-1.024,38.20448660850525,0.1218096852062534,38.25735926628113
"[26775.481958675256, 0]",38.28779125213623,-0.92,38.265379667282104,0.15362131296135545,38.361173152923584
"[26683.70699043282, 0]",38.39216184616089,-0.744,38.37017464637756,-0.016974886279851664,38.529075384140015
"[26372.401075620437, 0]",38.55907475948334,-0.468,38.5370717048645,-0.08743002727203576,38.592041015625
"[26269.299116683218, 0]",38.622119188308716,-0.364,38.60004115104675,-0.11857538755753294,38.65318727493286
"[25684.362318521733, 0]",38.68546104431152,-0.26,38.66317582130432,-0.12528036495006442,38.71774625778198
"[25568.185795530117, 0]",38.74922335147858,-0.152,38.72674083709717,-0.12300659501411132,38.82921099662781
"[25366.381961257266, 0]",38.880900144577026,0.0,38.858861446380615,-0.07635729646765019,39.04717469215393
"[25193.30386607732, 0]",39.077296018600464,0.0,39.05516529083252,-0.07797537460811912,39.10943913459778
"[25112.60225204504, 0]",39.1401002407074,0.0,39.117427110672,-0.07576505871689031,39.17176866531372
"[25020.000400008, 0]",39.20192587375641,0.0,39.17976140975952,-0.07816573674229196,39.23509669303894
"[24950.174053307015, 0]",39.265597462654114,0.0,39.24326229095459,-0.07537375877442395,39.34492754936218
"[24878.94782106078, 0]",39.37587773799896,0.0,39.353891134262085,-0.05905549360616516,39.50664210319519
"[24876.848275875862, 0]",39.537603974342346,0.0,39.51560854911804,-0.060102485344115664,39.56962442398071
"[24885.272820183585, 0]",39.599252343177795,0.0,39.57717967033386,-0.061593655395136074,39.632258892059326
"[24807.446534037615, 0]",39.662195563316345,0.0,39.64028573036194,-0.0572470533315234,39.694040060043335
"[24837.89675793516, 0]",39.72423267364502,0.0,39.70206618309021,-0.05962658000868362,39.79850125312805
"[24713.0212692765, 0]",39.82855010032654,0.0,39.80600595474243,-0.05153618930633885,39.96668028831482
"[24743.07011833225, 0]",39.99715304374695,0.0,39.97475600242615,-0.049209540999782184,40.02948260307312
"[24720.969698424273, 0]",40.05972218513489,0.0,40.037675857543945,-0.04839521409248736,40.09573531150818
"[24686.16903721171, 0]",40.125892162323,0.0,40.10372591018677,-0.050161351670646274,40.158992528915405
"[24670.168733205934, 0]",40.18914544582367,0.0,40.16659712791443,-0.051092010993268946,40.26893639564514
"[24715.096581158978, 0]",40.29918432235718,0.0,40.27690386772156,-0.044344730904254615,40.43203163146973
"[24624.593993503895, 0]",40.4626761674881,0.0,40.44057607650757,-0.04362558506404619,40.49771332740784
"[24631.894110305766, 0]",40.527780055999756,0.0,40.50570797920227,-0.04553978207989508,40.56058621406555
"[24709.42006014102, 0]",40.59078073501587,0.0,40.56857991218567,-0.03938473974164063,40.622923135757446
"[24707.74473940531, 0]",40.65332329273224,0.0,40.630919456481934,-0.04486293893616951,40.73618412017822
"[24640.41888712108, 0]",40.76723802089691,0.0,40.74518132209778,-0.035841888911202074,40.90068459510803
"[24595.591911838237, 0]",40.93160402774811,0.0,40.90967798233032,-0.04012503693009048,40.96449518203735
"[24576.391527830558, 0]",40.9951354265213,0.0,40.972617387771606,-0.0360428267194956,41.028642892837524
"[24606.66752668301, 0]",41.059099316596985,0.0,41.0366632938385,-0.039966401818279804,41.09050107002258
"[24611.618397512757, 0]",41.12055051326752,0.0,41.09851861000061,-0.037269604917498214,41.18847417831421
"[24580.11786200365, 0]",41.2184202671051,0.0,41.19646859169006,-0.03300760824685123,41.35190749168396
"[24610.093761500186, 0]",41.38226640224457,0.0,41.360013008117676,-0.03534483222752861,41.41448926925659
"[24546.543651611126, 0]",41.4444934129715,0.0,41.42207431793213,-0.0362966428983927,41.47767734527588
"[24488.667330009946, 0]",41.50778138637543,0.0,41.48567509651184,-0.03484777554385514,41.54004788398743
"[24504.316573381748, 0]",41.57040798664093,0.0,41.54804253578186,-0.032901851505644106,41.64187431335449
"[24564.894778737347, 0]",41.67233955860138,0.0,41.649946451187134,-0.03537655924989074,41.80673885345459
"[24528.866048454922, 0]",41.83725953102112,0.0,41.8147611618042,-0.03171737600412435,41.86974477767944
"[24505.694068328823, 0]",41.90069234371185,0.0,41.87873935699463,-0.033980570265956744,41.93164110183716
"[24467.915954571225, 0]",41.96316349506378,0.0,41.94064402580261,-0.03362099734585253,41.996675968170166
"[24419.615133457268, 0]",42.026753425598145,0.0,42.004671812057495,-0.03155874089231367,42.09452438354492
"[24437.14211998968, 0]",42.12456548213959,0.0,42.102214097976685,-0.026122844394267642,42.26965379714966
"[24408.541719584075, 0]",42.3002712726593,0.0,42.27764177322388,-0.0265247200108547,42.33292603492737
"[24399.717196323552, 0]",42.36302733421326,0.0,42.340890407562256,-0.02961281685410264,42.39609932899475
"[24397.668374352117, 0]",42.426146268844604,0.0,42.40412712097168,-0.0314952868475894,42.45910120010376
"[24369.665544983174, 0]",42.48988735675812,0.0,42.468101501464844,-0.03064923291793243,42.56351351737976
"[24329.289268628298, 0]",42.59448254108429,0.0,42.572473764419556,-0.02737077394051167,42.78580594062805
"[24342.44342443424, 0]",42.816282629966736,0.0,42.79379725456238,-0.024346131141988005,42.847760915756226
"[24343.16514747721, 0]",42.879276633262634,0.0,42.85690712928772,-0.026979473998045324,42.91223740577698
"[24368.341156776198, 0]",42.94209659099579,0.0,42.91953778266907,-0.02269632597915692,42.973653078079224
"[24371.98995183923, 0]",43.004220604896545,0.0,42.98164892196655,-0.02561521203647346,43.081560373306274
"[24329.289268628298, 0]",43.11192429065704,0.0,43.089529275894165,-0.021818545027137815,43.26246929168701
"[24362.43852389343, 0]",43.29304850101471,0.0,43.27050471305847,-0.022823234068605463,43.32456302642822
"[24333.237998283967, 0]",43.35493612289429,0.0,43.332582235336304,-0.023394320471123914,43.390292167663574
"[24305.46736014096, 0]",43.420323610305786,0.0,43.39831233024597,-0.021109974861050103,43.45232844352722
"[24290.688651018416, 0]",43.48284161090851,0.0,43.460299015045166,-0.023923104177159524,43.5635666847229
"[24237.86356795352, 0]",43.59416663646698,0.0,43.571953773498535,-0.022928990809812585,43.72553610801697
"[24168.59002308028, 0]",43.75605118274689,0.0,43.73368525505066,-0.02251653951910481,43.788453578948975
"[24230.239223349126, 0]",43.81927013397217,0.0,43.79683566093445,-0.023626985301779584,43.85073184967041
"[24200.887214195427, 0]",43.88071322441101,0.0,43.85870409011841,-0.020729250592704467,43.913716316223145
"[24233.736207251728, 0]",43.94380521774292,0.0,43.921711921691895,-0.025107579678679277,44.01735496520996
"[24244.212151606574, 0]",44.047852635383606,0.0,44.02536153793335,-0.01814878610725071,44.18139958381653
"[24203.559867637487, 0]",44.21191644668579,0.0,44.189430475234985,-0.019227504867563344,44.24636435508728
"[24196.659736534995, 0]",44.276862025260925,0.0,44.254359006881714,-0.0183179968931821,44.31236004829407
"[24219.060162143083, 0]",44.3428111076355,0.0,44.32032656669617,-0.019914923685409633,44.37928652763367
"[24234.23621625189, 0]",44.40978503227234,0.0,44.38728213310242,-0.022579993563829087,44.48523020744324
"[24232.411951003167, 0]",44.51621353626251,0.0,44.494225025177,-0.020634069525618054,44.65912914276123
"[24167.13833993676, 0]",44.689613342285156,0.0,44.667126417160034,-0.024695128387971506,44.72809386253357
"[24182.111095888627, 0]",44.75809967517853,0.0,44.73611235618591,-0.02255884221558766,44.7920560836792
"[24186.835363036535, 0]",44.82206320762634,0.0,44.8000762462616,-0.02125803429874007,44.85601282119751
"[24144.03459262267, 0]",44.8874933719635,0.0,44.86500644683838,-0.018963113014545542,44.970945835113525
"[24160.534889628016, 0]",45.001431465148926,0.0,44.97894072532654,-0.018772750880372724,45.13647770881653
"[24177.307723462196, 0]",45.166550636291504,0.0,45.144503593444824,-0.018920810318062694,45.198599100112915
"[24172.20761635994, 0]",45.22868371009827,0.0,45.20658731460571,-0.019840893966564646,45.261799812316895
"[24219.63907494705, 0]",45.29220902919769,0.0,45.269771575927734,-0.017239278132869466,45.32464289665222
"[24206.408334575026, 0]",45.354804277420044,0.0,45.33263683319092,-0.019142899474597647,45.42294692993164
"[24151.634729425128, 0]",45.453455448150635,0.0,45.43097448348999,-0.018571813072079193,45.590067863464355
"[24119.434149814697, 0]",45.62043476104736,0.0,45.5981388092041,-0.014880902803950666,45.65159368515015
"[24121.134180415247, 0]",45.70281207561493,0.0,45.659602642059326,-0.019047718407511238,45.75401425361633
"[24137.158606013516, 0]",45.78432559967041,0.0,45.76208710670471,-0.019883196663047494,45.8155837059021
"[24118.810019770335, 0]",45.84607124328613,0.0,45.82367706298828,-0.019185202171080495,45.92465591430664
"[24101.057920100484, 0]",45.95462083816528,0.0,45.9326069355011,-0.022178117947242025,46.08809423446655
"[24059.033062595125, 0]",46.11850547790527,0.0,46.09610342979431,-0.022283874688449147,46.14987349510193
"[24077.733399201185, 0]",46.18094217777252,0.0,46.15883660316467,-0.0200629831230996,46.213072061538696
"[24074.209261557444, 0]",46.24310076236725,0.0,46.2210419178009,-0.01790554560247433,46.27609968185425
"[24066.012858167156, 0]",46.30675160884857,0.0,46.28462886810303,-0.017271005155231604,46.376941442489624
"[24059.68495495928, 0]",46.406890511512756,0.0,46.384979486465454,-0.019883196663047498,46.554983139038086
"[24051.608877350915, 0]",46.58570325374603,0.0,46.563621520996094,-0.016276891787884665,46.6177921295166
"[24042.832770989877, 0]",46.64795422554016,0.0,46.62578630447388,-0.016023075608987573,46.681090116500854
"[24033.43260178683, 0]",46.71106827259064,0.0,46.68907904624939,-0.018191088803733556,46.745022773742676
"[24029.888358660308, 0]",46.77626347541809,0.0,46.754156827926636,-0.017493094311766558,46.86238193511963
"[24046.260693910408, 0]",46.892598271369934,0.0,46.87038445472717,-0.014701116343898559,47.023847579956055
"[24054.38108762175, 0]",47.054813385009766,0.0,47.03284215927124,-0.017990150995440025,47.08880949020386
"[24064.98129962599, 0]",47.119789242744446,0.0,47.097806453704834,-0.015980772912504725,47.15276908874512
"[24071.837005718084, 0]",47.18320095539093,0.0,47.16075658798218,-0.01305131118106747,47.215670347213745
"[24076.981539630793, 0]",47.24671411514282,0.0,47.22466564178467,-0.01652013229266104,47.32973289489746
"[24109.05807210337, 0]",47.36076319217682,0.0,47.338213205337524,-0.014764570388622833,47.49719429016113
"[24108.933960811293, 0]",47.52787756919861,0.0,47.505191802978516,-0.014394421794397908,47.56152653694153
"[24078.85749829247, 0]",47.591779589653015,0.0,47.56951975822449,-0.011581292478288485,47.62500357627869
"[24097.5337556076, 0]",47.65508568286896,0.0,47.63296985626221,-0.014806873085105681,47.688212871551514
"[24074.009258157388, 0]",47.718451261520386,0.0,47.69623279571533,-0.012332165340859045,47.799062728881836
"[24055.50894365204, 0]",47.829338788986206,0.0,47.80703401565552,-0.013114765225791743,47.97164750099182
"[24038.98462375398, 0]",48.00190234184265,0.0,47.97995114326477,-0.012670586912721833,48.03479051589966
"[24038.4086529471, 0]",48.065571904182434,0.0,48.043253660202026,-0.013844486740120877,48.096866846084595
"[24000.912011856155, 0]",48.12797427177429,0.0,48.105886936187744,-0.013548367864740939,48.16199779510498
"[24017.608299341086, 0]",48.19294548034668,0.0,48.17002010345459,-0.01535680813938271,48.26673221588135
"[24015.91220685869, 0]",48.296793937683105,0.0,48.274726152420044,-0.011443808714719228,48.45640563964844
"[23983.659754896322, 0]",48.48686718940735,0.0,48.465023040771484,-0.0101958791684752,48.51970720291138
"[23991.031838573093, 0]",48.549872159957886,0.0,48.52781939506531,-0.010365089954406593,48.58091974258423
"[23996.30793723493, 0]",48.611446499824524,0.0,48.58891201019287,-0.012046622139599818,48.64348244667053
"[23993.95588516182, 0]",48.673949241638184,0.0,48.6516010761261,-0.014362694772035773,48.75226402282715
"[23935.406901917333, 0]",48.78201508522034,0.0,48.75976252555847,-0.010534300740337987,48.916186809539795
"[23942.307019219323, 0]",48.946112275123596,0.0,48.9236102104187,-0.011094811468735729,48.98160648345947
"[23947.183154930477, 0]",49.015087246894836,0.0,48.992599964141846,-0.012141803206686229,49.050567626953125
"[23945.687348248182, 0]",49.081552267074585,0.0,49.059568643569946,-0.010343938606165169,49.11353325843811
"[23960.93129676334, 0]",49.14338278770447,0.0,49.12152647972107,-0.010354514280285883,49.22078847885132
"[23958.007286123862, 0]",49.2515332698822,0.0,49.22942137718201,-0.012374468037341893,49.38394618034363
