36677.75362,1427.5124219678105,2.855024843935621,-0.0,-50.786475,0.068483591
36693.653476656895,1425.58661738489,2.85117323476978,-0.0,-50.786475,0.1897733328079365
36756.17917387592,1421.515985105466,2.843031970210932,-0.0,-50.786475,0.311063074615873
36818.704871094946,1421.958220441584,2.8439164408831683,-0.0,-50.786475,0.4323528164238095
36744.455691076444,1413.5269896293166,2.8257143789505292,0.00030000000000000003,-89.99889322554353,0.553642558231746
36835.547619350386,1409.6715662054735,2.815686416656184,0.0008216026747452876,-96.59194345240881,0.6749323000396825
36813.021873337915,1407.6075912677438,2.8135350639351193,0.00037787143994553785,-85.24563885913919,0.796222041847619
36912.92815038398,1404.159776256057,2.8060363761337475,0.0005148388215524787,547.4812675809565,0.9175117836555555
36861.63398844564,1397.8382106336044,2.7896002374549775,0.0013775793441920924,1276.9640447022487,1.038801525463492
36932.013189070894,1401.1761849345257,2.790431439263238,0.0026999999999999997,1407.623582397647,1.1600912672714283
37064.85983758858,1412.0206500254935,2.803173295395074,0.0047,1365.710577604239,1.281381009079365
37113.598426442084,1415.4433609355842,2.809808330225343,0.004736083893835719,1535.138015533892,1.4026707508873015
37171.39353035699,1425.914632006913,2.8239962915838865,0.0062174827735005204,2420.0937383860687,1.523960492695238
37273.65745194774,1434.5099803896912,2.8361812650855174,0.0073,3001.8832417853637,1.6452502345031743
37488.76090374064,1446.7963709426444,2.8498857571650307,0.009657253291543056,2941.101871836705,1.766539976311111
37597.19752647651,1449.7436017359173,2.8519111435136364,0.0105,2978.884272626525,1.8878297181190475
37854.12817842126,1467.4358985925373,2.8854734333456697,0.010773813405007904,3409.093140247344,2.009119459926984
37982.4853580317,1477.7980929535952,2.893985816136399,0.013379289423266175,5269.843581295718,2.1304092017349205
38168.43735792758,1493.1355500097948,2.9198011675429094,0.014299999999999998,5800.728007100638,2.251698943542857
38655.258223039134,1513.3467372984887,2.9422937738035073,0.01798340780191128,5784.6069205168715,2.3729886853507938
38670.14369804779,1537.9735628588023,2.987289714836942,0.0186,5776.454895984108,2.49427842715873
38666.23927538459,1556.414539621207,3.015867621205403,0.020133034751835206,7021.828600836733,2.6155681689666666
39068.018224771746,1576.1807697029062,3.0386191657209345,0.0234,9053.985144125743,2.7368579107746034
39069.6413735155,1595.7042130154705,3.0697227650586965,0.0247625859226149,9085.173503334963,2.8581476525825398
39741.12231677513,1611.10293973132,3.081906691789962,0.028382864620080453,9201.178702973944,2.979437394390476
39698.837568076764,1629.3387122942916,3.115736583035513,0.028599999999999997,9219.575374942184,3.1007271361984126
39939.84954533081,1646.5148548656641,3.13399200305938,0.031585169625114845,11187.332735379367,3.222016878006349
40217.960590640905,1666.6253311003318,3.158427467144519,0.03439999999999999,12596.458245512904,3.343306619814286
40654.154291938044,1689.8562691310726,3.188395388100513,0.037235397199334525,12589.568767501394,3.464596361622222
41108.15846668366,1722.0739789158984,3.2317913021788613,0.04069999999999999,12598.85713128444,3.5858861034301586
40964.35310299773,1747.2368409157384,3.2778798806259735,0.04092352439383789,12941.632394241731,3.7071758452380954
41168.50322010831,1771.1479174716658,3.3048924900716825,0.044406037551868574,14816.095504451909,3.828465587046032
41512.66261599026,1802.4261773339986,3.3482623031514485,0.0473,16294.43396693962,3.949755328853968
41942.41016720476,1829.8266207006718,3.3858233281038195,0.0498499814867579,16366.230556735414,4.071045070661905
42766.38088789509,1851.5663827427268,3.4032456966376947,0.054188101057315835,16318.310545665145,4.1923348124698405
42664.76571711883,1879.6865083054538,3.4538058802423848,0.05440000000000001,16478.745907043718,4.313624554277777
43146.23301380667,1911.1194095669118,3.489442428676661,0.05851332371155689,20035.601955454003,4.434914296085713
43777.86818745916,1937.4381586644865,3.5197116721223365,0.06180000000000001,22354.857954357558,4.55620403789365
44332.285223602674,1972.8924724636695,3.5654517342857006,0.06521077685102868,22430.987255659522,4.677493779701587
45232.92282421116,2017.8679412473352,3.6223498788267516,0.0696,22505.2967437859,4.798783521509523
45139.43913915465,2054.951120638229,3.6889192749836086,0.0696,22460.414321175867,4.92007326331746
45426.17667088142,2084.7403030471064,3.7191836035245225,0.07367850622846309,25590.065629879286,5.041363005125397
46024.41806412414,2122.9874701229423,3.7642958785366205,0.0777,28072.83132574687,5.1626527469333325
46398.24456341668,2157.4884231368196,3.8121885222780563,0.07998734335501685,28051.84027683302,5.283942488741269
47564.08217202317,2190.5898840160817,3.8400014242091327,0.08522919915924754,28018.868863710097,5.405232230549206
47484.58349006141,2220.710792165197,3.8876667726793666,0.0861,27853.452959199996,5.526521972357142
47700.132674453576,2256.755856069123,3.9309188559169974,0.08942590573412221,30172.89342369042,5.647811714165079
48321.274361881944,2289.8083644545845,3.9607860632350746,0.09403655254345325,32948.1406756738,5.769101455973015
48631.26082959102,2325.47038431872,4.0139883169151735,0.09543495264881091,33217.16422793717,5.890391197780952
49522.872223302584,2370.6072385947496,4.056434372898899,0.10120925608757701,33395.03692998678,6.011680939588889
49591.06379122421,2407.6751579673764,4.105067128744618,0.1036,33421.610196649934,6.1329706813968246
49466.994365522805,2437.4677429479566,4.14080282548041,0.10601498048102911,35355.006129498935,6.254260423204761
50275.69747801114,2473.7485031592278,4.1679262617164525,0.11150938869605108,38937.63528264531,6.375550165012697
50426.318960880606,2515.0900164999002,4.228309407677839,0.1129709848623268,40171.715016688366,6.496839906820634
51991.41046133864,2549.2666014149036,4.246554086566076,0.11911412436375181,40947.13326315102,6.618129648628571
51431.60281853929,2584.959798773333,4.2883990976075115,0.12185847467266078,41311.64934644539,6.739419390436507
51492.312279157486,2616.536895557431,4.32442247232874,0.12438995219599606,42671.18901180958,6.860709132244444
51824.70578717272,2652.966111227361,4.354883835229532,0.1289595773447058,44645.15592993578,6.981998874052381
52158.3155559623,2684.5588353651797,4.392080885154444,0.1312,45497.16999745091,7.103288615860317
53013.0749497686,2726.3731500086365,4.429462813067119,0.1358989921734797,45605.358898958366,7.224578357668253
53647.966239145535,2767.37195429755,4.4652698855823845,0.14053523786955815,45739.12293108494,7.34586809947619
53381.355186952365,2796.5511955898673,4.50196889004998,0.1420907403690856,46840.30929916979,7.467157841284126
53590.00248881698,2832.7162992391623,4.524377408719875,0.14742148549625178,49715.46236544603,7.588447583092063
53651.08401222454,2871.984250486533,4.5696628398125005,0.15,50871.79877553705,7.709737324899999
54471.521807704805,2906.57612929262,4.59304599139386,0.15465792106412526,51192.76391325157,7.831027066707936
54353.70817567102,2935.831551862528,4.6070061489626255,0.15940000000000001,51607.518947499535,7.952316808515873
54257.794266494566,2966.442082974461,4.645760899595977,0.16075732220238848,53258.632103586824,8.07360655032381
54259.02336395149,2995.4746817283667,4.651908681318997,0.16648987961289258,57639.87477719016,8.194896292131745
54237.89153616101,3024.915155430562,4.681746168908266,0.1688,59206.16376927713,8.316186033939681
55230.894104908846,3063.069067863283,4.703300488635255,0.17422433250000277,59385.84400395315,8.437475775747618
55575.020362815594,3101.3336208767014,4.735557966123201,0.17804226760050731,59264.633308153985,8.558765517555555
54899.494742263436,3128.2847191514957,4.763452552537125,0.17994608319686328,60099.04200930822,8.680055259363492
54943.79687742907,3158.9618063943217,4.771557385487169,0.1854733436696493,62235.355294048546,8.801345001171427
54946.087801252135,3192.4288204174745,4.809300509016518,0.1873,63202.72707436567,8.922634742979364
55505.1292529954,3223.12746736294,4.8142867537597,0.19316909185196574,64165.91192045017,9.0439244847873
55253.722073426434,3246.999770066388,4.827249672094411,0.1964,64996.56431657375,9.165214226595237
55148.86833482255,3269.8764804520733,4.844764092758781,0.19874377302668053,66515.1379139711,9.286503968403174
55343.90087031764,3291.7831824448454,4.840380958796772,0.2039788898565314,68870.34699666224,9.407793710211111
55463.480738913655,3318.36605820523,4.8701172268006845,0.20530500626547432,69205.84887750297,9.529083452019046
56131.20841534142,3352.205763256793,4.874923695495264,0.2116446568316247,69356.99103164543,9.650373193826983
56045.11338949482,3384.9496302412394,4.9065504087523095,0.21389999999999998,69360.47308556302,9.77166293563492
55455.74563826493,3406.6030242627835,4.916968982188248,0.2168522325817145,71936.25982442699,9.892952677442857
55347.26650464519,3434.200531780267,4.918866449315554,0.22218956634045572,75666.81128855051,10.014242419250794
54908.70450330293,3456.8067221075435,4.940231310439938,0.22373851385234228,76025.13663236948,10.135532161058729
55766.281800187855,3475.2331575668486,4.929437600315878,0.22896320346522545,76605.65245751456,10.256821902866665
54610.569740334206,3491.3688399408115,4.942127810237324,0.2304,76815.0071129103,10.378111644674602
54335.48551801298,3505.169128134694,4.93885799706391,0.23361357630819146,78483.39295617321,10.499401386482539
54602.2597483906,3519.719725290628,4.926901340999165,0.2382,80420.16458005772,10.620691128290476
54410.52119997852,3538.7733536275928,4.940961254249932,0.23998230859387995,80619.32075605716,10.741980870098413
55707.85625391213,3564.0225228204117,4.942193706183645,0.24478387225392909,80951.25321760593,10.863270611906348
55181.12387001843,3581.1483413818537,4.960159890962974,0.24559999999999998,81174.82244735325,10.984560353714285
54909.17452885095,3592.2400969803566,4.954839994548929,0.2485198324769205,83990.64161286036,11.105850095522221
54473.800815019895,3606.891705511091,4.945500854352455,0.25270000000000004,87085.97704767363,11.227139837330158
54194.05577086423,3617.968517264015,4.9471129559071,0.2546248116764078,87214.78763265409,11.348429579138095
54451.01288858689,3622.56943171612,4.922958423151395,0.25895947428560634,87272.0751694625,11.46971932094603
54469.58421358593,3633.3782018844577,4.935257969204299,0.2593,87152.75772193575,11.591009062753967
54936.38518177522,3640.9417650066034,4.923964005630926,0.26237659603429686,89396.12575634444,11.712298804561904
55325.39117706705,3647.66184801694,4.910536198814417,0.26560000000000006,91341.08475280569,11.83358854636984
55451.892515443506,3657.1097683555536,4.910178083180938,0.26747549175202784,91537.9383821582,11.954878288177778
55389.466209099075,3672.4532765845543,4.904384005196022,0.2712635564724586,91855.689391471,12.076168029985713
54810.24538201211,3678.285509312343,4.911223635050959,0.2714,91758.47813225033,12.19745777179365
54766.835974733156,3680.906766362562,4.896064232227974,0.2740872350221875,94018.09813904653,12.318747513601586
54910.44108501707,3688.3644905523893,4.888578322597654,0.2766,95721.84933641953,12.440037255409523
55409.153236670165,3691.527322131143,4.876490171298348,0.2789580637926474,95847.65991079659,12.56132699721746
54988.40307438757,3683.260557927497,4.8488170031980085,0.2814,95963.15419532024,12.682616739025395
54726.32225784734,3687.6505226565014,4.854596158727916,0.2814,96221.52709672571,12.803906480833332
54320.25747264138,3687.8563519065438,4.836986828616867,0.28401425718664913,98380.8039816571,12.925196222641269
53783.02723312075,3684.47474417754,4.821074418288253,0.2857,99474.93125849783,13.046485964449205
54315.908969712465,3685.4371157535206,4.800590829399065,0.28890600358743973,99635.26249734803,13.167775706257142
53759.55597205016,3690.9859435908643,4.803797121738679,0.2895,99674.76490171411,13.28906544806508
54244.166901417,3685.4113721777794,4.794139900262732,0.2898556008491144,100025.18214254471,13.410355189873014
54399.90165061643,3678.143671766903,4.773750400569978,0.2914804662295273,101256.54377723183,13.531644931680951
54519.7320079902,3674.7797517122226,4.7612042005476365,0.29269999999999996,102032.8488153448,13.652934673488888
54589.46657731034,3669.3231585450612,4.740946683447366,0.29467429850820187,102107.0316253748,13.774224415296825
54798.65274893663,3657.4377700777777,4.719375328041115,0.29561002622130966,102215.98434256254,13.895514157104762
54413.05733380631,3654.080438703513,4.703853955486089,0.2973,102471.50202224337,14.016803898912697
54218.326994869014,3653.6186752138374,4.703259532879952,0.2973,103180.22387795009,14.138093640720633
54041.58607005273,3645.376017838939,4.686211529957076,0.29827678018425763,103677.2618156791,14.25938338252857
53754.36619828766,3640.7824250521976,4.676866852621012,0.2988,103641.8203033097,14.380673124336507
53580.73203242028,3642.335337318615,4.672949882339822,0.2997,103637.82582262896,14.501962866144444
53476.396509775994,3633.9016777112365,4.661910127391152,0.29973355897803183,103721.50353434682,14.62325260795238
53144.03646199904,3624.475575286174,4.6486689322475,0.2999094355996563,104189.14072730279,14.744542349760316
52889.92448322192,3622.9326878976735,4.646099042643348,0.3,104342.07293484511,14.865832091568253
52891.966717816504,3616.0987640490475,4.639249810477588,0.29970609949196847,104304.33899062092,14.98712183337619
52708.28364150119,3612.6474618496645,4.636461931009166,0.29945424629488865,104327.12343558995,15.108411575184126
52436.065612620725,3607.012934818109,4.633487328368488,0.2988,104038.06767823499,15.229701316992063
52439.055473966386,3607.0762290706393,4.633568634735378,0.2988,103522.43503600273,15.350991058799998
52615.40293138138,3599.209494785192,4.623463205593329,0.2988,103033.60733015575,15.472280800607935
52301.43953104997,3593.762081838724,4.626206857594744,0.2973,102986.30340686164,15.593570542415872
52255.6791284615,3591.781863042401,4.629909992354176,0.2963387186492209,102858.80883567537,15.714860284223809
52237.24516150187,3593.859817040501,4.639359754915951,0.2953,102792.60124774037,15.836150026031746
52083.19259422546,3588.90523518422,4.635770027625977,0.2948694619493755,101524.9685425649,15.95743976783968
51919.96412445303,3592.7380027857853,4.6507316976560045,0.29333773132624025,99259.16618103193,16.07872950964762
51881.98726413433,3593.902852185925,4.656416577949995,0.29269999999999996,98325.71827481045,16.200019251455554
52059.40538972695,3592.9952868914775,4.674809000683888,0.2897207474875993,98025.472783669,16.32130899326349
51694.88546700267,3593.236528013615,4.676576815734263,0.2895,97953.22908283885,16.442598735071428
51698.757039338154,3592.0978509618762,4.681961143923945,0.2884582910792525,96462.49903073462,16.563888476879363
51623.31971928944,3590.739587094167,4.695980143513637,0.28606889046148226,93812.8227441441,16.6851782186873
51644.5231975447,3593.3797240055583,4.706387262521693,0.2850203271594907,93543.37638972588,16.806467960495237
52052.216405649066,3603.2548719535334,4.7410376070526,0.28176684209006814,93392.19978856281,16.927757702303172
51733.1217120778,3611.1830016893523,4.753930726558072,0.2814,93343.3006162664,17.04904744411111
51848.01923495135,3620.7954443056437,4.78074680962814,0.2792995115098372,90816.11514385698,17.170337185919045
52168.46535336496,3627.4097492271694,4.807788577477483,0.2766,88244.42233534434,17.291626927726984
52432.976916630854,3640.649541298294,4.840340970554329,0.27440491529941324,88039.01764710611,17.41291666953492
52997.67485908189,3643.4568119939486,4.864720577848064,0.2714,87965.15185871595,17.534206411342854
52898.5009132271,3655.0247609722514,4.8817848978728104,0.2711657926080242,87248.93426017184,17.655496153150793
53241.55463275329,3662.541074039977,4.919467762806594,0.2671890617777773,83619.09336015808,17.776785894958728
53603.32186933472,3677.6281190547606,4.950877235019486,0.26560000000000006,82563.24241622779,17.898075636766666
54554.6199827828,3694.3613825641587,5.005535308964347,0.26106331331625526,82393.04483256034,18.0193653785746
54269.96033040954,3716.3612098479343,5.047974710651111,0.2593,82342.27460586632,18.14065512038254
54502.46327184468,3728.818857093555,5.077928236654728,0.2574924236491914,80441.99723759668,18.261944862190475
54750.043236203535,3744.796136887747,5.13103267150602,0.2531860185931118,76760.47472551088,18.38323460399841
54565.4772297841,3758.21243782861,5.160288190178289,0.25170507443005485,76644.33738153474,18.50452434580635
55740.00065368539,3769.9836712318856,5.211815846374946,0.24692922122656677,76423.64988963694,18.625814087614284
55388.66484370539,3781.292822664137,5.237375055993223,0.24559999999999998,76409.19460784688,18.747103829422223
55410.494236978215,3787.1747453723474,5.269600267074313,0.24239294760159502,73552.9396237097,18.868393571230158
55834.70414011926,3799.801100350378,5.31895906436145,0.2382,70454.17266481541,18.989683313038093
56128.12822705427,3812.567769127636,5.355582596438846,0.2357491766087129,70115.81544992192,19.11097305484603
56669.74984961983,3827.4754948785667,5.417895946668844,0.2304,69532.44523779678,19.232262796653966
56334.962225093055,3835.806036497609,5.436087489556397,0.2295788523265677,67650.3458076665,19.353552538461905
57022.363205218244,3845.035904133257,5.490021018322889,0.22437706249307005,61051.31257771759,19.47484228026984
57551.18702919188,3847.2822654599004,5.5096556593292325,0.22229999999999997,60858.06661339987,19.596132022077775
58550.019672278526,3854.9984119144433,5.563020952606301,0.2169951952466003,61925.775609476696,19.717421763885714
57566.1029546571,3852.9022612752005,5.5844797735623875,0.21394682066735032,63021.65946002462,19.83871150569365
57036.58555820261,3853.714727353558,5.607997432699056,0.21118028468482827,60603.29955703573,19.960001247501587
57891.31901713108,3847.165144404371,5.642441370658377,0.20576495467704856,56413.61277275011,20.081290989309522
58140.088395862724,3846.359346084624,5.6555670119403505,0.20401393668158918,55131.16110467077,20.202580731117457
59034.5379327594,3848.191710396804,5.713094477741449,0.19735682252862383,53629.626752718745,20.323870472925396
58403.94299068936,3845.842358478249,5.717403574250389,0.19641608228333857,53142.26010896731,20.44516021473333
58344.29776460159,3838.7733118472597,5.745343938610671,0.19179171587678753,49556.01620020566,20.56644995654127
58706.69624618347,3836.009697130956,5.778836248756734,0.1873,47724.33811645375,20.687739698349205
58719.81915564494,3827.212669684331,5.788489156571118,0.18457735895407906,49604.586472553805,20.80902944015714
58911.19625290415,3811.3574601353093,5.8184503952307365,0.1781920771691683,51199.88384610863,20.93031918196508
58316.83810364026,3799.791777111163,5.8041236622789025,0.17779917933494802,51575.25347585741,21.051608923773014
58095.24110460434,3779.9001504368944,5.816612011177573,0.17273874476619205,48159.264792160946,21.172898665580952
58006.7396978298,3755.665203272458,5.812748547858085,0.1688,45934.08791613798,21.294188407388887
58084.37670343819,3741.0720567808085,5.815503106688781,0.16582166546923865,45996.655538128885,21.415478149196826
58057.660909305036,3729.6520316232177,5.8519265091679395,0.15948941941583356,46008.753952854735,21.53676789100476
57528.22682034623,3706.5334269448376,5.818717895004239,0.15913114443372986,45480.701345610614,21.658057632812696
57676.77565628502,3685.582527480411,5.832519906152033,0.1536719315956533,41724.687074509544,21.779347374620635
57992.8165925461,3667.9661991672183,5.836163215443556,0.15,39631.837343048064,21.90063711642857
58206.24326233839,3643.3623941990863,5.827740429486368,0.14642098244880497,39449.22551131257,22.021926858236508
58518.64600966936,3608.795319604922,5.821690528926795,0.14068027956234003,39332.228374440594,22.143216600044443
57843.72010956466,3582.1262040169404,5.786443510118443,0.13977272184316372,38571.11019514643,22.26450634185238
57355.360422000165,3548.4271413958745,5.780232672272916,0.13412529035842755,35720.41524456909,22.385796083660317
56939.44546491989,3514.7383311456206,5.750298647652629,0.1312,34361.86613080247,22.507085825468252
57351.73831194892,3486.1675194741383,5.743167645150151,0.1265497739571469,34079.61971159637,22.62837556727619
57393.34003268742,3461.089856560127,5.74100168010551,0.12196122166935303,33942.714482517054,22.749665309084126
56590.296621933085,3425.2552471095505,5.6993864794720315,0.11986347975739242,32548.45948025559,22.87095505089206
57036.00277416317,3393.78201299631,5.695087314042648,0.11419592307915008,29659.058087917994,22.9922447927
56847.80005338365,3357.7543672972233,5.647395952609932,0.11268498965952983,28698.50261854632,23.113534534507934
57099.73241530156,3317.7651583878624,5.6326091432799945,0.10644671368236734,28115.96845982699,23.234824276315873
56132.56750905682,3272.479784104422,5.579249857939191,0.10363602636436646,27833.794114858105,23.356114018123808
55982.75067079071,3229.464538125694,5.533685117572433,0.10029326143765295,25945.546519386655,23.477403759931743
55834.42237489961,3183.2264138501287,5.497262895229772,0.0951089962927446,23484.932430921766,23.59869350173968
55637.75632750088,3141.200838271589,5.437953069928301,0.09349157506954742,23460.315322770766,23.719983243547617
56022.75920103533,3105.7107957341454,5.427733601032734,0.0872238118812364,23329.59085118688,23.841272985355555
55141.40602562582,3067.1636478914415,5.369501621889073,0.0861,23324.63768168778,23.96256272716349
54439.85263755306,3023.97697354664,5.324809462716884,0.08226168101324631,20830.948316816965,24.083852468971426
53966.31752107135,2986.0776478679804,5.294651966178975,0.0777,18483.897877690088,24.205142210779364
53235.950143514274,2940.4535881562506,5.233128429662441,0.07526333235008383,18433.578996575434,24.3264319525873
53420.57943475527,2885.6165658045284,5.1749959485082675,0.07024291578564444,18384.318614399694,24.447721694395238
53027.810321904,2838.332359401661,5.095196106734932,0.0696,18340.604397051247,24.569011436203173
52862.036377162105,2790.0697746074875,5.039727149443765,0.06554067583823266,15895.037437294928,24.690301178011108
52702.85262431246,2738.73096367771,4.975406980888625,0.06180000000000001,14170.587037607296,24.811590919819047
52587.683611404245,2694.5549053584,4.916186666191692,0.059003813874664315,14349.384923459698,24.93288066162698
51778.346088835984,2661.4304074094343,4.889709019069157,0.05446678484504218,14200.539310738852,25.05417040343492
51379.99907714892,2615.9976854618913,4.806731414428238,0.05440000000000001,14040.08121689579,25.175460145242855
50813.89603337344,2572.9045204057375,4.758323269196008,0.05018482312080438,11068.576274386553,25.29674988705079
49949.755754792815,2533.7675849011493,4.706832710352681,0.0473,9462.653131715884,25.41803962885873
50374.16134536889,2491.504593177737,4.653090014451682,0.043843885476787296,9548.958182117829,25.539329370666664
50411.03258050231,2438.171940116372,4.575681977521753,0.04069999999999999,9365.262159579703,25.660619112474603
50617.28542819886,2400.728758891294,4.509668081091525,0.04009019107298172,8869.220129199184,25.781908854282538
49867.682662052815,2364.1420317286097,4.466189174766385,0.03643188717415678,7654.97633210043,25.903198596090476
48986.517535067185,2324.4007576543713,4.4049799679812605,0.03439999999999999,7054.00181348627,26.02448833789841
48507.91824316468,2289.6714383892368,4.366047037337791,0.030425855154334627,7120.778534798076,26.145778079706346
47908.74564696474,2267.9016198135423,4.3368416832302294,0.028599999999999997,7031.471351046027,26.267067821514285
47378.96235771187,2232.9562434575373,4.27498769775864,0.027852894115740684,6462.809811492682,26.38835756332222
47115.10671149793,2198.7204629447015,4.228657356685575,0.024931276768616794,4784.595094181096,26.50964730513016
46841.57430444504,2172.4078366336475,4.1880475990083275,0.0234,3939.16246813152,26.630937046938094
46795.716563596376,2138.0802322827544,4.14597228230338,0.019668645695806227,3937.9345718122327,26.75222678874603
46516.100995792876,2094.8974131992736,4.0690332052627385,0.0186,3908.520334921911,26.873516530553967
47040.58286786379,2065.6781108235664,4.017503767603491,0.01776857692735898,3306.8669243568293,26.994806272361902
46811.33827470767,2041.205210932811,3.983623791577053,0.015566565729569298,1952.7241175720117,27.11609601416984
46695.25301843745,2007.4518168468435,3.925537878042686,0.014299999999999998,1329.756024086714,27.237385755977776
47045.445071408445,1983.4249408567864,3.898167414582481,0.011086325472663828,1333.557214686364,27.35867549778571
46077.88818781638,1964.0212395238761,3.8635894322201083,0.0105,1326.5109242152191,27.47996523959365
45741.73591587361,1933.705656351088,3.8060850144933425,0.010143478436268227,932.6870031068155,27.601254981401585
45599.034837199055,1902.9158119659287,3.7562847374438117,0.00831183203081069,-300.71996294317904,27.722544723209523
45415.79985808515,1880.7269116069078,3.7184003627445166,0.0073,-773.6213798503903,27.84383446501746
45318.90864181225,1856.0456923571728,3.6841123312285267,0.004794522690956969,-728.2901685792866,27.965124206825394
44979.32284786826,1826.018066582245,3.6288346290316253,0.004038010999716982,-670.2285911510247,28.086413948633332
44845.55778065673,1808.8509989275972,3.602312650343925,0.0026999999999999997,-970.7127833600738,28.207703690441267
44769.47577810661,1797.2265618060053,3.5791626745189045,0.0026999999999999997,-1583.536127491187,28.328993432249206
44666.44972740149,1779.3414512158483,3.5498336195496702,0.0015764574419006921,-1795.4379661661735,28.45028317405714
44278.14010839066,1768.9583595319157,3.5316531066074908,0.0011218455221088124,-1789.137156822368,28.571572915865076
44247.32475676531,1766.818789492369,3.5319631638429447,0.00030000000000000003,-1809.032241244888,28.692862657673015
43795.95368585483,1754.687042490447,3.507895006101856,0.0002668250608409099,-1901.1443638288686,28.81415239948095
43818.82150771569,1746.6312521725172,3.4927895468153034,8.569846293857351e-05,-2254.69389647523,28.93544214128889
43925.566717029265,1747.5673743054126,3.495134748610826,-0.0,-2413.2436473679318,29.056731883096823
44008.747201205406,1745.8663629652,3.491527316760108,3.723392151672583e-05,-2487.7516921256256,29.178021624904762
43877.30190305713,1738.9717453690455,3.476295466255381,0.00030000000000000003,-2478.8932948365086,29.299311366712697
44100.115605363084,1739.448840879084,3.4764082217593293,0.00045312041284089884,-2247.883186980321,29.420601108520632
43863.76292203559,1741.4426282219683,3.477392236872479,0.0009992444434957966,-1648.1747191481618,29.54189085032857
43739.28006417651,1734.7358017133568,3.462901789210565,0.0012000000000000001,-1483.083721656323,29.663180592136506
43685.55206075232,1738.7337927676558,3.4626747813837517,0.0026999999999999997,-1543.3335363354931,29.784470333944444
43647.82689638576,1736.0120329735478,3.453987441563258,0.003299303237990443,-1609.6564186067153,29.90576007575238
43252.172366479375,1730.7987497445506,3.4360183294058126,0.0047,-1264.2128783036694,30.027049817560314
43397.56819596299,1716.284288918702,3.407203914415959,0.0047,-433.5373269582923,30.148339559368253
43548.473113342254,1714.0330268563473,3.3962657106816208,0.005907724950245477,-42.15690629767642,30.269629301176188
43345.54267034466,1707.9504218406514,3.3770893319481443,0.007246049985479296,-31.395467223282527,30.390919042984127
43330.69516166921,1707.7973200275214,3.3707013951646037,0.008392302965401948,-10.512170775877332,30.512208784792062
43501.09446214893,1704.7046250860935,3.354200710473833,0.010360626543465175,-5.965023409859892,30.633498526599997
43360.99751538799,1711.7264875067804,3.3672794544654128,0.0105,811.1546109072091,30.754788268407935
43301.53712187861,1707.445379805723,3.358857731655525,0.0105,2199.759513878394,30.87607801021587
43472.02335592701,1708.7113003056184,3.34329175774708,0.01393072103811841,2256.987329960038,30.99736775202381
43243.520875206246,1708.9181835106092,3.341760436563749,0.014299999999999998,2242.453262199689,31.118657493831744
43334.817354748004,1706.3621373733797,3.3222437943514387,0.01708235704569665,2307.4981509319055,31.23994723563968
43241.490862850085,1708.0168045069036,3.3175739532140236,0.0186,3719.4006596939785,31.361236977447618
43184.56830587049,1714.2997673273317,3.3297776936848806,0.0186,5451.086395415918,31.482526719255553
43367.90248276398,1728.3489927458363,3.337507946927114,0.022337386070550955,5547.544486006639,31.60381646106349
43307.35007839964,1743.7614985197633,3.3616874483547634,0.0234,5551.876574636367,31.725106202871427
43413.12990672525,1755.1605840102563,3.3672660086048896,0.026514160416667695,5583.77386061283,31.84639594467936
43632.14959402913,1762.4662898723077,3.3703125410857893,0.028599999999999997,7129.425903625555,31.9676856864873
43519.686453688715,1766.8709853538849,3.378735510935782,0.028599999999999997,9141.51762569298,32.08897542829524
43932.00243477603,1773.8614199179415,3.3706667645325212,0.032675632081459315,9395.08415791013,32.21026517010318
43960.0468848891,1789.1378473304912,3.3906013631664016,0.03439999999999999,9239.666131264645,32.33155491191111
44137.74032526068,1803.2925116327356,3.395858088302556,0.0384818718550058,9272.364942744734,32.45284465371905
44306.1916969899,1821.994808239233,3.420258175419469,0.04052111822786877,11015.918581340873,32.57413439552698
44135.06907469047,1843.2969352736336,3.4592907259078323,0.04069961587726641,13128.035594592602,32.695424137334925
43953.76113853545,1863.1123049281236,3.4875473158458115,0.04235257124408306,13124.182782143036,32.81671387914286
44264.82623813014,1883.0605503449065,3.5008005228886847,0.04679102443190601,13176.039188729485,32.938003620950795
44066.55304608489,1899.1628903845199,3.5279644699924373,0.0473,13181.438449512969,33.05929336275873
44231.56016767936,1912.8736338340643,3.5368216741447887,0.05033933993723365,15299.986886147397,33.180583104566665
44349.47940677396,1928.665928689609,3.54458733124324,0.05425599493492797,17625.152710550396,33.30187284637461
44593.901494187,1953.483514406821,3.581373152238131,0.05585700507939978,17727.814311702357,33.42316258818254
45529.987584041,1990.7297002798314,3.622367992144816,0.06074687342794475,17844.03324352309,33.54445232999048
45486.692740012004,2020.053147122547,3.669796947292372,0.06180000000000001,17851.782487020555,33.66574207179841
45729.34083442975,2047.1782555787934,3.6975242411703664,0.0655957528892233,20549.2996501562,33.78703181360635
46423.54551753521,2083.2620099073592,3.739741206497184,0.0696,23083.087948969107,33.90832155541429
46796.66807998578,2115.198734518823,3.7810039464201823,0.07237911752255079,23759.239416101824,34.029611297222225
47600.49504229456,2144.304766391078,3.8041155917309144,0.0773505804664193,24283.205105305595,34.15090103903016
47438.037972305094,2179.9890282868005,3.8653660607614597,0.0777,24304.044250588388,34.272190780838095
47573.29799437386,2210.9659415594783,3.894129650852183,0.0821058284756006,27085.504800251867,34.39348052264603
48033.28585602553,2243.544442086405,3.927640290352563,0.0861,29257.829431989336,34.51477026445397
48065.00946389379,2282.200414808814,3.9773368219560368,0.08907736996567324,29823.53767028147,34.63606000626191
48530.556013169786,2327.011022523891,4.021012800119845,0.09471544602907339,30079.37001124756,34.75734974806984
48437.729973850874,2359.4292278821017,4.074568199626558,0.09511561683019584,30636.495880265236,34.87863948987778
49043.36660635653,2392.6657786038622,4.098999030049095,0.10042801450130025,33256.59290710837,34.99992923168571
49840.05792797964,2432.6065130741304,4.147574892296158,0.1036,34503.81843220113,35.121218973493654
50565.16771637254,2471.6974495951117,4.18947473399786,0.10751942646154804,34373.7609721582,35.24250871530159
51314.41096278395,2500.291269524128,4.205137031995604,0.1127,34487.47229570133,35.363798457109525
50956.44944323374,2536.935859204659,4.260889857311949,0.11362029368493387,35775.23558561824,35.48508819891746
51166.552934355335,2568.6194104822525,4.278225498997554,0.11920271502776528,40346.75871213999,35.6063779407254
51388.303447427934,2598.6930773896374,4.310915141282351,0.1219,41654.79849611551,35.72766768253334
52288.49780724141,2638.928791346568,4.3452227976045394,0.1268880736744407,41922.13559614696,35.84895742434127
52713.78317174737,2682.698051908162,4.389036544555418,0.1312,42137.61043213829,35.97024716614921
52255.43930282152,2713.844066314449,4.431557132530393,0.13247931578105157,43335.45371978632,36.09153690795714
52807.03475255288,2749.1895347386426,4.454690688377329,0.13768827770129205,46347.48727093641,36.212826649765084
53258.03487661163,2789.7489118138888,4.500944201887481,0.14059999999999997,47658.43031317822,36.33411639157302
53622.70363394376,2825.1086894744326,4.52922082449351,0.14487833268391073,47594.32940869858,36.455406133380954
53031.11472116751,2853.442965741031,4.540615390983068,0.14993226774163307,47604.031891565224,36.57669587518889
52813.71013761344,2883.520156416811,4.578338881262754,0.15143123793902669,49633.73733297833,36.697985616996824
52478.72891983087,2912.582903914313,4.585970345101198,0.15710677390789282,55548.23868534166,36.81927535880477
52228.90813629419,2940.0097400711356,4.613562703188758,0.15940000000000001,57525.2734730023,36.9405651006127
53547.94952885648,2977.393591863955,4.635019996518049,0.1648422397609878,57816.93440324889,37.06185484242064
53827.238508123235,3021.734794490394,4.677213855113089,0.16874309535626297,57680.21917173407,37.18314458422857
53048.07696967625,3050.4382594141503,4.70840230809574,0.17065998902352777,58199.50808902519,37.30443432603651
53651.08424902829,3076.0528327060038,4.711946473640009,0.1758612521194943,59868.789207330825,37.42572406784445
53954.56638713223,3111.9122274804886,4.751310270802246,0.1781,60580.97521167542,37.547013809652384
54331.401804017485,3133.0277127114364,4.74747382287413,0.18328852284725664,60890.46733525494,37.66830355146032
53641.630901891,3158.3543117965946,4.758455297308751,0.18722967934949952,61055.39539058726,37.789593293268254
53459.97636932014,3180.4393552200945,4.791316291883416,0.1872888785608622,60997.70574110766,37.91088303507619
53574.2721788837,3204.1201068894125,4.797302997816869,0.19153061479241307,63648.07714628919,38.03217277688413
53899.675806951105,3223.390530041113,4.79215028674149,0.1964,66133.82263994003,38.153462518692066
54216.33503140352,3253.6521213675405,4.8239401634625425,0.19828397211374388,66144.68589103983,38.2747522605
54762.66618277957,3285.7713802516255,4.825521820674554,0.20484047966175503,66356.97206011458,38.39604200230794
54510.718591792975,3306.891119127972,4.854068786438864,0.20519212569921413,66304.84285535294,38.51733174411587
54212.55027944262,3324.1662532310415,4.846476599908013,0.20988028964596797,69750.54983139953,38.638621485923814
53937.68336430474,3353.667445952128,4.861206273424817,0.21389999999999998,72271.0708797402,38.75991122773175
54033.08997905545,3375.732543264987,4.873077128867718,0.21675743740105263,72500.44254033217,38.881200969539684
54417.29042796773,3392.3584469862258,4.8581636662618815,0.22229999999999997,72785.84837710812,39.00249071134762
53683.26673244086,3414.031894288406,4.888745196286658,0.22236497234396746,72913.19645897734,39.123780453155554
53508.34303409271,3430.9669038967522,4.882110060625469,0.22675341881225344,75398.65566423048,39.245070194963496
53532.41057396681,3444.837415451689,4.876261309858765,0.2304,77245.72731800654,39.36635993677143
53600.55690911763,3466.476481601935,4.890303602014693,0.2327619374688476,77273.14371978564,39.487649678579366
54185.25216286657,3494.834723544552,4.89598371410299,0.23764070255986391,77579.90968319886,39.6089394203873
53977.71060091295,3511.8408450280376,4.915872489624323,0.2382,77536.259015385,39.730229162195236
53473.7210917969,3524.8695517343895,4.909855410282738,0.24164633747197906,80438.23538481409,39.85151890400318
53092.53053859305,3546.451870643687,4.9121026685003555,0.24559999999999998,83133.04193363973,39.972808645811114
52873.16838089566,3558.958848690637,4.911604477024664,0.24813855209570157,83409.23786773928,40.09409838761905
52851.211018725226,3562.2971744949864,4.885043960443103,0.252601129902298,83520.1479166703,40.215388129426984
52438.88319211017,3575.8069275665794,4.902879725570836,0.25270000000000004,83519.08893649332,40.33667787123492
52724.74854871657,3585.4902270556986,4.891854774613147,0.2561815453776004,86587.11814940996,40.45796761304286
53601.6965726266,3594.4089608870436,4.882325616308424,0.2593,88687.24227576677,40.579257354850796
54111.3749260024,3605.6986885847527,4.876849800419781,0.26229744317468473,88730.6937128933,40.70054709665873
54039.80059364961,3625.711051731338,4.880985712984199,0.26560000000000006,88703.39761607019,40.821836838466666
53671.597195405455,3631.039933604422,4.886100585524802,0.26589700839642344,89144.3158414996,40.9431265802746
53771.17493666898,3636.0363532911947,4.868354860024171,0.2694335161848793,91839.3975086413,41.06441632208254
53795.729128413725,3642.8188421741343,4.863868764564514,0.2714,93171.18732259338,41.18570606389048
53898.884173494254,3649.2844728236455,4.848199472491449,0.2749327783207639,93352.91610476226,41.30699580569841
53273.54024559885,3643.0795308801726,4.8285573911630415,0.2766,93429.30435382789,41.42828554750635
53480.21829998498,3647.544842925829,4.82844208135459,0.27748335708761934,94305.76755848127,41.549575289314284
53243.31272921323,3649.6339917856667,4.811464682874361,0.28038148940871477,96605.90354008213,41.670865031122226
53137.719280531164,3650.9170852883335,4.8062385383816375,0.2814,97261.60649278169,41.79215477293016
53329.78310427254,3653.573833591843,4.785318786181029,0.2850065498117434,97504.97683402435,41.913444514738096
52482.039831105016,3661.2120953932063,4.790635626128529,0.2857,97546.93188886797,42.03473425654603
52774.96469606628,3660.3694405457954,4.783016656598365,0.2866655906356561,98425.11417980399,42.156023998353966
51908.06713007282,3657.365736781301,4.762941479033528,0.2890675316689949,100034.0281768851,42.27731374016191
52340.2996622675,3658.5618511057337,4.758866631605751,0.28990725895547403,100305.54378215419,42.39860348196984
52884.64346026471,3658.449270286097,4.741211654147549,0.29252524962983706,100438.74243344975,42.51989322377778
52577.34142171602,3653.540351256621,4.7336855111298,0.29269999999999996,100482.31969780137,42.64118296558571
52120.976670158525,3654.561434034611,4.728961473833056,0.29360811894469035,101282.97084531409,42.762472707393655
51656.56954406544,3657.049183803636,4.722854342235474,0.2950104864001326,102338.34802345456,42.88376244920159
51869.77060497965,3652.8615136120115,4.714874286185375,0.29539825158689553,102416.97406910837,43.005052191009526
51996.23340325449,3653.357886186969,4.702923822291156,0.2973,102589.35713175425,43.12634193281746
52156.16250201577,3654.937355804149,4.700817627427168,0.29792627577137915,102624.03968040628,43.247631674625396
51946.30672723032,3649.833701071462,4.688493917313794,0.2988,102931.63355392734,43.36892141643334
51659.62520627934,3644.3762397215955,4.681483385755791,0.2988,103499.33131227606,43.49021115824127
51483.72376407458,3643.588805118865,4.676240579437185,0.2994438009631309,103649.44285312077,43.61150090004921
51721.60431867279,3633.7013330307514,4.6617708844902435,0.2997155717491785,103757.96531412183,43.73279064185714
51759.35825047801,3628.478852999354,4.653211521562798,0.3,103765.04449007605,43.85408038366508
51813.566948613116,3617.4144758353445,4.639285417611005,0.29995963510436047,103784.69031789064,43.97537012547302
51536.3403461764,3612.071171132185,4.6336053908757275,0.2997794238875571,103680.51484057066,44.096659867280955
51320.39193301155,3596.8344078735427,4.614574268013978,0.2997,103662.56046578145,44.21794960908889
51369.423977099184,3590.330670009183,4.607453363747588,0.29951098876949733,103607.37766461831,44.339239350896825
51035.521288610376,3583.437918496216,4.602769582588332,0.29886708106650883,103507.4110268118,44.46052909270476
50953.26157042542,3575.2583393469295,4.592696092408976,0.2988,103562.19476553539,44.5818188345127
50850.35002433906,3563.2124862025707,4.582240575295853,0.2980201621754791,102274.08996000764,44.70310857632064
50743.55020784175,3560.8740804866775,4.583870527608877,0.2973,101322.30906543384,44.82439831812857
50834.10297899339,3552.673210472572,4.58129495205103,0.2960596596001887,101249.66660682634,44.94568805993651
50875.57179643332,3546.3606010135163,4.578042407427667,0.2953,101174.24899694671,45.06697780174444
50736.138232603065,3545.484839111995,4.593154372958572,0.2927819426620634,100918.3905694561,45.188267543552385
50750.08022630869,3546.4226082744244,4.594899112406888,0.29269999999999996,99145.13432250597,45.30955728536032
50800.36895621701,3546.301111042745,4.5982055594392595,0.2921645808617575,97923.76997404624,45.430847027168255
50672.81843337607,3547.2992292204913,4.61514756936592,0.28975255312615494,97725.42474440286,45.55213676897619
50596.4574197614,3548.428599187592,4.624132822731966,0.28859787560264677,97699.23723811627,45.673426510784125
50815.837551326345,3549.8780767298067,4.64251300164861,0.28607321889935206,97506.18618637272,45.79471625259207
50556.3129148715,3552.5891543910184,4.648504299829593,0.2857,95902.12910449585,45.9160059944
50482.111190339856,3558.648126681409,4.656432365113928,0.2857,93435.65129637189,46.03729573620794
50601.59853138244,3564.865735454583,4.689085435595844,0.28198450204229836,93215.57959051427,46.15858547801587
50436.153667321516,3572.3298881510023,4.702782665054126,0.2814,93030.09384750777,46.27987521982381
50772.66444893835,3581.1716605603933,4.738233920772102,0.2778336432748921,92870.21602091652,46.40116496163175
51077.70658175904,3588.734655244444,4.756127775975426,0.2766595722887617,90623.59194753878,46.522454703439685
51004.69101818005,3595.1347340519055,4.764968353528392,0.2766063443481419,88075.09936501736,46.64374444524762
51880.71725568305,3602.6827560966412,4.803316201516532,0.27242311550742515,87879.00939946143,46.765034187055555
51694.35639878218,3611.5802848985013,4.822159239725138,0.2714,87787.83745988426,46.88632392886349
52170.68177472184,3621.9329402317253,4.865662347141448,0.26708196601947565,87608.93639927804,47.00761367067143
52494.07137346996,3637.9614181190527,4.896727426558962,0.2657079531513712,84827.81186867661,47.12890341247937
52327.913197462876,3651.9079771306633,4.920298098318944,0.26502016983215093,82273.36023851327,47.2501931542873
53049.5967325234,3663.0125339861534,4.968568980215312,0.26028247351787465,82097.56372890594,47.37148289609524
52668.235929284245,3671.8239486676066,4.987497600741543,0.25929741176692894,82046.11481956969,47.49277263790317
53313.54765134994,3681.80791740395,5.0447699829783,0.2531801290735836,81570.83656875606,47.614062379711115
53237.9051096563,3688.043490054595,5.055509216926517,0.2528751153235627,78424.22154987285,47.73535212151905
52673.61842503166,3692.8579671333164,5.063371379727144,0.25270000000000004,76331.76270577036,47.856641863326985
52983.864927682116,3704.8082005555734,5.099829572788907,0.24993196617604652,76269.25703512161,47.97793160513492
53254.981996234914,3722.821053691391,5.1563872566717475,0.24559999999999998,76022.85211698475,48.099221346942855
52995.789749184114,3731.3143423006286,5.168151100412902,0.24559999999999998,75946.3985837319,48.2205110887508
53269.989555611115,3744.47171065788,5.218325537316863,0.24130000611212246,72296.3403207733,48.34180083055873
53881.17351714298,3758.6728863211797,5.261387817595026,0.2382,70044.878701369,48.46309057236667
54189.07620143347,3768.500595267291,5.301566534406716,0.23470969196498956,69786.7866850403,48.5843803141746
54532.14870202726,3770.1025308108838,5.336682951344223,0.2304,69451.95680631894,48.70567005598254
54368.034675638024,3778.027082348275,5.348868384706508,0.2302738117641407,69110.44009483329,48.82695979779048
54854.16439851596,3785.2739997604067,5.398455900202829,0.2251804834223957,66526.08761003552,48.948249539598415
55417.00768615777,3787.637324889502,5.424238717787313,0.22229999999999997,65193.7016057799,49.06953928140635
55654.75093158726,3796.5500052975112,5.469600082007788,0.21814626318644173,64286.64547180258,49.190829023214285
55490.707812935914,3811.487107076926,5.524824787968747,0.21389999999999998,63574.573163884226,49.31211876502222
55429.64468765503,3812.3041188083357,5.526009062384204,0.21389999999999998,62845.652727616616,49.43340850683016
56057.61642229673,3809.071129813121,5.564153424174549,0.20854662196366366,57968.7937347207,49.5546982486381
56839.86927959836,3813.752212535861,5.598008540350663,0.2052,55925.050011184714,49.67598799044603
56972.51156833729,3806.3807705248164,5.618435641923218,0.20134682633325796,56639.34691137936,49.79727773225397
56786.52608755533,3798.7533215942276,5.647530651244352,0.1964,57194.46805167376,49.9185674740619
56436.17905896931,3798.264759733763,5.646804316089522,0.1964,57390.339650047266,50.039857215869844
56425.61411381262,3796.908971244641,5.644788692435994,0.1964,52626.49534391263,50.16114695767778
56404.59915989724,3791.1905672890584,5.679041089035284,0.19119629161192261,49650.97182640282,50.282436699485714
56139.93696855403,3783.699248142948,5.7000320895736305,0.1873,49658.744673498666,50.40372644129365
56830.281878173475,3779.3464889199713,5.737932075569723,0.18196138756105512,50023.97707307917,50.525016183101584
56586.53596411741,3759.097652124803,5.7394418537150615,0.1781,49998.6943809618,50.64630592490953
56657.77831121324,3740.005090143999,5.710291068215958,0.1781,49266.9562402435,50.76759566671746
57185.92619657768,3727.5105360942152,5.691630912629462,0.17804986694598396,49213.35371206208,50.8888854085254
57512.33743695105,3711.979479857636,5.722243585814352,0.17152578824338716,48999.4230297242,51.01017515033333
56726.010696236284,3692.8453129961144,5.714692620311075,0.16889884464380797,48872.59667058054,51.131464892141274
56255.91856258913,3680.308336855078,5.696116608606127,0.1688,47809.75677215066,51.25275463394921
56000.43050901319,3655.53704434033,5.657777383249137,0.1688,46449.12845563692,51.374044375757144
57181.10091732088,3632.8547394815796,5.676337078579395,0.16232562303889345,46227.26400152384,51.49533411756508
56559.405014587435,3615.570330134082,5.673572326668298,0.15941233247045908,46130.75941059814,51.616623859373014
56652.07146013331,3596.3628061541394,5.700839028196363,0.152539218094452,46009.06837506972,51.737913601180956
56396.02820332297,3578.7210752512237,5.687860713288492,0.15075051000351083,43131.98397234404,51.85920334298889
55804.111835431555,3564.759158204245,5.671948742534936,0.15,40348.22785079232,51.98049308479683
55270.81835309203,3550.3417329451595,5.66374353413304,0.14823566064147467,40326.39414961138,52.10178282660476
56464.567302427866,3530.994374088675,5.690380709613946,0.141368296459656,40118.56630008893,52.2230725684127
55936.67876707502,3507.1526056090815,5.658202970051837,0.14062277663522557,40080.49911768959,52.34436231022064
55926.81348168526,3481.895004856069,5.652862427254528,0.13638467023906647,37931.33059310649,52.465652052028574
56101.50318710686,3449.426755806068,5.643445440395895,0.1312,36059.10706743778,52.58694179383651
56304.188251720545,3422.193868292192,5.618059394500033,0.12890257443937425,35480.307320806525,52.708231535644444
56252.04859025118,3402.414670553035,5.6433542101401555,0.12199937571386976,34205.834946277864,52.82952127745238
55361.20787466155,3377.471205557866,5.6027122713790325,0.12191206355217331,33284.25469435273,52.95081101926032
55224.80955493579,3345.2792192376055,5.582334435592116,0.1179401314150326,31306.06066542196,53.072100761068256
55489.10311923723,3317.9625286851574,5.574951499559814,0.1133454327438098,29303.41996120939,53.19339050287619
55365.35842841403,3287.2919203837473,5.535034881036952,0.11194318878230888,29136.7530754423,53.314680244684126
56148.042112498006,3250.3842975788375,5.520324172592255,0.10619245108146064,28928.090275584535,53.43596998649206
55342.385140615166,3208.70365001352,5.4708143812363295,0.1036,28820.743804235677,53.557259728300004
55053.08178496441,3174.0109343452104,5.4303181497467765,0.10131323944366989,27058.882697469202,53.67854947010794
54415.62016057388,3132.9888453107055,5.400041309230269,0.09639173306205655,24081.182737617146,53.799839211915874
54013.59553571323,3092.8131661237517,5.343616197140358,0.0948,23506.15702152959,53.92112895372381
54344.37330230287,3059.971579677615,5.330572695736873,0.08935443146513483,23513.198619113522,54.042418695531744
54024.95639996839,3028.272652343391,5.301417460870897,0.0861,23494.303475142744,54.163708437339686
53058.481638311016,2986.542741047407,5.2412969808874434,0.08447039661692068,22023.241719519425,54.28499817914762
53207.74403900445,2944.799394260223,5.207792192306358,0.07942372571815243,18660.538250149468,54.406287920955556
53158.19134777032,2907.1557002848335,5.154714464806855,0.0777,17720.58584134522,54.52757766276349
53544.79734360179,2862.848819379494,5.1166907646731765,0.07247756349363046,17631.064469239336,54.648867404571426
52512.04132248878,2810.6326827455923,5.045471385742226,0.0696,17650.83062906652,54.77015714637937
52229.63834480752,2766.630616966828,4.976803242914289,0.06824072220948856,16691.371464928205,54.8914468881873
52081.59036325488,2727.193624213646,4.942424066366122,0.06338615731126873,14235.06499149783,55.01273662999524
51904.813206894105,2682.08800746238,4.8725046646299015,0.06180000000000001,13677.0266007482,55.134026371803174
51310.04824038628,2643.0695135270553,4.839684371703047,0.05665338262039816,13728.065759083287,55.25531611361111
50745.63843474878,2607.9127688469707,4.7918758880292875,0.05440000000000001,13704.392626759542,55.37660585541905
50424.90082791231,2567.0586085055374,4.729848295704738,0.05260546610851937,12142.045747115764,55.497895597226986
49656.6383099462,2525.64373142316,4.686337951083666,0.04804702358307826,9161.302745897681,55.61918533903492
48967.82793595479,2485.5237038631963,4.621946261866928,0.04663600694322549,8979.445223004903,55.740475080842856
49186.391430704134,2439.774440905332,4.569524703379735,0.0419948708636853,9096.81878185509,55.86176482265079
48894.68863994784,2396.556726832997,4.497583309302983,0.04069999999999999,9096.739526795514,55.98305456445873
49008.45664099294,2355.8656376420786,4.438549611500817,0.038173979318517064,8183.403790365071,56.10434430626667
48317.28051868369,2319.5645105778167,4.395814779309609,0.03439999999999999,7120.32432042366,56.2256340480746
48441.721654794084,2282.5086630730757,4.337350157792474,0.03265204278710675,7110.153367469524,56.34692378988254
47898.23679855038,2256.9125782641736,4.314725420198897,0.028764053086942652,7020.3675457739855,56.46821353169047
47587.997692712495,2223.9933633326227,4.252877213483932,0.028599999999999997,7107.817934284899,56.589503273498416
47213.92598783698,2193.466967373594,4.2136986595022705,0.025669620048017552,4901.949805225472,56.71079301530635
46793.02002901904,2163.7937996561377,4.171441142212751,0.0234,3481.4367983035863,56.832082757114286
46717.74890028896,2131.033800924234,4.12843602003452,0.0202681829307615,3395.8162576892532,56.95337249892222
46384.488465019946,2091.257512868554,4.061963228844692,0.0186,3331.280567623288,57.074662240730156
46606.71609824398,2061.3782054165817,4.005141750147181,0.01840616940466205,3066.4275903397,57.1959519825381
46267.606300295774,2033.863194796635,3.965158980373561,0.016231877900665718,2031.9360747035703,57.31724172434603
45692.64119902959,2002.2630202432147,3.9153912745535933,0.014299999999999998,1186.3153840551956,57.43853146615397
45784.37832284482,1977.4390758401464,3.8773632825730853,0.012569274887207901,1201.4989353261485,57.5598212079619
44785.0227519684,1959.901378705672,3.855484911556528,0.0105,1199.5547225768587,57.68111094976984
44744.3164152899,1929.8347003889726,3.796338249459064,0.0105,994.5929826304548,57.80240069157778
45040.481046220266,1899.4322213022729,3.747746608546191,0.008593626619038916,-269.42629134689815,57.923690433385715
44629.90527558562,1878.997951182736,3.714982021129509,0.0073,-1019.6962652266828,58.04498017519365
44340.89220582798,1852.383027275994,3.675225508496718,0.005073595117249433,-934.2183962312965,58.166269917001586
44015.39244531871,1825.7511859446286,3.626773650723052,0.004305647101816682,-828.4545809993633,58.28755965880953
44016.51356656947,1807.6615985326298,3.5999439687379464,0.0026999999999999997,-919.3872751366242,58.40884940061746
44069.11039242059,1793.899039810326,3.572535940428347,0.0026999999999999997,-1576.616861210531,58.5301391424254
44113.79114027942,1774.7953143840393,3.537264573035297,0.0022029028960021575,-2018.597178083135,58.65142888423333
43805.65765081614,1766.701248859345,3.526711623541204,0.0012000000000000001,-2042.804681695814,58.77271862604127
43690.31624863297,1763.8089759581744,3.5253762662926684,0.00040236489849411754,-2032.7631964469797,58.89400836784921
43360.744235373204,1753.1405368523551,3.5046196214504923,0.00030000000000000003,-1956.6653739761516,59.015298109657145
43116.68450452912,1744.184444889313,3.487602210126226,0.0001391227256762835,-2430.687488476566,59.13658785146508
43006.17482181311,1746.3857697219132,3.4927715394438263,-0.0,-2708.36423220474,59.257877593273015
42775.74203865896,1743.5733820927471,3.4871467641854945,-0.0,-2651.61798616958,59.37916733508095
42700.78660392889,1735.851436075668,3.4700578047874653,0.00030000000000000003,-2785.47614705994,59.50045707688889
42746.56104798027,1737.9305551888156,3.47416311264182,0.0003092851406166433,-2696.1618256493934,59.62174681869683
42590.110824392206,1737.0427280978802,3.469317612403084,0.0008694046245465273,-2221.3400206391734,59.74303656050476
42361.960044415806,1732.3698907016087,3.458178927396332,0.0012000000000000001,-1912.3355112580323,59.8643263023127
42216.235796800705,1734.6565568264848,3.456136762421901,0.0024098811743513905,-1787.3886924238716,59.98561604412063
42008.458844449844,1734.969020635549,3.454002327208378,0.002915576905008884,-1792.8239296589607,60.106905785928575
41761.26051382506,1726.3200459857248,3.4271271118627125,0.0047,-1579.128468962642,60.22819552773651
41760.08554727777,1713.9234858618338,3.4025171981950737,0.0047,-664.644745969973,60.349485269544445
41896.08249289172,1709.5749649142404,3.387045409968398,0.005980240671158138,-206.61005506344586,60.47077501135238
41640.547029462985,1704.8339576320172,3.3709192511999992,0.007247552258932481,-170.8377886294332,60.592064753160315
41892.95723460619,1703.0726056519975,3.361074816335181,0.008449296451741624,-150.52577218863823,60.71335449496826
41695.348305191976,1701.7249183181668,3.3484497175442858,0.010339357121956163,-114.87260769174411,60.83464423677619
41475.72974744757,1706.9077850675735,3.3578001843605505,0.0105,795.3371147677261,60.95593397858413
41230.07447999977,1705.2795379193076,3.3545971240532153,0.0105,2112.030995119237,61.07722372039206
41546.806356224464,1704.993695399306,3.337532978360046,0.01364126719891265,2185.1352374233006,61.1985134622
41290.390681301,1703.4421458261768,3.331052138027551,0.014299999999999998,2203.7256814902275,61.31980320400794
41638.390722398464,1701.4157650893817,3.313820539644282,0.016849714713132447,2169.2051025071496,61.441092945815875
41882.00619342383,1702.5556590035499,3.306966473223879,0.0186,3461.1879700869513,61.56238268762381
41930.25981222046,1708.1218834849226,3.3177780538291852,0.0186,5104.667789397505,61.683672429431745
42045.949742500365,1721.701323815306,3.324488087442517,0.022372619375643516,5386.071855947183,61.80496217123968
42155.827132721875,1736.1794753086365,3.3470705455939123,0.0234,5409.486188152032,61.92625191304762
42266.51730344194,1745.82890160895,3.352099491895627,0.025990307932951883,5383.901171682833,62.04754165485556
42742.71611715422,1753.8266354529214,3.35379118359508,0.028599999999999997,6541.394222025311,62.16883139666349
42574.593167483006,1759.5642900544956,3.3647631320352995,0.028599999999999997,8376.644738145893,62.29012113847143
42648.46886389565,1764.646154164629,3.3594429538569273,0.0314705338768968,9092.217993034548,62.41141088027936
42863.716510742786,1777.5407742415698,3.368623709581628,0.03439999999999999,9135.267325161734,62.532700622087305
42903.2402043853,1793.7923130035706,3.38617704737376,0.036915974927261265,9100.449812235682,62.65399036389524
43152.85704159744,1813.2848902783712,3.4041333091879853,0.04047833523991075,10314.752342020645,62.775280105703175
43051.891008362254,1833.4840616225997,3.4410277746305242,0.040670938197875345,12815.904266537425,62.89656984751111
42979.17054864345,1854.3753277530132,3.4758215268245762,0.0414910885789669,13073.204427087636,63.017859589319045
43601.18825919136,1875.930269720898,3.4905351498000226,0.04623570652959766,13060.903953467361,63.13914933112699
43224.26385533883,1890.7575000735483,3.5123502651637386,0.0473,13082.826855647998,63.26043907293492
43360.061655087266,1905.7235028165164,3.5268423148293833,0.049742699351388434,14906.32340681468,63.38172881474286
43282.21044172177,1923.3824103416339,3.5361103193927628,0.05402917397442224,17497.877792290103,63.50301855655079
43593.269001205386,1944.9920551396144,3.5673837859911277,0.05556905404721674,17491.29546729505,63.62430829835873
44453.34273772028,1978.619434267612,3.601621291726071,0.06051333923256186,17575.763959375836,63.74559804016667
44523.92374842439,2011.0915478875725,3.6535165590450562,0.06180000000000001,17622.27879991297,63.866887781974604
44588.75604550484,2036.1645624003456,3.683231242692374,0.06460139178949631,19896.282039374964,63.98817752378254
45335.13177674962,2065.1462254602006,3.707607500127697,0.06953170413834293,23016.052699704953,64.10946726559048
45390.2047332699,2099.428885011367,3.7599422399391864,0.07113519184704407,23120.944428903887,64.23075700739841
46606.94499515051,2128.2400942756194,3.7815730448383458,0.07631466120077414,23188.463891049552,64.35204674920635
46425.98657625215,2159.22200972849,3.828543798045036,0.0777,23071.277831094256,64.47333649101428
46592.956534811135,2189.062459985782,3.8681624397615546,0.07995604854260036,24911.69999711933,64.59462623282222
46746.011977152775,2221.599728537819,3.9005219044941115,0.08418670655328835,27770.898405105345,64.71591597463016
46948.90450563636,2252.2432550783024,3.9428687867194303,0.0861,28803.315709814236,64.83720571643809
47861.12035448583,2293.257394772269,3.985584282741147,0.0909027134315392,28922.98834966856,64.95849545824603
48248.30200691961,2328.873046513223,4.023716617848143,0.0948,28977.719253681946,65.07978520005396
47805.53254654012,2357.39956266331,4.063846037796145,0.09629129393704906,30220.0221409428,65.2010749418619
48579.25879011564,2392.291907899292,4.090608489098505,0.10168508079385218,33393.35687685515,65.32236468366985
48999.88434398737,2430.572086052859,4.144106210292602,0.1036,33934.87379941378,65.44365442547777
50324.42313008894,2468.161179503989,4.171980216830212,0.10935342631392009,33964.18313227937,65.56494416728572
50271.72545028342,2500.2545236064634,4.205075230548297,0.1127,34121.701862464986,65.68623390909364
50420.31122695341,2533.1728696332057,4.2435672510713625,0.11534979278246936,36682.62329506205,65.80752365090159
50699.48782359463,2566.0287603452407,4.265052158347272,0.12059164224995844,40777.129834143336,65.92881339270953
50906.14390159294,2597.9623843936315,4.308425320534321,0.12209866294640571,41461.90697929875,66.05010313451746
52108.639715773475,2639.286425381637,4.335497663645009,0.12848379133680493,41608.776952368746,66.1713928763254
51752.23825573519,2679.268709350962,4.383684793696279,0.13116029038208474,41611.34096409977,66.29268261813333
51320.28879578353,2709.803582196167,4.415168939481975,0.13397012867945854,43642.53306938158,66.41397235994127
51613.663213703476,2746.901177947913,4.443897339884641,0.13876270199218552,46551.1966622553,66.53526210174921
51748.95587309127,2782.9129360412717,4.48991512848675,0.14059999999999997,47510.98296089552,66.65655184355714
52846.35014391981,2817.2791241787313,4.507388456791707,0.14626942999148684,47610.15212268558,66.77784158536508
52402.984896346316,2848.7185883786815,4.532986496436007,0.14994887388053588,47746.93007826934,66.89913132717301
52303.965109251636,2875.8397627179743,4.557945495666399,0.152649840775566,50463.84188696134,67.02042106898095
52314.42481699151,2903.372187535888,4.563464505502014,0.1582974859875096,55235.22341938221,67.1417108107889
52459.87956281073,2931.7189932722968,4.596945069819246,0.15993347017749643,56036.712397041505,67.26300055259682
53974.67080524194,2969.4375328184387,4.612452231100381,0.1663452000415847,56785.753460705084,67.38429029440476
53362.33533357229,3006.3397095343717,4.653278223401063,0.16875867462200156,56735.37055035532,67.50558003621269
52898.25017351508,3032.175615356869,4.674705546039649,0.1714642346642662,57494.53057569334,67.62686977802063
53300.847275444314,3064.1529697978476,4.689624225635059,0.17645831544954957,58824.01523793143,67.74815951982858
53480.276899302655,3096.270452845847,4.727428194753038,0.1781,59208.31612740942,67.8694492616365
54501.86740419234,3125.224369553235,4.73084451872893,0.18398502661087057,59406.92128921141,67.99073900344445
53797.07470047591,3147.6490289535504,4.741841064814112,0.1873,59584.68690884548,68.11202874525237
53446.13718230375,3168.914480737327,4.758404911550516,0.18953111046306167,61318.98497505948,68.23331848706032
53636.787255333234,3191.3799673291396,4.753459858045406,0.19510874287564692,64715.75568168457,68.35460822886826
53762.88127477411,3215.413760374984,4.778813358008896,0.19661314839574803,64469.43853286261,68.47589797067619
54268.364872866165,3248.128264878893,4.787304784341651,0.20237285168331373,63992.90761188023,68.59718771248413
53811.736350543746,3284.381488440895,4.82097278413283,0.2052,63893.02741863633,68.71847745429206
53232.4814716298,3303.936510409486,4.8357306891817915,0.20719162810638164,65642.16411131328,68.8397671961
53562.804547376014,3329.074826442282,4.8351512384739594,0.2125232998912872,69380.23845463883,68.96105693790794
53267.653924168764,3357.343391248906,4.865292762355669,0.2140769754997101,69629.70218600956,69.08234667971587
54253.56955488089,3379.6818668105816,4.860899955693781,0.21930664363905925,69839.55723597453,69.20363642152381
53538.85240575377,3394.1657564171683,4.860751896588455,0.22229999999999997,70096.64886428615,69.32492616333174
53515.331611746944,3409.6230150961846,4.871601448370801,0.22390959957809334,71998.50349849841,69.44621590513968
53232.17184700016,3430.327654342432,4.867048977271087,0.22877596907543937,76032.26976829878,69.56750564694762
53092.58814868912,3446.5735608778086,4.878718871057938,0.2304,77029.4767074232,69.68879538875555
53684.40237849896,3470.124117546813,4.87651338547198,0.23546733445693252,77237.33030001975,69.8100851305635
53373.852395112575,3495.036710435348,4.892350073147762,0.2382,77361.49019785861,69.93137487237142
53081.86694646564,3506.1876173878823,4.8974937397681195,0.2396923939036411,78656.15824850333,70.05266461417936
53228.20692691173,3516.271251490901,4.880627003677853,0.24411635337111612,81760.91892561551,70.1739543559873
53309.12292456167,3535.4108736180106,4.896810056918153,0.24559999999999998,82485.11895279164,70.29524409779523
53305.870380949134,3548.1008748593354,4.879972582038957,0.25052732522405013,82631.33675258797,70.41653383960318
52682.63536563208,3553.2537992182306,4.871956558306164,0.25270000000000004,82630.97451239398,70.53782358141112
52378.92237274866,3561.684283055386,4.875817372674506,0.25380798522118425,83950.27277175027,70.65911332321905
53101.58097488363,3574.692157906452,4.865109427873509,0.25791556351197575,87394.52099732065,70.78040306502699
53227.532649341985,3583.7732951628955,4.867879073420136,0.2593,88471.42291828286,70.90169280683492
53343.63133340837,3596.691816616021,4.852542528202105,0.2640554281782243,88709.24146132816,71.02298254864286
53072.29946454996,3611.154304839211,4.861389205542143,0.26560000000000006,88836.16112474805,71.1442722904508
52754.93838616877,3616.1557679016273,4.858273729818735,0.26702790858888636,90194.2638601624,71.26556203225873
52967.53898521554,3620.690834559133,4.8387628871182855,0.2707518902315886,92838.03807529189,71.38685177406667
52820.12295268844,3627.9745250775186,4.8405814333289054,0.27190568618640587,93060.98760267954,71.5081415158746
53798.64175592086,3630.23881306308,4.8155171216144055,0.27601542730560025,93240.23530693389,71.62943125768254
52888.79408110519,3629.5967844422585,4.810687285826571,0.2766,93283.02422419457,71.75072099949048
52028.10821978489,3629.5707975216337,4.79995485361541,0.2781749226789193,94629.48169520378,71.87201074129841
52128.220483744066,3631.9646093062697,4.782683807812116,0.2811933667467771,96779.6436884961,71.99330048310635
52164.030317950666,3633.7227759012376,4.776563247590219,0.2824432350903335,96935.50112386628,72.11459022491428
52285.80011971293,3637.8804388061462,4.761487519242518,0.2854943068176475,97055.00913168042,72.23587996672222
51696.2740671288,3637.7075481442507,4.759880313818555,0.2857,97088.24974329202,72.35716970853017
51402.12109688044,3634.2045592677623,4.744306301639954,0.28734121523063705,98599.19967782708,72.4784594503381
51490.69108684874,3629.7186936864555,4.724058145962111,0.2895,100169.43745786556,72.59974919214604
51605.19740251028,3628.1494083208113,4.714260659716926,0.2906670348384819,100244.31537355176,72.72103893395396
51697.51380593656,3623.9495458738484,4.695631931375869,0.2926567891191168,100365.98793382049,72.8423286757619
51954.20106915379,3618.5435189205273,4.674936492720611,0.2947351854402722,100552.48388237611,72.96361841756985
52049.07656556691,3616.8854537964453,4.669083844873586,0.2953,101266.54472415442,73.08490815937778
51937.781841817436,3614.1076693709356,4.665497967313632,0.2953,102056.18422878302,73.20619790118572
52002.09037602526,3607.327532354233,4.643669499464765,0.2973,102130.6673019458,73.32748764299365
51608.28636156302,3605.7581619321645,4.6376602919196355,0.2979117370608842,102192.31914511976,73.44877738480159
51804.32648591503,3601.8103390462593,4.6268041913742195,0.2988,102242.75721237958,73.57006712660953
51266.23436089848,3593.0601870108258,4.614284271009144,0.2989973694463362,102634.74391847954,73.69135686841746
50955.20144121555,3589.273212900546,4.606535084421478,0.2994431810788797,103341.87823342395,73.8126466102254
50660.77397963781,3591.436197623046,4.607648610813652,0.2997,103755.37790025638,73.93393635203333
50743.39394094156,3586.3145701926223,4.599139461478299,0.3,103735.03851748402,74.05522609384127
50504.44064144389,3581.3737949401693,4.593402749922904,0.2999070844122528,103742.29576019327,74.17651583564921
50132.33618099365,3571.040093357896,4.58148134058746,0.2997,103599.91839013855,74.29780557745714
50104.50334737179,3570.0601008924614,4.58022405501325,0.2997,103272.31380529901,74.41909531926508
50076.670513749945,3562.355651306275,4.57225516291865,0.29940168043862886,103189.16863492175,74.54038506107301
50098.5209516483,3555.4507018351487,4.566478261970758,0.2989205367544387,103193.11085194792,74.66167480288095
50189.32106862559,3553.8366888413752,4.565544469160941,0.29874291681694637,103140.87715695765,74.7829645446889
50163.648237835114,3553.509873994437,4.5743906728496215,0.2973,103007.67511180745,74.90425428649682
49934.92720181078,3545.192356763425,4.564552768121025,0.2971645202686169,102529.57012359813,75.02554402830476
49733.36914901629,3542.344729098351,4.568597292273505,0.29596293761368697,100505.54284071476,75.14683377011269
49595.54364113959,3538.2222552009052,4.567536512385353,0.2953,99691.89622300417,75.26812351192063
49712.7391339675,3531.988284649957,4.575566349537912,0.29279798721895145,99389.08847722689,75.38941325372858
49738.31698725236,3532.615084649327,4.582785664332531,0.2918039740494753,99348.65142912569,75.5107029955365
49680.415040328946,3530.781108604232,4.595291444134096,0.2895,98887.3818875279,75.63199273734445
49599.62372137778,3535.097229159641,4.600908850382189,0.2895,97594.53639629766,75.75328247915238
49503.04343873617,3535.5544802012773,4.601503960000945,0.2895,96301.69090506725,75.87457222096032
49554.69202802804,3538.346551610025,4.618049306803102,0.2875129952008738,95559.30366119089,75.99586196276826
49894.13621563189,3543.722661454013,4.636902640096118,0.2857,95325.40665450257,76.11715170457619
50043.197212763225,3545.9351429953476,4.602336685628718,0.29145334942892176,95725.5168178656,76.23844144638413
50247.6557,3545.8939727354546,4.547303527629416,0.3,94919.46171308274,76.35973118819206
50247.6557,3551.033936410525,4.553895088215054,0.3,91710.18347011464,76.48102093
