34919.27773977671,1388.7886118972115,2.777577223794423,-0.0,198.00626500761624,0.017970800399780273
34931.158585141166,1385.5344043262726,2.7710688086525455,-0.0,198.00626500761624,0.1366218701540995
34981.13912345258,1377.1493678358902,2.7542987356717807,-0.0,198.00626500761624,0.2552729399084187
35031.11966176399,1371.16727115524,2.74233454231048,-0.0,198.00626500761624,0.373924009662738
35049.47040362118,1369.7048525273692,2.7344007714731493,0.0011586730225187016,177.9052305095105,0.4925750794170572
35072.570370639005,1371.717819336277,2.7356480728769177,0.0018,196.73851540482147,0.6112261491713764
35265.26689684435,1375.86232885437,2.7252467664937985,0.006129384666152017,178.19877324164167,0.7298772189256957
35301.91342562563,1382.6840322906605,2.7337157646336934,0.0073,632.9417481581967,0.8485282886800148
35312.89652423404,1392.0364601888382,2.7522065253467485,0.0073,2464.714467876036,0.9671793584343341
35337.771554452156,1399.2289849677559,2.7576561069144643,0.009318539155295553,3410.8512766151366,1.0858304281886533
36082.401365652324,1417.2670360693678,2.769855521939271,0.014665043108399636,3350.7615862871407,1.2044814979429725
36132.11668548144,1443.6508214779615,2.814198178312221,0.0163,3421.863622631232,1.3231325676972918
36999.958094113834,1464.610838862849,2.82123180911288,0.0239217979032924,3367.186250906251,1.441783637451611
37556.02644877854,1486.3661873011283,2.849963729239584,0.026879160660136705,8013.60692989704,1.5604347072059304
37508.65716743152,1517.671795925809,2.902199217343065,0.028599999999999997,11361.01264576233,1.6790857769602494
37779.32413809784,1559.6258307287999,2.9713188072701944,0.03099788517788421,11405.07638388384,1.7977368467145687
39353.20417251201,1602.1118206526235,3.0019929329375423,0.04170389374690482,11449.79466384985,1.916387916468888
39668.52772996691,1640.670047077267,3.0638207174073337,0.0439,11721.509808034618,2.0350389862232072
39637.739318675616,1686.7024601469548,3.149782584686135,0.0439,13893.399860144182,2.1536900559775263
39592.59394413316,1743.8300747421952,3.2540024896069712,0.0443893252780495,15638.806973684705,2.2723411257318458
41817.194261615216,1805.8795202646718,3.321811967083465,0.05369068380757699,15738.102582712017,2.390992195486165
43328.38402755364,1874.5408236256762,3.408815005657748,0.06115503636755195,15775.724468724331,2.5096432652404843
43260.55139178616,1946.9899566284744,3.5370642645822556,0.06180000000000001,15831.5638294817,2.6282943349948034
44373.922743848634,2016.1002457213226,3.619063954843792,0.06962038897020563,22121.001923339023,2.7469454047491224
47102.27513003846,2092.456331214351,3.7036621808973362,0.0788526832126167,27281.469742904774,2.865596474503442
46868.32317258401,2167.4468999680184,3.8186736589308548,0.0819,27245.15010062502,2.984247544257761
47531.82440540812,2253.1762855158777,3.947517607078408,0.08559584663169512,27728.63631084904,3.1028986140120804
49389.533278523144,2332.9755100644143,3.999772284951633,0.09992461980564833,28285.31891512163,3.2215496837663995
49707.193843780115,2403.8084147633886,4.103605497042594,0.10276829692606082,33779.306331230946,3.3402007535207185
49005.818451155435,2474.8207976212652,4.219549914044612,0.1036,36863.38952941439,3.458851823275038
50321.28330275924,2552.9492013634517,4.32958695912934,0.1071513885872756,36895.93147905142,3.577502893029357
53936.612997031996,2620.6401209943174,4.355226999412002,0.12068325480653942,37266.85158864444,3.6961539627836766
53637.06414519751,2672.3243713435013,4.402756000999002,0.12649999999999997,38392.125008532705,3.8148050325379956
53266.11344564332,2724.9557779382685,4.4894682443595,0.12649999999999997,42519.16662989618,3.9334561022923147
53471.40366705355,2771.569894744015,4.546411829115561,0.1294267506164782,44176.71787826144,4.052107172046634
56261.98985355756,2828.4024557894863,4.543623073596395,0.14351984325312597,44582.634406709985,4.170758241800954
56338.350029281435,2880.471623039575,4.584511734981323,0.14980127941168841,44747.46934140492,4.289409311555272
55754.67020846559,2939.0571777647037,4.676383711728348,0.15,46189.040358200196,4.408060381309592
55452.86881379545,2977.4950511260695,4.737542863806253,0.15,50140.10911458145,4.526711451063911
55661.074833756655,3008.629384399599,4.764518509151075,0.1532029172468498,51670.71597240408,4.64536252081823
57745.057943298285,3058.3512378039895,4.743713773724156,0.1673289904546481,52103.27970480626,4.764013590572549
57544.65853179419,3110.003386285718,4.7818311251446275,0.1732996143617246,52308.67454541607,4.882664660326869
56552.205975503544,3135.4408274053876,4.819529776757181,0.17350000000000002,53563.09305937984,5.001315730081188
56230.35617817973,3161.3839157250395,4.859407259235801,0.17350000000000002,57452.03267670832,5.119966799835507
56339.04975222573,3203.429020888262,4.9024181509137215,0.17650930021233058,59083.53958703032,5.2386178695898264
57698.319608146354,3256.4890294263587,4.883134919645933,0.1904839878517649,59488.04109600297,5.357268939344146
57472.46112434927,3299.4086211971235,4.906458487806252,0.19621825825135472,59663.52923781603,5.4759200090984645
56400.757193633784,3330.024581399697,4.950680999986443,0.1964,61434.34606255,5.594571078852784
55421.87269811064,3369.3777902905745,5.009186629233983,0.1964,65201.857451472744,5.7132221486071035
55656.81889659625,3411.4912334458536,5.044202173021958,0.2001626105996006,66239.90482268816,5.831873218361422
57770.28572267108,3451.8872950173163,5.003417939308165,0.21392216233853373,66900.68567621299,5.950524288115742
55632.88151246713,3504.7585864522507,5.050272901251836,0.21800190145747786,67053.79534605746,6.069175357870061
56942.03830618511,3541.923275571529,5.064930868843588,0.22331854712779892,72403.84724928506,6.187826427624381
58003.76316113356,3580.4973866512046,5.041401810438083,0.23411118350666138,81606.83773830377,6.306477497378699
58327.10145810419,3619.899552735044,5.067132997125195,0.2382,83784.53067948774,6.425128567133019
58016.87346488434,3666.866129379888,5.116741466264458,0.24040148539075448,84736.74226551293,6.543779636887338
60289.57461182132,3707.5966608425097,5.098270470915348,0.2506744151356339,85684.23913850596,6.662430706641657
59642.54350552239,3734.8477580912977,5.099278372448885,0.25567852707950095,86879.61881382366,6.781081776395976
59037.42986425927,3760.0840977316257,5.130656659650487,0.2561,87927.3818720616,6.899732846150296
58083.5384167937,3786.0165789810994,5.15375542099214,0.2577741459121173,88019.26591022479,7.018383915904614
59827.786898343664,3804.135610885807,5.105446732385496,0.26777026421095657,88626.82640252126,7.137034985658934
59077.61133928604,3816.663002557475,5.099366144058881,0.27093156383367667,88759.06293091785,7.255686055413253
58226.43469597747,3830.982154861935,5.115103234042816,0.2714,90705.37180989799,7.374337125167573
58133.38986052939,3838.864865338347,5.125628179401735,0.2714,93026.64881506261,7.4929881949218915
58839.37166867665,3843.1502561671387,5.097086471458369,0.276134451571566,93683.55694957076,7.611639264676211
59327.45323434263,3845.7177153076227,5.049193685257155,0.28329016741041047,94068.98110360526,7.7302903344305305
58215.26019474699,3853.2196791936494,5.0561184801932475,0.2837,94083.27990003115,7.848941404184849
57607.83805671766,3850.2080457109714,5.029249596792768,0.2869236255309018,98648.29333622467,7.967592473939169
58178.64120598103,3840.924593867198,4.978745077434712,0.2923750625453715,104609.5995972221,8.086243543693488
58464.47489721393,3835.5992151018895,4.962601886519405,0.29369697219452556,103292.55376754026,8.204894613447808
59192.035390414654,3829.971529993347,4.927988387725063,0.29763027005119824,102149.5111212182,8.323545683202127
58640.84271957082,3823.968877187134,4.916326998953849,0.2982,101267.49068957944,8.442196752956445
58261.75985938805,3815.3377218207734,4.899655041197722,0.29900939308673335,103274.93743173443,8.560847822710764
57509.23470764284,3805.462365044379,4.880177627950274,0.3,105390.92078821867,8.679498892465084
58110.29197343261,3800.6173908288765,4.878991912051475,0.2992660202568772,105317.04997030948,8.798149962219403
57472.23866548168,3790.0733284528415,4.87274881964886,0.2982,105239.31606438282,8.916801031973723
57473.27396919923,3787.4166373048038,4.893844976808291,0.29462843663998317,105034.04883992688,9.035452101728042
57254.35659496573,3785.5200963437783,4.904257218123446,0.2927618601527249,102373.6727081803,9.154103171482362
57000.87766711873,3780.5340708405092,4.898217398048338,0.29270097047332766,99099.80027464396,9.27275424123668
57473.32623063799,3780.1229973893664,4.939940238635557,0.28660223376928134,98663.24068055178,9.391405310990999
57134.591255357154,3794.462901384354,4.979019001094678,0.2837,98408.50990402146,9.510056380745318
57785.65421925441,3800.5279368295023,5.035565718303673,0.2768351769898535,98105.95019817844,9.628707450499638
58290.10469006861,3808.450195772429,5.070837410552492,0.2733727298631905,92481.63486998307,9.747358520253957
57684.55277156022,3817.4447427320356,5.0965320569559465,0.2714687380641015,86177.0960259967,9.866009590008277
57469.785859699135,3839.8250249610837,5.136997418038656,0.27001225013083263,86118.15269482895,9.984660659762596
59244.920133861684,3858.3475847329964,5.232828732735251,0.2603760597665605,85544.03442943901,10.103311729516914
59569.08127941064,3873.412998077334,5.281423454440344,0.2566150710915716,85384.60752903856,10.221962799271234
58996.99803578079,3893.4586257591086,5.3126469802565515,0.2561,81931.2329833303,10.340613869025553
58780.155032913186,3914.215453755135,5.346371833215792,0.2553894844802047,78727.75403145522,10.459264938779873
60545.04955027958,3939.2214223560327,5.452582363885653,0.24605419797579212,78302.17980589002,10.577916008534192
60729.02419860438,3966.0343502055784,5.546600032219456,0.23883645143312476,77898.60899229032,10.696567078288512
59998.52795771782,3992.021793242361,5.588029462999256,0.2382,77897.31217693866,10.81521814804283
60658.77213411631,4005.7442930577695,5.666524585804986,0.2308570704363229,71150.43532795999,10.933869217797149
62557.88953295936,4024.7869111885484,5.781482132560181,0.2201778234892641,63593.420442963376,11.052520287551468
61767.85454073736,4039.6549548424923,5.820223402804035,0.21810000000000002,63812.57094691184,11.171171357305788
62514.26293186217,4058.1216223799734,5.873460285991055,0.21494610333534783,63781.47863134905,11.289822427060107
63447.80096849822,4064.4516119272575,5.995941809426626,0.20174068663042236,63317.28292670474,11.408473496814427
63018.73301582196,4068.0747301183924,6.0404126618287375,0.19725683812647254,59124.64027602652,11.527124566568746
61778.63462605088,4066.2074634445216,6.045149379292715,0.1964,55281.49082675205,11.645775636323064
61304.05622065449,4066.8719829095435,6.066717963991159,0.19405881555387705,55322.058470679665,11.764426706077383
63628.25567469274,4057.2694366316273,6.170864360422022,0.18074045752455214,54832.93568662703,11.883077775831703
63919.410125696224,4028.1659786646787,6.185131468432745,0.1742311946442203,54322.41458397814,12.001728845586022
63036.62292187219,4003.976164343837,6.154567543043013,0.17350000000000002,50341.3602339437,12.120379915340342
62318.072605991045,3978.3623361762257,6.128322831919185,0.17203461479006943,47921.83150902135,12.239030985094661
63650.63001825433,3957.2398724919176,6.203507921861436,0.1600932244228965,47628.18132542459,12.357682054848981
63709.88956090029,3923.6505464338406,6.2376830498834135,0.15057592198892317,47358.863086257275,12.476333124603299
62055.291775542915,3902.2837667502463,6.2089898704358415,0.15,46412.44219240118,12.594984194357618
61751.896344863526,3864.4452825317944,6.148784416586782,0.15,42251.11770519834,12.713635264111938
61988.747120875996,3825.2526180346513,6.114669089017762,0.14686500933781357,40691.3358973788,12.832286333866257
63561.780406697355,3788.1917675773084,6.18310179083738,0.13278458493773634,40311.49542339343,12.950937403620577
62386.47564865289,3750.5702662795675,6.176495697442792,0.12679461699604105,40277.27901263634,13.069588473374896
61042.22378061812,3692.1854452098514,6.083015894334079,0.12649999999999997,38583.683090721,13.188239543129216
60431.51286207387,3643.6294504489006,6.003018046913044,0.12649999999999997,34879.77267135295,13.306890612883533
60705.005730970435,3610.1550533338095,5.9805106548562375,0.12282897241815471,33904.93032811716,13.425541682637853
62423.85498675281,3572.6133380670362,6.046627986092381,0.10849647566122964,33564.78564280758,13.544192752392172
61270.553627737754,3520.4274080720406,6.00079308683688,0.10376704500629998,33419.62642522991,13.662843822146492
60120.601780299156,3463.226839953177,5.904774409883461,0.1036,31538.694795901418,13.781494891900811
59406.68842900596,3407.706492374322,5.810112655755946,0.1036,27570.190261513904,13.90014596165513
59601.03503690882,3348.128499467325,5.751941633706953,0.09856885449508607,26946.743708482038,14.018797031409449
60435.69010644771,3285.287294203768,5.76047507381166,0.0850551029772221,26693.285479680035,14.137448101163768
58953.72512497818,3218.239839232778,5.669341104622115,0.08197566866829288,26706.731119938508,14.256099170918088
58153.810570453454,3145.881934450475,5.597646810651194,0.07539032425481822,22870.340573681697,14.374750240672407
57964.39134129295,3083.808665781019,5.5790807329803656,0.06451245789352855,17815.522491312626,14.493401310426727
57504.71960050015,3028.022466983397,5.5009580423649425,0.06180000000000001,16741.434166396895,14.612052380181046
56830.462539065695,2962.0818043910685,5.405464686942238,0.05886176756635861,15094.121462989993,14.730703449935366
55439.827164787486,2884.020277068536,5.353807235213378,0.0477441269553165,13760.691109320838,14.849354519689683
53877.88248249832,2809.1091578444766,5.242029502829745,0.04436380004228859,11067.669420782124,14.968005589444003
53310.745117994025,2735.806630117873,5.108901114582688,0.0439,8910.62966801356,15.086656659198322
53460.36923759399,2654.943346024762,4.963880036544495,0.04311953944629471,8872.244263199775,15.205307728952642
53639.05048109905,2586.027725668308,4.898156446064783,0.03474625615101961,8893.19446731639,15.323958798706961
53017.182430980254,2511.097016192276,4.800828366014808,0.028742961454372152,8824.03406472921,15.44260986846128
51979.485341233834,2443.057944196107,4.68068338492494,0.027378661460338356,8358.238396244036,15.5612609382156
50951.25403102717,2381.2143600057443,4.608846136411132,0.02085954623028623,6841.733108362106,15.679912007969918
49924.41891845139,2326.341017839647,4.534880981700931,0.0163,5941.329650023344,15.798563077724237
49215.347921417546,2265.6689652411806,4.439305149368394,0.013031162270882798,6117.900735925977,15.917214147478557
49467.0569074599,2205.073732361845,4.359669080976303,0.0073,5746.353794916253,16.035865217232875
49199.27058528602,2151.228171838679,4.2545441112829,0.0071008442262688945,3819.4688173166455,16.154516286987196
48346.786364093205,2105.549225949255,4.186932030465755,0.003646067822948474,-1095.9796879939727,16.273167356741514
47498.00731315744,2055.629924731674,4.099589553237209,0.0018,-3319.5650308255517,16.391818426495835
47227.019768328086,2021.1244965332376,4.040080790549473,0.00033960573073382825,-3290.084232718937,16.510469496250153
46346.89741527329,2001.7595508417614,4.003519101683523,-0.0,-3320.618185060407,16.629120566004474
45677.19461292865,1974.4098316817094,3.948575185967339,3.9186118505465824e-05,-3202.696904679453,16.74777163575879
45582.01751768924,1955.247984328968,3.9037893110399975,0.0010867109027872719,-2441.6365988866582,16.86642270551311
45728.13735273337,1944.9024967635498,3.8787633230420053,0.0018,-1952.3423873630604,16.98507377526743
45409.87103007914,1932.816625470311,3.835355696301293,0.004983300985615821,-1911.442235890281,17.10372484502175
45273.964538979446,1922.8308110852624,3.8016443223683556,0.0073,-2041.9821404460952,17.22237591477607
45191.38313674442,1923.335409559799,3.800728007916274,0.0076198841115050755,-1349.4728617855656,17.341026984530387
45310.99153165008,1927.5909910960263,3.7769724526623945,0.013015922746117212,2618.46392025889,17.45967805428471
45474.15530341142,1927.2805342374668,3.7569676045312885,0.0163,4031.975823144401,17.578329124039026
45880.80630906115,1939.60504892167,3.7581897148109475,0.020164844635840992,3188.3613320169025,17.696980193793344
46527.11545405058,1962.028678518846,3.7554037262909623,0.028005715286499703,2834.3791385667164,17.815631263547665
46101.48690403699,1973.8363750844026,3.7745093493278965,0.028599999999999997,3669.6847428675287,17.934282333301983
45981.19519372924,1987.3428802784,3.800337442666844,0.028599999999999997,6869.417323017169,18.052933403056304
45916.54171514488,2013.2471805747878,3.839988610162879,0.030251806360184035,8661.89001526798,18.171584472810622
47275.3208967652,2034.9080560650343,3.8209575528883706,0.04034906976593029,8701.716685126848,18.290235542564943
47191.91210643398,2066.493386911011,3.8590119094829975,0.0439,8752.997235771087,18.40888661231926
46954.38253538616,2107.5328648612867,3.931912859545612,0.04451479479178429,9727.61456208683,18.52753768207358
47776.001544988634,2142.829001886841,3.935990380133541,0.054618615893913605,15293.618851859614,18.6461887518279
48758.34165860302,2169.091553041091,3.9445557404215736,0.06113748470967558,17919.88370995793,18.764839821582218
48479.514871182146,2211.6538721893035,4.017758629231091,0.06181886822022101,18200.35254737349,18.88349089133654
50410.92877535131,2272.7248119182855,4.078138410993585,0.06987530509899935,18407.854999851537,19.002141961090857
51407.788215651955,2312.2147437559634,4.080324968627071,0.08083493935366032,19911.052648328703,19.120793030845178
50959.30177430119,2351.3664879954104,4.1449948343684335,0.08153670388480282,24835.35938005452,19.239444100599496
50390.620110646305,2403.8961931912336,4.235257192173415,0.0819,26996.758035036277,19.358095170353813
51511.47831697786,2466.665346544818,4.314191730012755,0.08671967724317092,27130.689381508157,19.476746240108135
54292.96017144687,2520.436799717654,4.324458373914486,0.09941902226880218,27288.7153420404,19.595397309862452
53529.81109979734,2582.1016287821094,4.402462883880035,0.1036,29106.7424973151,19.714048379616774
53243.59027133449,2623.6256660282124,4.473261039431738,0.1036,33384.94193641944,19.83269944937109
53878.48073525431,2663.1704394937856,4.516187668302662,0.10719933916371197,34584.48194943975,19.951350519125413
55856.02041158787,2720.989740989585,4.516752220227968,0.12146056798354689,34918.72610700443,20.07000158887973
54872.49965874377,2781.0976575184072,4.583032752923477,0.12634347479336241,35052.70382806526,20.188652658634048
54320.578401973624,2821.43489964044,4.6484212654075385,0.12649999999999997,37242.81713538804,20.30730372838837
54167.680043922635,2852.0797750338706,4.698909862706998,0.12649999999999997,41369.43426745134,20.425954798142687
54893.3671420016,2905.0293361570507,4.758946338782833,0.13032851822252853,42248.961836483715,20.54460586789701
57372.2528413935,2963.1529063561657,4.7490977455324375,0.14508275334740534,42644.82514242768,20.663256937651326
56028.40776127689,3013.546120165531,4.796365294594745,0.1497936015567846,42737.54321253832,20.781908007405647
55277.11849797479,3047.572976385729,4.84904503896476,0.15,45810.286643521606,20.900559077159965
55042.24593574512,3076.756553758599,4.895027765708003,0.15006252684323954,49954.46390249242,21.019210146914283
56367.71022140954,3116.721613143868,4.8931140124477785,0.15908740066005975,50205.07585192392,21.137861216668604
57488.29865651185,3166.6572973901234,4.878638528557247,0.17193979439166535,50615.10075986963,21.25651228642292
56457.331359691176,3203.272038654154,4.924327190155907,0.17342599150117335,50639.78906517452,21.375163356177243
55933.21391928665,3226.7872392828513,4.9599396190337055,0.17350000000000002,54586.30375989085,21.49381442593156
55575.08103255566,3255.5756315461954,4.994944115160695,0.17476455996879314,57480.54193163325,21.61246549568588
57452.3839118727,3304.0642897852454,4.9848358725141955,0.186285092080515,57918.24204869891,21.7311165654402
58039.62540439109,3348.4001316645754,4.980525249971006,0.19605040988284603,58291.21664753083,21.849767635194517
57020.499847395615,3386.704820981812,5.034946379509831,0.1964,58972.005715362735,21.96841870494884
56443.104687956875,3410.1966981085657,5.06987128378683,0.1964,62760.855407031886,22.087069774703156
56094.2396310293,3431.720535284874,5.088082507250575,0.19826581079330927,64808.62699916628,22.205720844457478
57695.84262774061,3466.2594185794032,5.047265965713695,0.21075459117346887,65333.321080291265,22.324371914211795
57189.50902165413,3508.068830430664,5.05599039870971,0.2178717644711101,65681.34556301062,22.443022983966113
56334.436901603854,3529.5481260500965,5.085275557986577,0.21810000000000002,66890.57853855164,22.561674053720434
55845.97023962185,3554.101746157212,5.1206517363900526,0.21810000000000002,70642.26985489392,22.680325123474752
55891.519773647255,3592.7100245293313,5.1553419292841856,0.2209154938880077,72206.068457226,22.798976193229073
58012.203944702334,3633.4230986331613,5.117462123428112,0.23390109188094238,72806.72884059398,22.91762726298339
58057.767317612794,3672.423545756079,5.1411272578425775,0.2381359329766504,73017.04838339756,23.036278332737712
57303.79261622201,3702.8616502257037,5.16052452052789,0.24127463934999674,76499.790259362,23.15492940249203
57852.51217317499,3727.5936104125567,5.126503868247589,0.2505736850332076,84509.02418621241,23.273580472246348
58329.62800017664,3744.1629121130863,5.109548220399504,0.25601523821748473,89536.93609614989,23.39223154200067
58653.35823336415,3769.5815677128912,5.117445023773717,0.25968757183370617,91013.35116204865,23.510882611754987
59483.076266780554,3800.4325450894394,5.086230795573538,0.26974387981695896,91918.22122394264,23.629533681509308
58348.617624391874,3810.4088829148486,5.087633930971845,0.2714,92155.02015862742,23.748184751263626
57596.0120148499,3824.704809036848,5.106721761450896,0.2714,92464.43100089612,23.866835821017947
57243.23510568535,3843.4929422915066,5.1101113814870125,0.27439320246410553,92785.49108891818,23.985486890772265
57360.26293933054,3854.3461988959875,5.061929951074071,0.28309309231572516,93296.62809879644,24.104137960526582
56250.71591159465,3853.0408795704393,5.0558838628720375,0.2837,93407.05399040684,24.222789030280904
56076.78398777708,3852.853386371218,5.043825003506464,0.28535830534626744,95665.32021650951,24.34144010003522
56317.76546017468,3845.2075426607485,4.995680057433464,0.2907546755490935,101008.01469347766,24.460091169789543
56284.51810657181,3832.3946798795246,4.965416944919463,0.29269999999999996,103175.75035458166,24.57874223954386
56576.272301336394,3822.6718940047303,4.92334814806375,0.29694322048221866,104080.74803761399,24.69739330929818
56068.576553863015,3819.28151891277,4.910300646026266,0.2982,104632.59723985236,24.8160443790525
56006.67297341046,3808.3640745721523,4.893076589434732,0.2986635257572197,104688.92725207003,24.934695448806817
55948.042743260834,3794.188987447121,4.867900568157402,0.29968107655510307,104647.37322889586,25.05334651856114
55903.46798897349,3789.4879428589984,4.859691807755435,0.3,104671.32340366078,25.171997588315456
55566.440499735334,3780.216993580823,4.860076915980628,0.2982,104597.48530986613,25.290648658069777
55636.69241578481,3769.0858913290017,4.854882944015952,0.29686262217177056,104460.00605116338,25.409299727824095
54997.08186052657,3768.4518020007185,4.88196830817349,0.29278753600697754,103181.907921014,25.527950797578416
54966.08982767188,3767.183290834352,4.880736807083,0.2927275771327035,99622.7620402562,25.646601867332734
55054.71694748523,3762.0256063473,4.89471581250779,0.28972318250982537,98205.42763509176,25.765252937087052
55204.35575562941,3772.885850763231,4.950102515752615,0.2837864016293146,97883.21147564275,25.883904006841373
54777.49866538014,3785.2433228157,4.986898318203134,0.28085639919813055,97728.78715148698,26.00255507659569
56299.90028863936,3791.5060781646653,5.038326421925457,0.2747671065774109,94420.80955134111,26.121206146350012
55627.1601748266,3798.5194395417134,5.0661345888725995,0.27218367855823056,87187.82773605849,26.23985721610433
55271.26287076458,3816.353604999597,5.095571286441536,0.2714,85575.73509334019,26.35850828585865
56519.85590648082,3840.324143604127,5.179993555792235,0.26422544379898266,85185.54293648458,26.47715935561297
57780.925758003934,3853.0902084855607,5.2503111531826,0.25707049587553327,84742.52757315924,26.595810425367286
56900.48970942477,3871.32795938635,5.282449557045619,0.2561,82624.09326572566,26.714461495121608
56701.68288024025,3895.2986859943685,5.315157753168756,0.2561,78947.60199317274,26.833112564875925
57544.88172341003,3914.810541328081,5.37431684961693,0.25183456560371925,78133.90652891346,26.951763634630247
59190.924086068895,3936.139543797373,5.493239330424437,0.24030547132388827,77498.23236691223,27.070414704384564
58410.37877141404,3967.080852352262,5.5531171504550905,0.2382,77335.85257272128,27.189065774138886
58047.76576268169,3982.0573488399777,5.598118504949849,0.23519371350209303,73385.65503973162,27.307716843893203
59683.18528658716,3996.7887435131665,5.708135446193825,0.2242016732241826,63865.547010096,27.42636791364752
60229.28425247881,4015.603793973278,5.783169155157093,0.2183883642289421,61636.19456392419,27.545018983401842
59406.461027414094,4035.3179900638834,5.823109251109103,0.21701008745111616,61811.63732858897,27.66367005315616
60725.54026924014,4045.103177151756,5.9229126431672166,0.20691237275043892,61773.751591022294,27.78232112291048
61144.17143040218,4047.4621912586863,6.0022031708724475,0.1981297798586191,59593.8792181304,27.9009721926648
60699.23757957624,4051.418516043206,6.019410613674325,0.19682955242982103,55863.4653979579,28.019623262419117
60264.9021153332,4051.5621226276935,6.023376443763897,0.1964,54897.317417619095,28.138274332173438
60923.00854789499,4045.2317249455596,6.084363119758178,0.18839011241110712,54629.75911314889,28.256925401927756
62023.135481954836,4025.29254246657,6.1535632810342245,0.17724373569109791,54277.52765821119,28.375576471682077
61026.57320048297,4000.9401609870074,6.149900859987578,0.17350000000000002,52019.366224909354,28.494227541436395
60498.3956167312,3969.46175081345,6.101514957172764,0.17350000000000002,48042.47125746755,28.612878611190716
61123.32152244317,3945.721301783663,6.11192732643812,0.1682389446835912,47400.10819413688,28.731529680945034
62853.66990849343,3922.132722227985,6.20494026149083,0.1538824909618722,47068.578362176835,28.85018075069935
61623.81013970591,3892.5076582722595,6.1919481286222435,0.1501626747693998,46939.37369300656,28.968831820453673
60448.290727250605,3860.1164296515785,6.141896705366783,0.15,44638.96001650519,29.08748289020799
59931.32880039682,3823.211094877135,6.083176001421054,0.15,41138.07642656574,29.20613395996231
60320.41342814608,3781.38036745109,6.053471264405741,0.14586597379870936,40421.67116868369,29.32478502971663
61732.31278804706,3749.8516087453177,6.135624732311281,0.13112674919107217,40071.66197735401,29.44343609947095
61016.385994350865,3707.6542675256233,6.106712420031378,0.12669661558514406,39896.281694219164,29.56208716922527
59921.07926443211,3656.171938994843,6.023682273645873,0.12649999999999997,38222.42129392836,29.680738238979586
59336.017831460355,3608.6987680830953,5.945468419684325,0.12649999999999997,35084.17673163031,29.799389308733907
59018.316865367415,3573.6994353916593,5.909805054856798,0.12399793243165466,33587.49797981005,29.918040378488225
60577.30504134444,3538.0142503459315,5.970490644979901,0.11045597139750805,33286.18992288918,30.036691448242546
59437.074487864826,3494.8227256357527,5.956692059713019,0.10381796720511595,33154.105361523405,30.155342517996864
58785.051758754125,3442.416280643264,5.869292570619881,0.1036,32454.070407523548,30.273993587751185
58126.129842734124,3400.1869724480293,5.797291933670071,0.1036,29730.6557630095,30.392644657505503
57448.82704483738,3347.5684398522626,5.707577751170462,0.1036,27007.241118495458,30.51129572725982
57967.91341518567,3303.793285519224,5.68365528491248,0.09764865405717083,26790.146246070006,30.629946797014142
57885.35690550432,3253.0231486115476,5.708040716696758,0.08457686192633254,26597.002350307932,30.74859786676846
56807.02740773243,3194.11926712307,5.626623098425241,0.08200218439241863,26531.87306160055,30.86724893652278
55700.656923634815,3137.475239200455,5.527698995375317,0.0819,23607.57808237598,30.9859000062771
55400.710892568575,3085.9796562739034,5.437162155346536,0.08187702942439531,20020.58365322002,31.10455107603142
55815.60050815135,3026.4123870885433,5.402316340385366,0.07329138788899027,19889.89347370388,31.223202145785738
55593.80594253769,2967.687246358755,5.383592450982885,0.06273963357369723,19752.37370491884,31.341853215540056
54814.06842841212,2899.4023340419444,5.2671098705675945,0.06182305892488901,19797.770062659707,31.460504285294377
53907.311313691294,2830.7810196479695,5.199921027125515,0.05458273397835379,14847.321477816404,31.579155355048695
52917.84613481316,2764.6886398035067,5.155856658572727,0.044775510684173195,9332.280252357281,31.697806424803016
51935.02898889491,2695.5427278863363,5.033711482127092,0.0439,8322.096677008127,31.816457494557334
51996.175652611804,2626.684788801972,4.926504356804003,0.04108770022610924,7516.010478899676,31.935108564311655
51881.950896791175,2555.7345727616366,4.857590955324515,0.032514028947312944,7519.86203337698,32.05375963406597
51171.31986386337,2490.3165808580607,4.761684911165914,0.0286639797170546,6456.796443355955,32.17241070382029
50697.76262962532,2430.7220749377534,4.648171544598644,0.02860371881222136,4981.886496993377,32.29106177357461
50235.36630162242,2370.304495059598,4.576511693482873,0.02242647535306605,4956.074778183705,32.40971284332893
49753.80123004297,2311.844611198456,4.5050980195097035,0.016515924831957365,4924.889786766682,32.52836391308325
49026.48373677419,2258.1459535697104,4.401944108889911,0.0163,4935.260065296076,32.64701498283757
48725.48189255896,2203.864091975821,4.319621913432224,0.012822262792121926,2043.9956009444338,32.76566605259189
47366.92075313069,2150.890084012124,4.2475108465329905,0.008052269918713348,-1391.7664481057054,32.884317122346204
46647.64424837055,2107.301903893913,4.169039391443342,0.006892142896773656,-1767.0022787350197,33.002968192100525
45911.2517778891,2065.3178162702516,4.113334842062839,0.002658314667734702,-1844.010695330119,33.121619261854846
45947.604145383135,2032.512161405041,4.053485271582307,0.0018,-1953.5855689796915,33.24027033160917
45852.44159985729,1999.8801269704811,3.9914082647677067,0.001323438766212384,-2521.738273389018,33.35892140136348
45548.38172220634,1972.491178319939,3.943494811665483,0.00023871358263114503,-3398.6918667514055,33.4775724711178
45264.27885234114,1948.8526198242746,3.8977052396485496,-0.0,-3385.520091112588,33.596223540872124
45426.98701221224,1927.1032839108648,3.8507305510288012,0.0005711510400713474,-3284.3810354104603,33.71487461062644
44993.1724679221,1909.4004748939979,3.807960832659787,0.0018,-3296.4980503755382,33.83352568038076
44816.84178681617,1898.8123322685153,3.7796726509848724,0.0030013382272301853,-2142.1917989508806,33.95217675013508
44431.937897547105,1897.7228336351611,3.7562044263366587,0.006589120404225049,429.9219809340923,34.0708278198894
44186.6169808755,1897.466030949832,3.7488140440681823,0.007754316041002872,558.6526988955171,34.189478889643716
44674.92850877748,1910.4680225071952,3.7377530609254355,0.013981736178965193,348.54380469374365,34.30812995939804
44177.777387988775,1917.0797263158083,3.737082536311638,0.0163,268.10874643867015,34.42678102915236
44485.65687246109,1924.8202462319452,3.726290754939722,0.020722783099556857,4263.30986317433,34.54543209890667
45172.844270588976,1931.9909995867333,3.6956395749393995,0.028400143498803272,9568.6065933983,34.664083168660994
45398.152438978526,1956.5229465109812,3.73346774884291,0.02996378113366996,8967.879366087087,34.782734238415316
46496.78737553474,1976.0232540066559,3.7156696959010884,0.0394306290937991,8847.081129647298,34.90138530816964
46234.17745532191,1999.0218990063913,3.735091326789138,0.04354010082634899,8739.408141116703,35.02003637792395
45967.24061946217,2028.4900369023521,3.788043678366185,0.0439,11279.607464060311,35.13868744767827
45890.499139085376,2069.834790914694,3.8582602654609324,0.04507180970544473,13328.719445275692,35.25733851743259
47309.40292006758,2117.4770531137983,3.8840014387651483,0.05552610421595403,13400.058729778866,35.37598958718691
47916.551208427314,2163.2679381184907,3.9315488056985135,0.061538382351927,13469.668628586018,35.49464065694123
47625.35337115511,2216.9117353942543,4.027426669716686,0.06180000000000001,13558.75351963534,35.61329172669555
48568.12682359921,2267.648762211503,4.064688951673948,0.07057459794511195,19868.59008783194,35.73194279644987
50445.21741527242,2324.699659980301,4.103120182036532,0.08071247392744485,25560.255085067514,35.850593866204186
50425.63707313441,2381.088263880417,4.195073490844788,0.0819,25535.285477818008,35.96924493595851
50898.59012899175,2447.1410154539035,4.288297032621563,0.08544857615560394,25691.62654963076,36.08789600571283
52751.84900953638,2509.4118366837497,4.304626719445876,0.09956015671235871,25950.34781011671,36.20654707546714
53177.47269411823,2570.1531144639357,4.388521528071978,0.10262523832036011,31183.25305419568,36.325198145221464
52511.88071513226,2624.396165946803,4.474574735707599,0.1036,34532.242215273276,36.443849214975785
52865.730339865855,2688.6358971830514,4.561393427932783,0.10690417942753418,34523.68063359503,36.562500284730106
55132.9756157112,2748.1461595693136,4.567665717115349,0.12060450285955317,34861.199588310534,36.68115135448442
54711.2395843355,2791.549740668163,4.5995140626007975,0.1264518788909675,35310.751814194424,36.79980242423874
54199.484862624544,2834.737375406792,4.670337599979979,0.12649999999999997,39403.10134178487,36.91845349399306
53993.684502474236,2870.731298145214,4.719644087520838,0.12792039125486002,42082.08384786061,37.03710456374738
55959.05239791148,2918.0740299124136,4.716190850695473,0.13942432774390523,42411.060482545814,37.1557556335017
56646.482740098625,2963.306319938335,4.716912203618824,0.1497205405602466,42731.19723680365,37.27440670325602
55687.08188701338,3016.87176116638,4.800234747997099,0.1499945047313631,43005.82288426894,37.39305777301034
55022.490600037345,3051.2941276524925,4.85496582584309,0.15,47236.19159718004,37.511708842764655
54537.87423225026,3079.3871750482976,4.885551063758982,0.1519552736710499,49680.075902043485,37.630359912518976
56707.960570797266,3123.483290343006,4.864146275998651,0.16460365059240462,49991.830366266826,37.7490109822733
57313.82329232804,3175.0527627406263,4.882723649631354,0.17317712813660427,50377.28091002645,37.86766205202761
56294.23614507373,3198.812071717554,4.916938599236979,0.17350000000000002,51236.60188836769,37.98631312178193
55991.18955517176,3221.8669946831624,4.952376642513828,0.17350000000000002,55636.74976696699,38.104964191536254
55994.03696819887,3258.3775201759213,4.985797964260422,0.17660695249579722,57306.802306984144,38.223615261290576
57938.62096385551,3308.3226967284218,4.961163214085715,0.19044194669495532,57717.51986107739,38.34226633104489
57393.896086909415,3346.588925278532,4.976727783904152,0.19620319348515425,57925.71687392852,38.46091740079921
56433.71191254279,3371.170730640843,5.0118521578237,0.1964,59252.99400407314,38.57956847055353
55692.73092183276,3399.3248932709353,5.053708388790242,0.1964,63226.84924392425,38.698219540307846
55671.954714588755,3430.399052566273,5.075020764276672,0.19977337328574069,64799.65002685732,38.81687061006217
57414.90555610951,3473.833814503285,5.038442687872788,0.21347974747050144,65178.734562560356,38.93552167981649
56474.21114754116,3513.069680089814,5.062087013515109,0.2180241191877447,65393.386039217025,39.05417274957081
55741.87594766721,3545.4346512535967,5.108298663767729,0.21808175225527543,65408.17669813743,39.172823819325124
55964.23389564497,3576.308606094049,5.098078801022089,0.22550212215181137,72850.01353289236,39.291474889079446
57655.46420866207,3619.7110084861342,5.083128619557388,0.23596138297285585,81018.56959939952,39.41012595883377
57237.68184164081,3653.5066188297546,5.114176145992795,0.2382,80688.26691591552,39.52877702858808
57554.85498190638,3688.420830911138,5.139164138727933,0.24144273508430553,80579.80603237162,39.6474280983424
58551.338313313114,3712.7216391953034,5.086452774934391,0.25327329697200235,80891.53488820967,39.766079168096724
57981.90035547266,3741.7340343373844,5.109113612430483,0.25561892742731296,84217.13260469625,39.884730237851045
57334.97301751633,3762.665059487881,5.134178397004985,0.2561,86644.92491976298,40.00338130760536
57236.74717386888,3786.1438916826487,5.147860423007261,0.25860278585767466,86716.36518389851,40.12203237735968
58086.50225726749,3803.651305625044,5.094177481960748,0.26923954549251183,87276.74719105977,40.240683447114
56387.9980667054,3808.475343550709,5.085484888799606,0.2713399259083473,87352.74062922473,40.359334516868316
55442.51883235689,3817.900700123955,5.097636958103288,0.2714,90339.85757588342,40.47798558662264
55190.94516741997,3825.6653863931324,5.097665641882709,0.27283105644977645,92332.09868830466,40.59663665637696
56063.49868039941,3827.358622292926,5.040249592028359,0.28115614780237014,92762.25934569325,40.71528772613128
55808.79326469178,3823.3124428690435,5.016874797542901,0.2837,93013.82567916569,40.833938795885594
54963.67953235835,3827.387077881732,5.022221452834562,0.2837,93341.06150681057,40.952589865639915
54729.52519789027,3821.2682322806045,4.978814332131842,0.2887217850427582,101355.56131996651,41.071240935394236
54978.68860807593,3809.102689217023,4.935238830508729,0.29269999999999996,106255.08644252764,41.18989200514855
55284.80611435395,3801.2670729431093,4.905275402255471,0.2955650964115043,106518.06218257888,41.30854307490287
55945.867270333496,3799.369769829061,4.884700890180804,0.2982,106045.65229432551,41.42719414465719
55391.58249281624,3788.5499780046325,4.870290367815616,0.29827304761643664,105290.56645475843,41.545845214411514
54836.74277624476,3775.5393955302015,4.845980940108371,0.2993860888245427,104802.53398460153,41.66449628416583
54375.65141612004,3768.686274177694,4.833015459815425,0.3,104542.9158296113,41.78314735392015
54343.29760480686,3761.7742264314456,4.833331791000435,0.29864659939661836,104460.10023793242,41.90179842367447
53863.77011307582,3748.503643317185,4.820071783833494,0.2980866811019402,104459.17964178951,42.020449493428785
53567.49252945661,3747.9342454487905,4.853953013370093,0.29299759751728444,103907.27966434663,42.139100563183106
53284.24859596826,3747.5048061087973,4.855134560006009,0.29274322728103114,100430.36493739153,42.25775163293743
52992.89742673925,3740.9600342453605,4.857563402485161,0.2911461964945025,98198.05288868662,42.37640270269175
53764.669188415806,3748.33378717496,4.9108074462267925,0.2848079426217048,97809.26140000565,42.49505377244606
53346.65083930707,3764.815445487274,4.946361529092864,0.28280471243973365,97666.27650434988,42.613704842200384
54424.739740059784,3769.455033085578,5.005882007076911,0.2752106726716706,96056.55547225673,42.732355911954706
54321.10099825479,3777.2194950286193,5.03396437070559,0.27271141389139814,88749.9665129207,42.85100698170902
53781.1178056788,3790.805825751695,5.06146005256703,0.2714,85491.44524211882,42.96965805146334
54683.48871468375,3814.4702226237514,5.126034982051052,0.26684524764554013,85267.55993442859,43.08830912121766
56115.164461310895,3828.055352430524,5.2128981561788725,0.25751548361385507,84777.40872764525,43.20696019097198
55612.31595269465,3844.7608898690037,5.2461986358949995,0.2561,83545.97500654212,43.3256112607263
55304.49780384094,3866.1645567548603,5.275404064070159,0.2561,79771.23196575686,43.44426233048062
55391.29812213437,3884.216603465978,5.31986052700893,0.2534767704905129,78061.08878934615,43.56291340023494
57477.068305972985,3908.6679185105922,5.444567356161054,0.24163192161449276,77426.81397576735,43.681564469989254
57022.09388482268,3938.3950293551966,5.512962754417141,0.2382,77293.66918972885,43.800215539743576
56651.88244308321,3957.1390613376516,5.544167180962585,0.23757362878238855,75976.32997047267,43.9188666094979
57571.401949226485,3968.5222009176096,5.643589932806907,0.22717741269686914,67823.00103969336,44.03751767925221
58893.75181218682,3990.838751863981,5.743745789600627,0.21884254388888183,62063.00723632804,44.15616874900653
57981.15445412584,4002.6368792816193,5.766888780883445,0.21810000000000002,61653.22091085336,44.274819818760854
58835.09820820766,4017.372535201177,5.830074520862549,0.21308910774717826,60848.28292281518,44.393470888515175
59834.809297912536,4020.7694642149436,5.957086817694916,0.19877002954992407,59861.18623127173,44.51212195826949
59383.03429836644,4029.039907753029,5.98368525131183,0.19711478300060412,56918.61253815089,44.63077302802381
58315.06552223477,4027.9067090661993,5.988208413137382,0.1964,54671.553915199765,44.74942409777813
58634.812270885515,4028.250600119094,6.010460369896207,0.19390349140580546,54622.233937363344,44.868075167532446
60453.8852762244,4015.716341011762,6.1101212139061944,0.1804648459004342,54186.13862060835,44.98672623728677
60014.66687948511,4001.599425614936,6.145328498187408,0.17412112378192632,53928.62531549243,45.10537730704109
59212.93556089314,3976.1329006403475,6.111769274509872,0.17350000000000002,49888.28240164554,45.22402837679541
58805.03829722551,3951.248406504237,6.0956176586314434,0.17101841497535525,47420.610431732,45.342679446549724
60546.21983378369,3921.6967680819976,6.1375783648445985,0.16122409541304208,47186.7853108272,45.461330516304045
60091.73006985491,3888.191444507098,6.182606993235011,0.1504338996404798,46843.62705401825,45.579981586058366
59592.45079692929,3859.8089880595626,6.141407529836586,0.15,46841.51160499966,45.69863265581268
59135.091081519866,3814.4060260109977,6.109371722249831,0.14553032363069326,42592.74554828819,45.817283725567
60122.29397056987,3758.4853917268633,6.126653848992927,0.13365860450897168,34139.63116121337,45.93593479532132
60310.42343417994,3708.424774168914,6.1089771801454384,0.12658719689613498,33560.64551147154,46.054585865075644
59315.839269028584,3663.2005127147286,6.053624434332313,0.12446171403232997,34234.10188597598,46.17323693482996
59982.11940340088,3600.5724869505757,6.056214187814117,0.11263834569863042,34579.68353989694,46.29188800458428
60351.06021537535,3538.506007409392,6.020501104812869,0.10499300868250404,31328.30560789412,46.4105390743386
59232.972471718174,3475.7356513487885,5.925505575943306,0.10366689899011533,26121.238437979966,46.529190144092915
58481.83533464402,3419.3852572476853,5.841052678196301,0.10234391721234835,26026.956153219526,46.64784121384724
58870.45157314113,3351.1436189865435,5.8226232525234165,0.0910755920457904,25867.496471216364,46.76649228360156
57597.936122478,3284.3090183334593,5.7742849001176975,0.08328021289056409,25690.325032060307,46.88514335335588
56428.721633263354,3214.1177155681253,5.662730033812648,0.0819,22325.24466105655,47.00379442311019
55930.67553870177,3136.6400429390915,5.53426562440369,0.0809429665877226,19637.48051163371,47.122445492864514
56313.64578997856,3068.955334470932,5.4993303200296815,0.07077419551220246,19522.71740393333,47.241096562618836
55605.38867063702,3004.977172537401,5.458290784563947,0.06189579103750044,19404.104768887813,47.35974763237315
54829.858879099345,2928.6516874952495,5.320328853434807,0.06181274980102688,19283.202397553945,47.47839870212747
53989.54110584879,2849.0890800981006,5.2450523273743,0.05315556694436627,13003.253716028381,47.59704977188179
53136.803700478304,2778.957486809896,5.180139463167955,0.0450662766142188,9429.757653994788,47.715700841636114
52120.602281177155,2709.6112834888745,5.059983389873467,0.0439,9823.139254944941,47.83435191139043
52399.52940824147,2626.8672185235055,4.945961291108298,0.03858702806369519,9257.462956701012,47.95300298114475
51501.93597405667,2552.2065496432215,4.879775009735186,0.028696683712155203,8565.117582601648,48.07165405089907
50911.27903762346,2480.679417254637,4.7434729965246,0.028634852929561846,5895.240646024775,48.190305120653385
50545.822514705076,2406.6442158473033,4.620321051939182,0.026071477416065327,4762.640463106402,48.308956190407706
50038.234723029185,2340.6729866352525,4.557965211676734,0.01697948437840899,4728.861241474667,48.42760726016203
49375.18123734294,2287.477363732542,4.459121647820733,0.0163,4741.778880145325,48.54625832991635
49093.83274581769,2225.0273407545774,4.342627717686014,0.0155289575696524,3061.8825187039383,48.66490939967066
48745.99617835251,2172.918486746518,4.276990840996147,0.010133562451156028,-3177.680798994758,48.783560469424984
48340.17233106178,2127.969566922916,4.207225812914454,0.0073,-5544.64908184155,48.902211539179305
47862.688781042736,2083.6018270056784,4.144912509123862,0.003397677888370215,-4987.49746678702,49.02086260893362
46869.55605231122,2036.3664009168037,4.061171869178496,0.0018,-4058.3729519062827,49.13951367868794
46488.904395452184,2002.188834469218,3.99419147393864,0.0016127125963649176,-3567.854041868231,49.25816474844226
46182.03124538402,1976.5521584098792,3.9501321467713946,0.0004760976246605997,-3543.4737619266857,49.37681581819658
45971.52129445681,1942.8713999454978,3.885742799890996,-0.0,-3569.1432658611548,49.4954668879509
45966.399842936684,1923.9416649308735,3.8464673202855395,0.00023296665163652908,-3604.4738693390177,49.61411795770522
45681.72868125049,1913.850865764451,3.8168363484813974,0.0018,-3633.492075499331,49.73276902745954
45546.591313610625,1899.8852201172265,3.786504663474491,0.00221477820549173,-3110.3774437644993,49.851420097213854
45459.94811278148,1888.3180833147203,3.7442232367044133,0.005463218277141201,-1049.0932264447413,49.970071166968175
45356.923199584264,1891.8891493260935,3.7404693130678774,0.0073,-48.12248056407904,50.0887222367225
45516.76981391151,1889.6979571908823,3.71202092486823,0.011418635917046543,18.4667173175656,50.20737330647682
45309.84499971872,1897.77301706765,3.6998741804578392,0.016226262987194113,79.86274392813175,50.32602437623113
45258.47935816431,1914.0357208307014,3.7264999463400166,0.01709590152614526,1270.094979709955,50.44467544598545
45391.91132096812,1934.1940757328964,3.728230712504986,0.02349958886015063,6073.7733841689815,50.563326515739774
45570.7217061819,1946.3615325274081,3.721970014552362,0.028599999999999997,9324.521253522162,50.68197758549409
45762.34675040408,1974.1033639258196,3.760012445713898,0.03115992380837381,9908.296395629846,50.80062865524841
46640.20504747801,2010.9438650278653,3.7678246780347213,0.041742743269954835,9699.611521648192,50.91927972500273
46212.7832108356,2037.1135981948783,3.804147492654098,0.0439,9706.538480520801,51.03793079475705
45979.235761872,2067.797683269623,3.8614475791121676,0.0439,12026.351945065666,51.15658186451137
46069.455708354675,2112.8991486908226,3.93066281594547,0.04636742345313335,13214.981554272335,51.27523293426569
47521.914551735324,2147.3069037300684,3.9233184037670576,0.05807644485725233,13232.629117434077,51.39388400402001
47742.00156822999,2188.174397464887,3.9752200259673747,0.06180000000000001,13375.049232892776,51.51253507377432
47603.18207975026,2243.4415328727673,4.075622911453006,0.06180000000000001,13978.440129200922,51.631186143528645
48736.19181517376,2288.9026587045773,4.093024495113272,0.0721359271937976,19819.14203385313,51.749837213282966
50535.78236536227,2322.9379608205927,4.099294116923196,0.08082754062813749,23844.339874567202,51.86848828303729
49871.44766678373,2371.7235589487527,4.178574469786079,0.0819,24087.14703919225,51.9871393527916
50820.440423704036,2439.294746169231,4.2624453767441235,0.08731952431586776,24450.505841276958,52.10579042254592
53085.33251594774,2489.40390036594,4.257550963261991,0.10154627806517617,25603.075415515243,52.224441492300244
53310.92665268959,2534.05396546099,4.326027822901551,0.1027565178224956,31027.397369940787,52.34309256205456
52682.07936226479,2586.7872676373245,4.410451861121445,0.1036,34462.33668086239,52.46174363180888
52916.67212215197,2649.1490328307864,4.4955482016894965,0.1067344357655404,34555.08251259693,52.5803947015632
55010.73053618766,2702.6927741616255,4.494867030382757,0.12019489659276146,34835.08024891369,52.69904577131752
54537.288979394536,2766.991962919302,4.558724457291205,0.12649999999999997,35337.13924882749,52.817696841071836
53920.898728307584,2814.0593430335343,4.636269755486071,0.12649999999999997,39418.78338255583,52.93634791082616
53447.93133852208,2849.6268520542035,4.683177376674001,0.1281741679680756,41945.47497203691,53.05499898058048
55238.520179336134,2903.136304558938,4.685017859945529,0.1404363142998095,42272.41756550364,53.17365005033479
56218.70796651649,2966.287985604936,4.7219959079904905,0.14967210873074688,42484.9824300218,53.292301120089114
55338.5010666898,3006.7013996223495,4.784013580136767,0.15,43529.25763186538,53.410952189843435
55036.75894828246,3035.117997867951,4.82922771145201,0.15,47786.12643933715,53.52960325959776
55191.50512979534,3076.5232511111167,4.874401967188104,0.15287364597305056,49549.00052032297,53.64825432935207
57142.14855650007,3132.282722665899,4.862496677110219,0.16675232680708418,49840.383863338786,53.76690539910639
57005.66915701316,3181.237292178674,4.89181087835555,0.17323631160008005,50145.20168623248,53.88555646886071
56398.68141578039,3219.3071607955326,4.948441886183187,0.17350000000000002,51734.53807736167,54.00420753861503
55873.65934809194,3247.4858966434595,4.991755813623126,0.17350000000000002,56114.67315187006,54.12285860836935
55965.18643440438,3277.4437712631147,5.009227531678309,0.1773914478355495,57182.13940506587,54.24150967812367
57516.2870885759,3319.552443791329,4.967450423672561,0.19190193026168198,57703.85369114854,54.36016074787799
56531.731188105565,3362.1469599078464,4.999752971312929,0.19621852694459485,57816.381925169255,54.478811817632305
55624.02859932455,3388.230868651098,5.0372151240841525,0.1964,60193.70300146903,54.59746288738663
55202.08365666536,3424.0263828923935,5.090431599790959,0.1964,64053.32858507228,54.71611395714095
56118.408327230434,3465.3181096034236,5.111280953021331,0.20185009083480915,64620.80205656595,54.83476502689526
57573.931911475236,3508.08196180273,5.07422069217256,0.2153763519543156,65092.468753112065,54.95341609664958
55490.07441667382,3551.166441314749,5.116744998186366,0.21805625056801947,65254.76807698363,55.072067166403905
55427.56947960958,3579.504680620633,5.116382645457673,0.22362975264683604,71476.7509604145,55.19071823615822
57617.89213021351,3602.8117715355884,5.07017846543192,0.2344749111887652,81289.44074233725,55.30936930591254
57529.475944420905,3626.7615432517446,5.076738406907038,0.2382,81223.17018155225,55.42802037566686
57227.95360225012,3664.524578282782,5.1140302300303055,0.24032541342605293,80773.7568751161,55.54667144542118
58218.681893485606,3691.537685684938,5.074941901109607,0.25084669867230747,80731.7259293785,55.6653225151755
57680.099150494614,3705.983626104482,5.061143336105183,0.25550161238331937,83352.42665402625,55.78397358492982
56787.50487242876,3724.2841519729377,5.081807425072796,0.2561,86448.74246661073,55.90262465468414
56277.4691147038,3747.9273823507096,5.102544549234055,0.25768614450813293,86538.49171938493,56.02127572443845
57707.61404903312,3758.405438708931,5.044277353065335,0.26774172465892077,87084.41797062883,56.139926794192775
56761.25476673975,3769.5142723215886,5.035910998758026,0.27099615271880206,87206.04695295764,56.258577863947096
55904.918634756024,3777.6801701529002,5.043934759916652,0.2714,89590.54137882826,56.37722893370142
55433.290171665605,3775.422154197517,5.040919871240848,0.2714,92084.9323417373,56.49588000345573
56210.479852239434,3777.9802665053858,4.995606739905275,0.2782618011346058,92476.0022246172,56.61453107321005
55440.742615134084,3788.716271022183,4.972486292659526,0.28355633328688634,92764.86004455108,56.733182142964374
54753.44680988433,3794.8378397450924,4.979510987779189,0.2837,92820.59242717146,56.85183321271869
54378.086531611996,3790.7258358395343,4.947663346759394,0.2874810296490686,97123.11542184389,56.97048428247301
54770.61146447433,3794.470203374049,4.918005531146396,0.2924507138746147,101924.0275728003,57.08913535222733
54663.08421928798,3795.278938801148,4.909703132827251,0.2938028297617926,102216.50469350225,57.20778642198165
55188.29712139335,3795.7892276452526,4.8834477045514255,0.2977116606717213,102825.3165007682,57.326437491735966
55166.949728209256,3787.4298273542054,4.869350173833378,0.2982,102791.64767442636,57.44508856149029
55032.87454729891,3779.821054351278,4.853661738005284,0.2990655319805311,103601.4263839975,57.56373963124461
54661.63838392932,3773.751107203943,4.839510671816743,0.3,104325.57369019628,57.68239070099892
54543.78066672366,3769.6430309184175,4.840340476273339,0.2991025427604936,104243.5998262495,57.801041770753244
54333.31662913393,3766.0372717136734,4.841846603001616,0.2982,104297.02458585499,57.919692840507565
53964.02828350306,3762.5632283271416,4.8667914679374515,0.2938889181965977,104004.09342774207,58.03834391026189
53606.690775252144,3761.413956784284,4.873097709481781,0.2927515463149777,100776.05475831847,58.1569949800162
53236.159676510746,3762.5145825128366,4.8814037588359325,0.29174948593373146,98139.72565803093,58.27564604977052
53768.01223272259,3764.7288308564875,4.9276467629968135,0.2854753029007545,97752.68340303602,58.39429711952484
53440.89582305284,3768.648877809164,4.945146351073858,0.2837,97612.52257382733,58.51294818927916
54344.128418277396,3783.362381310396,5.020652299783586,0.27573136160622924,97157.11672071814,58.63159925903348
54719.75532594379,3791.352991571931,5.051531258094889,0.27288887238698023,89832.07078627762,58.7502503287878
54285.387460242906,3803.2659422816987,5.078096721646337,0.2714,85276.32362432613,58.86890139854212
54649.45187268059,3825.1956695899153,5.13130582787414,0.2681008424701911,85108.53184813733,58.987552468296435
56090.98267332697,3852.2112674613545,5.242441667463273,0.25796488485306035,84688.91866371277,59.10620353805076
55427.75137733876,3868.6023347289565,5.278730426319635,0.2561,83619.35615554328,59.22485460780508
55112.59022880301,3890.763506651108,5.308969474530455,0.2561,79574.14250141734,59.34350567755939
55431.422765693715,3914.5648261023157,5.361923559480066,0.2534115605583662,77894.21498192547,59.46215674731371
57226.63038563296,3928.304554200121,5.471386716655975,0.24170014043850807,77357.68437014842,59.580807817068035
56763.85138487362,3948.788663879175,5.5275117571420145,0.2382,77177.27101271431,59.699458886822356
56310.39923066314,3969.479592203652,5.5655507196087415,0.2370594473676651,75093.17874339472,59.81810995657667
57529.51065320108,3979.3817521289975,5.6661318447446405,0.22630441931024603,65630.13071142694,59.93676102633099
59122.26281382122,3979.0417662170075,5.726241269976802,0.2189063319615044,60755.45802296082,60.05541209608531
58438.421018707544,3982.0507760549203,5.737228891335467,0.21810000000000002,60919.34509044234,60.17406316583963
59584.91141769448,3994.0055810325425,5.816153755453588,0.21070342017848373,60736.28445997865,60.29271423559395
60002.336280262374,3999.239053740238,5.930973714925379,0.1980968399342214,59832.433487215414,60.41136530534827
59741.575994801315,3985.8964016843747,5.918103073296155,0.19729044413347524,57341.039420771434,60.53001637510259
59175.91969321058,3980.879377111415,5.9175721771814445,0.19648404833272906,54852.10900298878,60.648667444856905
58696.56207010383,3975.6109586721186,5.910461366072886,0.1964,54851.6708079401,60.767318514611226
59622.12188614412,3968.109216715388,5.950569737567366,0.1904430840522635,54636.74359630424,60.88596958436555
60804.858543504946,3957.842137920148,6.044528906314352,0.17791405697044996,54249.777445867476,61.00462065411986
59901.72364490114,3939.6676515405024,6.055718032108017,0.17350000000000002,52305.558281803496,61.12327172387418
59301.48293764806,3915.198447873399,6.018106078262047,0.17350000000000002,48302.94618905093,61.241922793628504
59586.08511504345,3897.477060464379,6.022584227149523,0.16989280492395642,47393.06556412497,61.360573863382825
61250.494730579754,3882.6943004322784,6.130472363491117,0.15521804214457205,46965.29174088175,61.47922493313714
60515.443954979746,3858.968995207008,6.137140149258943,0.15032350587646387,46826.77710226212,61.59787600289146
59242.546423049855,3817.9525542113734,6.074809048201201,0.15,44616.62018025476,61.71652707264578
58716.10692567087,3777.068365784587,6.009757522741712,0.15,40715.77033328092,61.835178142400096
59136.51480840787,3753.3748288352645,6.019170550749597,0.1446815750152967,40176.20049071497,61.95382921215442
60216.278252764525,3721.910469559338,6.096795272106911,0.13036659176195398,39851.00441219232,62.07248028190874
59438.76939562336,3682.9911042271005,6.066181404909522,0.1266865914314114,39767.61981023902,62.19113135166306
58604.42675005435,3637.8987032623522,5.993576423045691,0.12649999999999997,36877.32967050706,62.309782421417374
57956.54450318546,3594.0768480536635,5.921555071603713,0.12647995633728817,33193.594643228054,62.428433491171695
57944.939205161885,3551.6382397756533,5.931059469522761,0.11744721660225466,32999.06700879592,62.54708456092602
58634.590971670594,3505.817459743561,5.965759499465389,0.1048953763132119,32696.743683743807,62.66573563068033
56786.38752387903,3451.6576767567676,5.884713342809229,0.10363793050892588,32615.656553680667,62.78438670043465
56047.02353622172,3395.021006853401,5.788484003131536,0.1036,29221.195629189457,62.90303777018897
55727.916507677735,3341.9889871713913,5.703040139368683,0.1030198030164884,26446.920206305196,63.021688839943295
56893.60693505122,3284.0879051258817,5.687764163817339,0.09320647742959352,26286.827602509868,63.14033990969761
56807.5703877657,3224.7916740995283,5.678174774945973,0.08228973999767962,26124.554600380096,63.25899097945193
55958.36324009603,3155.490054407701,5.559191872262993,0.0819291627645442,26093.81080897221,63.37764204920625
55450.808460532564,3083.3579513776535,5.506616683785285,0.07297570719795994,19855.36562447845,63.496293118960565
55019.62236310697,3005.749812791948,5.449132442948801,0.06315985517521794,14677.517260617169,63.61494418871489
54125.92834370619,2935.0294195288193,5.332019120062657,0.06180000000000001,14948.471636342243,63.73359525846921
54122.430506960016,2865.780146166556,5.237069247526436,0.0579474303559203,15317.481116314702,63.85224632822353
53869.697913323966,2782.3223209340917,5.178372768005368,0.04607082181454224,15794.498289054034,63.97089739797784
52471.71818247119,2709.0929981513077,5.056977948853439,0.04416068516735859,11384.708917402379,64.08954846773216
50835.939632087415,2643.253509431086,4.936065528825496,0.0439,8647.790685161217,64.20819953748648
51072.47482819535,2576.583478218703,4.834559011209288,0.04081731101776386,8565.8298736629,64.3268506072408
51157.83769023692,2503.946462847227,4.774246280045239,0.030478348223414366,8566.246448521624,64.44550167699512
49810.953033074446,2449.5717215475543,4.684244085042314,0.028599999999999997,8047.140501141838,64.56415274674944
49526.82223745808,2384.8349436892313,4.5604498453798925,0.028599999999999997,5848.864835242772,64.68280381650376
49592.34858754539,2321.763067277273,4.456569779467765,0.02618587146799715,4837.563747056184,64.80145488625809
49229.75571406718,2268.6510168619625,4.416669653077991,0.017130979441695223,4859.692310431481,64.92010595601239
48270.29300377972,2228.2331027168034,4.343633131521994,0.0163,4845.812111789417,65.03875702576671
48006.42994952065,2174.717739954928,4.2467439275100745,0.015182382124687968,3515.650931885451,65.15740809552103
47800.30891071432,2130.7450194648923,4.195734605155793,0.009867465696509963,-784.8223729474316,65.27605916527536
47588.791863045066,2100.7260698571145,4.153362474889821,0.0073,-2158.522371772417,65.39471023502968
47473.75631583297,2071.662658367165,4.121788702647131,0.0033012543082610716,-1740.8700109553615,65.513361304784
46031.342914195666,2042.0460386826103,4.072498900066077,0.0018,-1570.1044966614975,65.63201237453832
45959.07599602596,2019.6696137023778,4.02937458403391,0.0015639006582441489,-1858.7981264603845,65.75066344429263
45421.10879505003,2009.1226087102345,4.015573698733632,0.0004209758801156106,-2983.575515647627,65.86931451404695
45010.690235185175,1994.1276528444646,3.9882553056889294,-0.0,-3297.7828155937727,65.98796558380127
