883741.7999999999,0.05146336555480957,0,0.006987094879150391,0.2972454266741664,0.477719783782959
962255.3,0.5416834354400635,0.0,0.49171876907348633,0.28936920094794516,0.5946497917175293
952543.0,0.6601235866546631,-1.328,0.6116411685943604,0.2696786366324204,0.710578203201294
951394.2000000001,0.7745516300201416,-1.596,0.7245903015136719,0.3917601353886937,0.8265132904052734
1002295.2999999999,0.892981767654419,-1.868,0.843501091003418,0.3048187206416628,0.9854285717010498
993940.6,1.0508811473846436,-2.24,1.0014092922210693,0.6344084741077012,1.318253517150879
1018983.8,1.381704568862915,-3.016,1.333219051361084,0.5929068231657482,1.4321637153625488
1035004.0,1.4946529865264893,-3.284,1.450179100036621,0.6531902431471366,1.5411031246185303
1037844.5999999999,1.6031286716461182,-3.54,1.557194471359253,0.6277439754162941,1.651047706604004
1051797.2,1.7155077457427979,-3.796,1.6650474071502686,0.682271691982379,1.8119544982910156
1074438.4,1.8754065036773682,-4.172,1.8259341716766357,0.9936855399263749,2.162745714187622
1092046.0,2.2267110347747803,-4.988,2.175748109817505,0.9415812774299184,2.279684066772461
1106207.2,2.3451380729675293,-5.264,2.2926712036132812,1.0463956659402527,2.398606538772583
1132044.2,2.462080478668213,-5.54,2.410614013671875,1.074871251258088,2.5155417919158936
1141192.5999999999,2.5745036602020264,-5.812,2.5275304317474365,1.142727965206987,2.67046856880188
1151531.6,2.7369208335876465,-6.176,2.6804656982421875,1.346601038812338,3.0052542686462402
1247088.7,3.0672261714935303,-6.96,3.018247604370117,1.2302752434714108,3.1182174682617188
1280821.2000000002,3.179654359817505,-7.22,3.1331818103790283,1.471711855155604,3.228134870529175
1331972.9,3.288602352142334,-7.48,3.2431211471557617,1.3811352593042017,3.337068557739258
1383250.2,3.396043062210083,-7.732,3.348083257675171,1.3859821674434158,3.5009679794311523
1490378.7,3.5624444484710693,-8.116,3.5169601440429688,1.6050018289837737,3.832789897918701
1703528.8,3.8899190425872803,-8.892,3.843775510787964,1.7822169078235248,3.939060926437378
1834614.5,3.9970333576202393,-9.14,3.949061393737793,1.9303505378280192,4.048023700714111
1967768.0,4.107482194900513,-9.392,4.060009717941284,1.6259041203341127,4.156934976577759
2096702.5000000002,4.217410326004028,-9.648,4.16994309425354,1.8191745823849743,4.311858177185059
2372450.6,4.37732195854187,-10.012,4.325839996337891,2.0675786245192995,4.6456708908081055
3271525.0999999996,4.707904100418091,-10.788,4.659671306610107,1.9167186086864945,4.759120464324951
3686233.5,4.819082021713257,-11.052,4.772110223770142,1.9976013882595254,4.86806583404541
4182003.7,4.9300196170806885,-11.308,4.8850390911102295,1.8979368396470875,4.977012872695923
4778324.0,5.03746771812439,-11.564,4.990995407104492,1.9024808160275768,5.125964403152466
5766084.9,5.18888258934021,-11.912,5.138901710510254,2.0866633253174314,5.458735227584839
5821122.100000001,5.5177085399627686,-12.0,5.471701622009277,2.07272846441721,5.565722703933716
5788204.5,5.625686407089233,-12.0,5.581707954406738,2.165122650820834,5.671656847000122
5746702.0,5.735119104385376,-12.0,5.691643953323364,2.026379905336043,5.781604528427124
5726964.0,5.843060493469238,-12.0,5.797591209411621,2.191780645586462,5.939500331878662
5679195.899999999,6.005482196807861,-12.0,5.9575207233428955,2.03183267699265,6.288600444793701
5629088.0,6.3565614223480225,-12.0,6.310586929321289,2.0909043699392384,6.404557704925537
5603167.5,6.471493244171143,-12.0,6.424515962600708,2.1221063410853844,6.521482706069946
5573445.600000001,6.591925859451294,-12.0,6.540449142456055,2.1036275038046455,6.645396947860718
5558198.199999999,6.7083656787872314,-12.0,6.663382530212402,2.0475851284450783,6.8002989292144775
5531379.2,6.868059396743774,-12.0,6.8178863525390625,2.048493923721182,7.168551445007324
5470285.399999999,7.237012147903442,-12.0,7.185536861419678,2.1245297951549844,7.290494918823242
5464165.5,7.356942653656006,-12.0,7.307468891143799,2.0603082623104854,7.408397436141968
5441836.9,7.478134870529175,-12.0,7.426911115646362,2.1463408817814127,7.531326055526733
5426861.0,7.597797155380249,-12.0,7.547334671020508,2.0584906717582925,7.710247993469238
5421681.1,7.784691572189331,-12.0,7.734231948852539,1.9679140759068616,8.149248361587524
5362132.899999999,8.213726282119751,-12.0,8.163268804550171,2.0088098633314218,8.266196966171265
5323157.8,8.330655097961426,-12.0,8.28119421005249,2.0554613541712854,8.38313364982605
5297884.800000001,8.448087453842163,-12.0,8.398110389709473,1.9857870496701935,8.500059843063354
5285227.4,8.562012910842896,-12.0,8.512042999267578,2.0615199893452996,8.655969381332397
5266074.2,8.71992564201355,-12.0,8.669951915740967,2.0051746822270218,8.991775035858154
5243767.100000001,9.052968502044678,-12.0,9.00720739364624,2.0712138056236995,9.100704431533813
5244456.399999999,9.161668062210083,-12.0,9.1146981716156,1.9985101835356147,9.209646224975586
5232049.199999999,9.270613670349121,-12.0,9.224648714065552,2.0045688187096147,9.31859016418457
5224655.3,9.379040241241455,-12.0,9.331568241119385,1.9654906218372759,9.468506574630737
5213313.8,9.530471563339233,-12.0,9.480506896972656,1.9748815063569793,9.787307262420654
5184991.3,9.852266073226929,-12.0,9.802295684814453,2.021532997196843,9.904253482818604
5167801.5,9.966708898544312,-12.0,9.922242403030396,2.0060834775031253,10.013173818588257
5167446.4,10.073148488998413,-12.0,10.02517294883728,1.98366652735929,10.123133420944214
5161974.100000001,10.182576417922974,-12.0,10.13610315322876,1.9742756428395865,10.28203272819519
5149797.1,10.344496250152588,-12.0,10.2950279712677,1.9588261231458546,10.616560459136963
5140418.9,10.675807476043701,-12.0,10.628845930099487,1.9212625850670122,10.724766254425049
5133651.2,10.786737203598022,-12.0,10.741756677627563,1.9560997373175582,10.83471155166626
5122643.8,10.89667797088623,-12.0,10.851702213287354,1.9173244722039016,10.943656921386719
5121975.5,11.007610321044922,-12.0,10.962646007537842,1.9039954748210874,11.097665548324585
5109777.600000001,11.165289640426636,-12.0,11.114539384841919,2.1202887505331773,11.459717750549316
5080974.699999999,11.519667625427246,-12.0,11.474706649780273,1.9912398213268006,11.56663727760315
5074980.199999999,11.632594347000122,-12.0,11.584626913070679,1.9270182884823157,11.683557748794556
5070468.7,11.744544267654419,-12.0,11.69755744934082,1.9766990969091864,11.793529748916626
5056453.600000001,11.85484528541565,-12.0,11.808204174041748,1.974578574598283,11.956149578094482
5049936.899999999,12.017619371414185,-12.0,11.975140571594238,2.0127479761945324,12.288962125778198
5029718.0,12.361409425735474,-12.0,12.307938575744629,2.0363766533731678,12.416908264160156
5024767.899999999,12.486850023269653,-12.0,12.43488883972168,2.0109303856423253,12.540804624557495
5028297.7,12.606271505355835,-12.0,12.559794425964355,2.102718708528542,12.654741525650024
5026731.2,12.727705478668213,-12.0,12.67574405670166,2.0333473357861607,12.832656383514404
5019337.3,12.895605087280273,-12.0,12.85062551498413,1.9839694591179864,13.196449756622314
4999954.4,13.269893884658813,-12.0,13.216425895690918,1.906721860649398,13.32635235786438
4994732.7,13.388827085494995,-12.0,13.342366456985474,2.006689341020518,13.437309503555298
4989949.600000001,13.505250215530396,-12.0,13.457306385040283,1.9133863593408051,13.554220199584961
4984978.5,13.619698286056519,-12.0,13.569233655929565,1.8549205299116096,13.721131086349487
4979130.2,13.786590814590454,-12.0,13.73912000656128,1.8864254328164662,14.08492136001587
4964112.6,14.153884410858154,-12.0,14.103921175003052,2.036073721614457,14.205844402313232
4962232.8,14.274316549301147,-12.0,14.225857019424438,2.083028144213017,14.324776649475098
4955277.5,14.394554853439331,-12.0,14.341796159744263,1.9748815063569793,14.448712825775146
4954776.3,14.513699293136597,-12.0,14.468707084655762,1.9221713803431157,14.613667964935303
4942035.3,14.685146808624268,-12.0,14.630638122558594,2.0248652465425465,14.975505590438843
4928855.8,15.041503667831421,-12.0,14.99150037765503,1.9721551205286687,15.094505071640015
4915842.9,15.159498929977417,-12.0,15.110518217086792,2.03667958513185,15.210479021072388
4910495.9,15.277742147445679,-12.0,15.22805905342102,1.9927544801203112,15.330428123474121
4902997.5,15.398434400558472,-12.0,15.347495555877686,1.9321681283802121,15.503333806991577
4897065.7,15.57192611694336,-12.0,15.520354509353638,1.920656721549605,15.866395473480225
4881024.6,15.933363437652588,-12.0,15.8853919506073,1.9412560811412334,15.983327865600586
4876784.6,16.04528284072876,-12.0,15.99931812286377,1.9860899814289041,16.09324550628662
4878685.3,16.15422749519348,-12.0,16.10826086997986,1.921868448584405,16.20218324661255
4866174.100000001,16.265158891677856,-12.0,16.220179319381714,2.0339531993035536,16.363088369369507
4816651.3,16.425565004348755,-12.0,16.377084016799927,1.9103570417537838,16.71289587020874
4816901.9,16.775871992111206,-12.0,16.728902339935303,1.8506794852898167,16.824824333190918
4818635.5,16.88930344581604,-12.0,16.84483551979065,1.9833635956005793,16.93576979637146
4819471.0,16.99873661994934,-12.0,16.95377230644226,1.957311464352344,17.04572629928589
4819805.2,17.110166549682617,-12.0,17.065693616867065,1.9748815063569793,17.20760416984558
4818948.8,17.2740957736969,-12.0,17.22862219810486,2.0515232413081748,17.554190158843994
4818593.7,17.62414813041687,-12.0,17.573179721832275,2.0133538397119253,17.67711591720581
4812912.5,17.738595724105835,-12.0,17.692123413085938,1.9597349184219581,17.788044929504395
4807962.4,17.86101746559143,-12.0,17.807061672210693,2.0051746822270218,17.915977001190186
4809549.7,17.98645329475403,-12.0,17.933990001678467,1.9318651966215157,18.09687042236328
4800380.5,18.15735149383545,-12.0,18.113866806030273,1.9130834275820945,18.443682432174683
4793446.0,18.504175662994385,-12.0,18.459657907485962,1.9500411021435582,18.55069088935852
4796599.9,18.61289143562317,-12.0,18.56697678565979,1.9748815063569793,18.661805868148804
4787806.6,18.724756717681885,-12.0,18.67978072166443,1.9700345982177652,18.773733139038086
4797331.0,18.835684061050415,-12.0,18.790720462799072,1.8958163173361697,18.937614679336548
4747098.3,18.99709677696228,-12.0,18.94963026046753,1.9924515483616005,19.271421432495117
4769948.399999999,19.341381788253784,-12.0,19.289411544799805,1.9933603436376899,19.396363019943237
4784276.7,19.459813356399536,-12.0,19.411341667175293,2.0969630051132384,19.51028823852539
4783253.3,19.57126021385193,-12.0,19.524275541305542,2.0057805457444147,19.62022066116333
4777760.1,19.68119478225708,-12.0,19.63521122932434,1.9179303357213087,19.782130002975464
4773478.3,19.841102361679077,-12.0,19.795135974884033,1.985484117911497,20.08414578437805
4734816.8,20.151111364364624,-12.0,20.098143577575684,1.9052072018558732,20.206055641174316
4765812.8,20.272236585617065,-12.0,20.221070528030396,1.9061159971319768,20.325401544570923
4763076.7,20.39148211479187,-12.0,20.33636236190796,1.8879400916099627,20.448610305786133
4757875.8,20.506294012069702,-12.0,20.461658239364624,1.9391355588303298,20.591966152191162
4753385.2,20.64772629737854,-12.0,20.60245680809021,1.9327739918976334,20.881866216659546
4739015.1,20.939347505569458,-12.0,20.891870975494385,1.9897251625333041,20.987820386886597
4734921.3,21.04728364944458,-12.0,20.99880051612854,1.9364091730020192,21.09774947166443
4734294.7,21.157729387283325,-12.0,21.112759113311768,1.9779108239439722,21.204678773880005
4736237.100000001,21.26697540283203,-12.0,21.222668647766113,1.8997544301992804,21.35926842689514
4730388.8,21.424707889556885,-12.0,21.37323784828186,1.8782462753315485,21.696062326431274
4724289.899999999,21.757019996643066,-12.0,21.710042715072632,1.8855166375403627,21.80598783493042
4719966.300000001,21.866962432861328,-12.0,21.82099938392639,1.8446208501158026,21.914924383163452
4719402.399999999,21.977399110794067,-12.0,21.93092918395996,2.02940922292305,22.027860403060913
4718587.399999999,22.104825258255005,-12.0,22.048847198486328,1.9803342780135864,22.210857152938843
4712989.699999999,22.273791074752808,-12.0,22.227813243865967,1.8967251126122733,22.5686297416687
4705011.0,22.63607954978943,-12.0,22.58461833000183,1.9400443541064334,22.68955159187317
4699747.5,22.750503301620483,-12.0,22.70053720474243,2.0548554906538925,22.80348539352417
4691727.0,22.86643958091736,-12.0,22.81646752357483,2.02092713367945,22.918423891067505
4687507.9,22.979886531829834,-12.0,22.930408716201782,1.9170215404452051,23.07733678817749
4685168.6,23.139787912368774,-12.0,23.092328310012817,1.8903635456795627,23.41313362121582
4673430.2,23.47210144996643,-12.0,23.42813467979431,1.956705600834951,23.517056941986084
4672302.3,23.57703185081482,-12.0,23.530048370361328,1.903086679544984,23.62599754333496
4668688.9,23.687965393066406,-12.0,23.64299464225769,1.9479205798326404,23.734944820404053
4668124.899999999,23.795910120010376,-12.0,23.749937772750854,1.9373179682781227,23.889848709106445
4665576.7,23.956815719604492,-12.0,23.9068341255188,1.9979043200182076,24.2406587600708
4656595.399999999,24.30864119529724,-12.0,24.26162815093994,1.9070247924080803,24.358662605285645
4652271.899999999,24.419639348983765,-12.0,24.373672246932983,1.9258065614475157,24.468618869781494
4653378.899999999,24.53305459022522,-12.0,24.483579397201538,1.8927869997491769,24.58552050590515
4652104.8,24.652496814727783,-12.0,24.60151743888855,1.9388326270716334,24.753443956375122
4647363.5,24.819385528564453,-12.0,24.772412300109863,2.000024842329111,25.72020149230957
4622508.2,25.827151775360107,-12.0,25.783146858215332,1.8897576821621556,25.873177528381348
4620524.0,25.93515181541443,-12.0,25.89015245437622,1.9663994171133794,25.98214054107666
4617328.3,26.04603409767151,-12.0,25.997153759002686,1.9727609840460616,26.096243381500244
4614968.1,26.15875792503357,-12.0,26.110926151275635,1.9427707399347298,26.24957036972046
4612126.899999999,26.31616973876953,-12.0,26.263164043426514,1.9585231913871581,26.584052324295044
4605902.600000001,26.645528078079224,-12.0,26.595069408416748,1.9191420627561087,26.697004556655884
4605443.1,26.75447106361389,-12.0,26.70898747444153,1.9342886506911299,26.800949335098267
4599553.0,26.868900537490845,-12.0,26.811930418014526,1.943376603452137,26.926870822906494
4594707.3,26.989328622817993,-12.0,26.938873529434204,1.8594645062921131,27.093741416931152
4590279.3,27.156702518463135,-12.0,27.10872459411621,1.9261094932062122,27.4127414226532
4583177.8,27.482697248458862,-12.0,27.426733255386353,2.0051746822270218,27.54064178466797
4583240.4,27.601126194000244,-12.0,27.554646968841553,1.9603407819393652,27.65058398246765
4576995.3,27.70904517173767,-12.0,27.661572456359863,1.9309564013454263,27.758516311645508
4580525.2,27.818891048431396,-12.0,27.772533416748047,1.9358033094846263,27.90724229812622
4571898.899999999,27.974693059921265,-12.0,27.922218322753906,1.9500411021435582,28.24103617668152
4571731.8,28.305999994277954,-12.0,28.258021116256714,1.969731666459083,28.355988025665283
4568160.2,28.41693139076233,-12.0,28.370957612991333,1.9227772438605086,28.465927600860596
4565507.600000001,28.531864404678345,-12.0,28.483891248703003,1.9527674879718404,28.58183526992798
4565549.3,28.643327474594116,-12.0,28.596854209899902,1.825536149317685,28.734747409820557
4560787.2,28.798715591430664,-12.0,28.74873971939087,1.969731666459083,29.09553861618042
4557758.6,29.15750813484192,-12.0,29.11152935028076,1.9258065614475157,29.205488204956055
4555001.5,29.26646614074707,-12.0,29.218467712402344,1.8961192490948804,29.31546950340271
4555461.0,29.375543355941772,-12.0,29.327760457992554,1.9603407819393652,29.425323963165283
4556860.399999999,29.485297918319702,-12.0,29.438320875167847,1.901874952510184,29.57624626159668
4552119.1,29.641223192214966,-12.0,29.590254068374634,1.8982397714057697,29.895069122314453
4540025.7,29.95953106880188,-12.0,29.90806484222412,1.9564026690762546,30.013010263442993
4535305.3,30.0794460773468,-12.0,30.023977994918823,1.9894222307745935,30.136935234069824
4535075.5,30.19888973236084,-12.0,30.14890718460083,1.9479205798326404,30.250847339630127
4534407.100000001,30.311816930770874,-12.0,30.263843536376953,1.990936889568104,30.403781414031982
4529457.0,30.469220876693726,-12.0,30.415751934051514,1.9345915824498263,30.73959231376648
4521499.1,30.80203604698181,-12.0,30.752569913864136,1.9345915824498263,30.853499174118042
4520997.8,30.9159574508667,-12.0,30.8694908618927,1.9185361992387016,30.964433908462524
4524841.0,31.02362060546875,-12.0,30.975423097610474,1.9676111441481652,31.073816537857056
4525404.899999999,31.133795022964478,-12.0,31.085835456848145,1.948829375108744,31.23472261428833
4518491.4,31.294211864471436,-12.0,31.247735261917114,1.911568768788598,31.55194926261902
4513165.3,31.616409063339233,-12.0,31.56493330001831,1.880972661159845,31.669857263565063
4521164.899999999,31.73083186149597,-12.0,31.684861660003662,1.9521616244544475,31.779793739318848
4515985.0,31.8427677154541,-12.0,31.790796279907227,1.9221713803431157,31.897002458572388
4516507.2,31.955704927444458,-12.0,31.90774655342102,1.9857870496701935,32.04766631126404
4514084.300000001,32.111122608184814,-12.0,32.05865931510925,1.8764286847793556,32.381479024887085
4506648.2,32.44209313392639,-12.0,32.39246416091919,1.879760934125045,32.493706941604614
4506857.100000001,32.55470132827759,-12.0,32.50872874259949,1.9594319866632617,32.6036434173584
4506334.899999999,32.668614625930786,-12.0,32.619632959365845,1.98124307328969,32.71957874298096
4505436.8,32.782495737075806,-12.0,32.73659682273865,1.9473147163152476,32.881361961364746
4502408.199999999,32.943326234817505,-12.0,32.899351596832275,1.8918782044730733,33.258143186569214
4495557.3,33.324113845825195,-12.0,33.277148485183716,1.8600703698095344,33.373077392578125
4491547.1,33.437050342559814,-12.0,33.39308285713196,1.9924515483616005,33.48301410675049
4491881.3,33.545488595962524,-12.0,33.50100874900818,1.9188391309974122,33.59196734428406
4485698.8,33.65393829345703,-12.0,33.60895586013794,1.8627967556378309,33.752878189086914
4483777.199999999,33.81633377075195,-12.0,33.76987171173096,1.9394384905890405,34.1016685962677
4479265.6,34.166136503219604,-12.0,34.12067914009094,1.8836990469881556,34.21459197998047
4475840.2,34.277570486068726,-12.0,34.231584787368774,1.830988920974292,34.323546171188354
4475756.7,34.38451361656189,-12.0,34.338547229766846,1.8612820968443344,34.43249487876892
4473062.3,34.49195981025696,-12.0,34.44348454475403,1.9003602937166733,34.597553730010986
4474566.1,34.66133975982666,-12.0,34.616361141204834,1.938529695312937,34.935184955596924
4470514.1,35.008140325546265,-12.0,34.95417141914368,1.9376209000368334,35.064107179641724
4469699.5,35.12556719779968,-12.0,35.07909440994263,1.9088423829602874,35.17506170272827
4468195.6,35.24350571632385,-12.0,35.192036867141724,2.0121421126771395,35.29696798324585
4467381.1,35.35944199562073,-12.0,35.31295943260193,1.97154925701129,35.45588159561157
4463391.7,35.52734637260437,-12.0,35.477885723114014,1.9418619446586263,35.80270576477051
4455684.5,35.86968398094177,-12.0,35.81868290901184,1.9691258029416616,35.92268180847168
4455454.7,35.985727071762085,-12.0,35.94167995452881,1.9142951546169087,36.03177189826965
4453115.399999999,36.094228982925415,-12.0,36.048754930496216,1.884607842264245,36.142709493637085
4454368.6,36.205183267593384,-12.0,36.16171073913574,1.8888488868860662,36.30162167549133
4450609.0,36.365630865097046,-12.0,36.31962871551514,1.9794254827374829,36.64788269996643
4441063.7,36.711979150772095,-12.0,36.663506746292114,1.915203949892998,36.76345610618591
4443298.600000001,36.826419830322266,-12.0,36.78044104576111,1.9721551205286687,36.8743953704834
4443382.1,36.93786120414734,-12.0,36.893375635147095,1.945194194004344,36.98432898521423
4443611.899999999,37.04630947113037,-12.0,37.000344038009644,1.897028044370984,37.144235134124756
4444196.7,37.21091914176941,-12.0,37.16321897506714,1.957917327869751,37.507564067840576
4438891.5,37.57507514953613,-12.0,37.52358531951904,2.0372854486492713,37.62856125831604
4432395.7,37.69498085975647,-12.0,37.64554476737976,1.9306534695867157,37.74740743637085
4430139.9,37.81338572502136,-12.0,37.76542282104492,1.959129054904551,37.863343238830566
4431163.4,37.93080472946167,-12.0,37.8823344707489,1.8455296453919061,38.03925800323486
4427612.6,38.10670232772827,-12.0,38.05523204803467,1.8812755929185556,38.414055824279785
4423289.1,38.4841206073761,-12.0,38.43202519416809,1.9779108239439722,38.537959814071655
4423330.8,38.60092282295227,-12.0,38.55694270133972,1.9149010181343016,38.64789390563965
4422035.8,38.71036672592163,-12.0,38.665879011154175,1.8864254328164662,38.7569580078125
4419195.2,38.81981348991394,-12.0,38.77482008934021,1.9351974459672334,38.91099810600281
4419257.899999999,38.97810244560242,-12.0,38.92728352546692,1.915203949892998,39.25616121292114
4416271.100000001,39.32761883735657,-12.0,39.27714562416077,1.9245948344127157,39.38008689880371
4414913.5,39.44317841529846,-12.0,39.397287368774414,1.8434091230810026,39.4910888671875
4413138.100000001,39.552541971206665,-12.0,39.50707793235779,1.8927869997491769,39.600034952163696
4414266.0,39.66649389266968,-12.0,39.618024826049805,1.824324422282885,39.768914222717285
4410276.600000001,39.83007454872131,-12.0,39.78629970550537,1.8009986768629602,40.114100217819214
4413159.0,40.17961668968201,-12.0,40.13106036186218,1.906721860649398,40.231184244155884
4413388.699999999,40.30462455749512,-12.0,40.25815534591675,1.9233831073779015,40.353087186813354
4446160.100000001,40.41477823257446,-11.792,40.36907696723938,1.9685199394242687,40.4634747505188
4529603.2,40.52594256401062,-11.536,40.48146438598633,1.8921811362317698,40.62837862968445
4753782.0,40.691850423812866,-11.152,40.643370628356934,1.7067868999071294,40.97617864608765
5024120.4,41.037278175354004,-10.34,40.99219012260437,1.648321070477948,41.08435034751892
4983244.899999999,41.14788746833801,-10.084,41.10334539413452,1.7213276243247435,41.19442629814148
4897232.8,41.25739026069641,-9.824,41.21243739128113,1.7422299156750825,41.303385972976685
4735255.5,41.36634421348572,-9.572,41.32335448265076,1.6486240022366445,41.45627546310425
4442337.8,41.52224636077881,-9.216,41.47028613090515,1.3605358997125734,41.81951904296875
3624387.5,41.89700889587402,-8.368,41.83551239967346,1.2841970965200602,41.960529804229736
3309810.6,42.03249955177307,-8.036,41.98151350021362,1.3517508787102486,42.08690071105957
3075522.8,42.147456884384155,-7.744,42.10245370864868,1.1424250334482764,42.19442820549011
2860054.1,42.2554132938385,-7.492,42.20842242240906,1.1930146371512507,42.34338045120239
2577684.8000000003,42.41334319114685,-7.144,42.35637354850769,1.0588158680469775,42.69353938102722
2069528.8,42.76248264312744,-6.328,42.71050715446472,1.1124347893369446,42.817547082901
1952499.8,42.877445936203,-6.036,42.832451820373535,0.8703923141353158,42.924437046051025
1849778.3,42.9884979724884,-5.788,42.94243383407593,1.0521513693555562,43.03757095336914
1761468.7,43.09854006767273,-5.524,43.05257296562195,0.8928092642791512,43.19085621833801
1648951.5,43.2590126991272,-5.164,43.210848808288574,0.6601576735972401,43.53664779663086
1477867.5,43.605191469192505,-4.356,43.552650928497314,0.4790044818944068,43.65959858894348
1415353.2,43.72366976737976,-4.068,43.67557978630066,0.6347114058664118,43.773765325546265
1371929.6,43.83376431465149,-3.804,43.785749435424805,0.6422846998339082,43.88369297981262
1333309.6,43.9452748298645,-3.548,43.89689755439758,0.6171413638617764,44.0486273765564
1305467.6,44.10947275161743,-3.16,44.06640815734863,0.21515092006634973,44.39754009246826
1265594.7000000002,44.46698355674744,-2.344,44.416515588760376,0.2518056628691028,44.52045726776123
1249866.6,44.583325147628784,-2.06,44.5391309261322,0.10397496462329059,44.629393100738525
1222066.3,44.69139647483826,-1.804,44.64639949798584,0.2199978282055497,44.739367961883545
1220165.6,44.8013710975647,-1.548,44.75637245178223,0.27997831642822746,44.89535689353943
1211831.7999999998,44.96031832695007,-1.184,44.90934109687805,-0.1726017310701593,45.24114227294922
1198088.3,45.30760455131531,-0.376,45.25613331794739,-0.4358494293808093,45.36008358001709
1188898.1,45.42055678367615,-0.096,45.37307596206665,-0.3167972482115431,45.47001028060913
1180689.6,45.52900958061218,0.0,45.48200726509094,-0.5439960672368613,45.57795429229736
1179018.7000000002,45.64642882347107,0.0,45.592965602874756,-0.22470599356663,45.750847816467285
1174736.9000000001,45.80583071708679,0.0,45.76086950302124,-0.1492759856502346,46.08467769622803
1170162.7,46.15513610839844,0.0,46.10366892814636,-0.17835743448546282,46.20859479904175
1167990.5,46.28105568885803,0.0,46.22857403755188,-0.18683952372907697,46.335529804229736
1165003.5999999999,46.39498257637024,0.0,46.35051345825195,-0.1644225735852416,46.441460847854614
1168199.3,46.50394105911255,0.0,46.4594624042511,-0.24742587546916184,46.59537124633789
1160283.2000000002,46.66532301902771,0.0,46.61135411262512,-0.01992412468516136,46.97669982910156
1157985.7,47.04614806175232,0.0,46.99369430541992,-0.1462466680632133,47.10062789916992
1156085.0,47.17932677268982,0.0,47.12260317802429,-0.10898606174308156,47.23904824256897
1158528.7,47.31003022193909,0.0,47.25906014442444,-0.12110333209108148,47.362998962402344
1155729.9000000001,47.422975301742554,0.0,47.37898087501526,-0.1726017310701593,47.51995921134949
1151656.9000000001,47.58863925933838,0.0,47.53891849517822,-0.1550316890655381,47.867273569107056
1149714.4,47.933510065078735,0.0,47.88603854179382,-0.10656260767346737,47.9839813709259
1149735.2999999998,48.04694676399231,0.0,48.002976179122925,-0.07960168114912847,48.09291648864746
1148983.4000000001,48.153897285461426,0.0,48.107914209365845,-0.14776132685673815,48.20188665390015
1144952.2000000002,48.265331983566284,0.0,48.21986699104309,-0.16866361820706288,48.36276030540466
1144618.0,48.42574071884155,0.0,48.37676978111267,-0.180780888555077,48.72556138038635
1142028.1,48.798051595687866,0.0,48.744555711746216,-0.10686553943217802,48.85452651977539
1144555.4,48.91903233528137,0.0,48.874534368515015,-0.07354304597512851,48.96650576591492
1141255.3,49.030497789382935,0.0,48.98050785064697,-0.09323361029066746,49.08349871635437
1145683.3,49.150153160095215,0.0,49.09886169433594,-0.1035332900864745,49.25779891014099
1144722.5,49.32985186576843,0.0,49.278369665145874,-0.14382321399362752,49.61570167541504
1140607.8,49.68215584754944,0.0,49.62969493865967,-0.16836068644835223,49.73661470413208
1138665.3,49.79859471321106,0.0,49.751614570617676,-0.12322385440199923,49.84756135940552
1135239.9,49.914016008377075,0.0,49.865546464920044,-0.1907776365921876,49.964513301849365
1134717.7,50.02595543861389,0.0,49.97948861122131,-0.07899581763173558,50.12741017341614
1136075.2999999998,50.1863648891449,0.0,50.14139699935913,-0.07748115883823914,50.47844696044922
1131167.0,50.54516577720642,0.0,50.49421000480652,-0.10868312998438512,50.5981388092041
1130122.6,50.66059708595276,0.0,50.61313438415527,-0.10595674415607448,50.71006369590759
1130289.7,50.77161741256714,0.0,50.725075006484985,-0.1474583950980275,50.81999087333679
1134132.9,50.87947607040405,0.0,50.83501195907593,-0.14715546333931684,50.970903635025024
1133422.7,51.038373708724976,0.0,50.98691272735596,-0.11262124284748154,51.32070541381836
1131835.3,51.38794541358948,0.0,51.33770036697388,-0.08505445280573554,51.439634561538696
1129328.9,51.50360441207886,0.0,51.45763850212097,-0.0008394238870295112,51.55259895324707
1133610.7,51.61554503440857,0.0,51.57058024406433,-0.11837694626279927,51.66253352165222
1138143.0999999999,51.723482847213745,0.0,51.6775016784668,-0.10474501712126028,51.8174307346344
1141088.2,51.88703274726868,0.0,51.834407567977905,-0.11353003812358509,52.18054246902466
1141965.4,52.25283694267273,0.0,52.19954752922058,-0.14654959982192395,52.309123039245605
1138435.6,52.371583223342896,0.0,52.325119972229004,-0.07566356828603205,52.42103886604309
1136952.6,52.48650908470154,0.0,52.437041997909546,-0.07051372838812142,52.53800296783447
1133715.1,52.604432821273804,0.0,52.5539824962616,-0.03355605382668614,52.70587468147278
1131689.1,52.76785635948181,0.0,52.720868825912476,-0.04112934779419675,53.08468008041382
1131877.1,53.14713716506958,0.0,53.099679708480835,0.014307164047991705,53.19775462150574
1131856.2000000002,53.25906825065613,0.0,53.214597940444946,-0.17805450272676637,53.30553412437439
1132482.8,53.36899781227112,0.0,53.32053017616272,-0.1668460276548558,53.419472455978394
1131501.0999999999,53.4799530506134,0.0,53.43447279930115,-0.09050722446235682,53.58137226104736
1131146.1,53.645357847213745,0.0,53.59639263153076,-0.10716847119087447,53.929171085357666
1134675.9,53.993147134780884,0.0,53.945173501968384,-0.1029274265690816,54.04412126541138
1131563.7999999998,54.10208225250244,0.0,54.05709648132324,-0.08899256566884617,54.149052143096924
1132963.2,54.21184062957764,0.0,54.16770052909851,-0.10777433470828157,54.258978843688965
1130853.6,54.32196092605591,0.0,54.27798342704773,-0.06839320607721788,54.42590832710266
1128597.9,54.4988534450531,0.0,54.44688820838928,0.030362547259102257,54.803664445877075
1129120.0,54.869649171829224,0.0,54.819682359695435,-0.043249870105086075,54.921597480773926
1128994.7,54.986576795578,0.0,54.93761229515076,-0.08323686225354265,55.0365571975708
1129475.1,55.103005170822144,0.0,55.05353784561157,-0.029617940963575506,55.15347766876221
1125652.7999999998,55.216330766677856,0.0,55.166465520858765,-0.1492759856502346,55.31165552139282
1127365.6,55.37362599372864,0.0,55.32366180419922,-0.1550316890655381,55.631489753723145
1127344.7000000002,55.69545578956604,0.0,55.64546871185303,-0.006595127302333026,55.74746656417847
1126049.7,55.81191086769104,0.0,55.76146101951599,-0.11534762867577797,55.86337351799011
1128451.7,55.928335428237915,0.0,55.87836503982544,-0.15260823499593812,55.98031497001648
1125444.0,56.04927086830139,0.0,55.995298624038696,-0.04961143703779669,56.158225774765015
1125193.3,56.21350693702698,0.0,56.170223236083984,-0.03476778086147192,56.49069881439209
1124337.0,56.5566623210907,0.0,56.501672983169556,-0.005383400267547245,56.61365866661072
1126446.5,56.67212247848511,0.0,56.62465524673462,-0.07990461290783912,56.721587896347046
1126363.0,56.78257346153259,0.0,56.73459839820862,-0.12140626384979214,56.832544803619385
1126321.2,56.89307141304016,0.0,56.84652519226074,-0.1580610066525452,56.98609280586243
1125673.7000000002,57.04806065559387,0.0,56.998085498809814,-0.09868638194726032,57.30191135406494
1123104.7,57.365395069122314,0.0,57.31392240524292,-0.054761276935707315,57.41884446144104
1123626.8,57.48081851005554,0.0,57.43185472488403,-0.026285691617871976,57.53078269958496
1125715.5,57.59575057029724,0.0,57.54278922080994,-0.13473526123262047,57.64970874786377
1124420.5,57.71167993545532,0.0,57.66170883178711,-0.0641521614554108,57.8116180896759
1122874.9,57.871082067489624,0.0,57.822609424591064,0.03369479660482,58.131436586380005
1124963.6,58.19490122795105,0.0,58.14343738555908,-0.007200990819740127,58.24836611747742
1125632.0,58.30882930755615,0.0,58.26235604286194,-0.125647308471585,58.357314586639404
1127825.0999999999,58.4206817150116,0.0,58.370309829711914,-0.1398851011305311,58.47205948829651
1124462.3,58.53752160072327,0.0,58.485039710998535,-0.07657236356213559,58.63897228240967
1127261.0999999999,58.693931341171265,0.0,58.64796686172485,0.0012810984238598166,58.92679309844971
1127741.5,58.9877495765686,0.0,58.93677854537964,-0.03628243965498257,59.04071927070618
1127616.2,59.097692251205444,0.0,59.05172538757324,0.023698048567695196,59.14566659927368
1125903.5,59.206624269485474,0.0,59.156652212142944,-0.026285691617871976,59.2585928440094
1121767.9000000001,59.31557631492615,0.0,59.267587661743164,-0.11019778877786734,59.40250897407532
1125673.7000000002,59.46198606491089,0.0,59.411513805389404,-0.015077216545961392,59.706334590911865
1131918.9000000001,59.76517343521118,0.0,59.71532988548279,-0.09232481501456391,59.81599521636963
1133819.6,59.875959157943726,0.0,59.82798528671265,-0.08808377039275683,59.92492890357971
1132817.0,59.98389506340027,0.0,59.93492341041565,-0.07384597773382495,60.034892320632935
1135803.7999999998,60.09534311294556,0.0,60.044869899749756,-0.09141601973846036,60.18380689620972
1134028.4000000001,60.24775528907776,0.0,60.1947968006134,-0.09565706436025323,60.537155866622925
1130999.9,60.601550340652466,0.0,60.55057239532471,-0.08596324808183908,60.65452194213867
1129934.5999999999,60.71499967575073,0.0,60.668503284454346,-0.09595999611896389,60.76349472999573
1131522.0,60.82654094696045,0.0,60.78150939941406,-0.08626617984054974,60.87456727027893
1130435.9,60.93758797645569,0.0,60.89161276817322,-0.06839320607721788,61.03359031677246
1129934.5999999999,61.09708857536316,0.0,61.04959464073181,-0.04839971000298249,61.384580850601196
1127386.4,61.44768953323364,0.0,61.40003728866577,-0.01113910368285076,61.497318267822266
1126195.9,61.56128191947937,0.0,61.512309551239014,-0.04264400658767897,61.61225938796997
1128785.9,61.67572093009949,0.0,61.62924337387085,-0.029012077446168405,61.725204944610596
1129391.5999999999,61.78671860694885,0.0,61.74018049240112,-0.06536388849022501,61.880260944366455
1128660.5,61.944709062576294,0.0,61.89724373817444,-0.05385248165960377,62.22706127166748
1126906.0,62.29659581184387,0.0,62.24504017829895,0.015518891082791697,62.35016870498657
1128242.8,62.42108917236328,0.0,62.36713886260986,-0.11110658405397089,62.478036880493164
1131083.4000000001,62.54677104949951,0.0,62.49602699279785,-0.13412939771521337,62.59950256347656
1131668.2,62.66226387023926,0.0,62.61676836013794,-0.07929874939043202,62.75376081466675
1131125.2,62.82069492340088,0.0,62.76972413063049,-0.13776457881961335,63.102545738220215
1128848.5,63.16901087760925,0.0,63.11852717399597,-0.020832919961264906,63.22246265411377
1130644.8,63.2854425907135,0.0,63.239471435546875,-0.12352678616070989,63.33339834213257
1128577.0,63.39338564872742,0.0,63.34642148017883,-0.14473200926973107,63.442349672317505
1126989.5999999999,63.50870203971863,0.0,63.460325717926025,-0.16775482293094512,63.612236976623535
1123250.9,63.67231249809265,0.0,63.62944841384888,-0.06203163914452148,63.94507598876953
1127261.0999999999,64.01502776145935,0.0,63.96006417274475,-0.09626292787766033,64.0719780921936
1126968.7,64.13344931602478,0.0,64.08696460723877,-0.15230530323722746,64.1819257736206
1124942.7000000002,64.25588250160217,0.0,64.20292401313782,-0.022347578754761344,64.31183433532715
1124900.9000000001,64.37179970741272,0.0,64.32882404327393,-0.027800350411368413,64.47475671768188
1128702.3,64.53821396827698,0.0,64.49074077606201,-0.06506095673151435,64.8365409374237
1130039.1,64.89979577064514,0.0,64.84953427314758,0.019759935704598774,64.9520378112793
1129496.0,65.01949572563171,0.0,64.97001481056213,-0.15836393841124163,65.07198548316956
1129516.9000000001,65.14118552207947,0.0,65.08846807479858,-0.1204974685736886,65.19590067863464
1127574.4000000001,65.25985217094421,0.0,65.21388339996338,-0.04718798296819671,65.36283111572266
1129642.2,65.43291306495667,0.0,65.37806916236877,-0.020832919961264906,65.72614479064941
1130916.3,65.79564452171326,0.0,65.74312806129456,-0.02265051051345779,65.85015964508057
1130791.0,65.91195940971375,0.0,65.8661208152771,-0.04688505120950026,65.958824634552
1128033.9,66.02227926254272,0.0,65.9778037071228,-0.09717172315376388,66.06975817680359
1127010.5,66.13140845298767,0.0,66.08574891090393,-0.13503819299131692,66.22365498542786
1125297.8,66.29212164878845,0.0,66.24366688728333,-0.06263750266192858,66.56844472885132
1119073.5,66.63742566108704,0.0,66.58645868301392,-0.014774284787250735,66.69139575958252
1120013.4,66.75635528564453,0.0,66.7073745727539,-0.0671814790424321,66.8073377609253
1120786.2,66.8702781200409,0.0,66.82330584526062,-0.039008825483279,66.91924357414246
1120034.2999999998,66.98020911216736,0.0,66.93323707580566,-0.11807401450408861,67.08217024803162
1119512.0999999999,67.15411734580994,0.0,67.10113954544067,-0.0308296679983755,67.45797753334045
1123689.5,67.52344703674316,0.0,67.47196698188782,-0.07324011421643206,67.57691192626953
1125068.0,67.6386206150055,0.0,67.58889269828796,-0.16411964182655936,67.69034934043884
1124253.4,67.75620794296265,0.0,67.70634436607361,-0.05627593572920375,67.8080952167511
1122979.2999999998,67.87953162193298,0.0,67.8220567703247,0.01461009580668815,67.98909449577332
1127010.5,68.05692434310913,0.0,68.00694918632507,-0.11716521922798506,68.49185848236084
1126425.7,68.54947400093079,0.0,68.50587224960327,-0.054761276935707315,68.59508657455444
1126091.5,68.65551543235779,0.0,68.60806965827942,-0.043249870105086075,68.70396041870117
1127616.2,68.7644350528717,0.0,68.71696615219116,-0.07505770476863916,68.81492447853088
1129600.4,68.87386918067932,0.0,68.82590413093567,-0.06203163914452148,68.96781015396118
1130811.9000000001,69.02778601646423,0.0,68.97780203819275,-0.08051047642523201,69.28862190246582
1127219.2999999998,69.35060453414917,0.0,69.3016345500946,-0.10504794887997093,69.4015576839447
1126154.0999999999,69.46003842353821,0.0,69.41255497932434,0.004613347769563347,69.50950336456299
1127428.2,69.5704710483551,0.0,69.52349758148193,0.024606843843798742,69.6194326877594
1127511.8,69.6774160861969,0.0,69.62945508956909,-0.02265051051345779,69.7813503742218
1123522.4,69.84185218811035,0.0,69.79334735870361,-0.09474826908414968,70.11499762535095
1125945.2999999998,70.17398118972778,0.0,70.12900257110596,-0.016591875339443618,70.22093629837036
1126279.4000000001,70.28390288352966,0.0,70.23492789268494,-0.08475152104703909,70.33388543128967
1127866.8,70.39184832572937,0.0,70.344886302948,-0.06748441080112855,70.43980979919434
1127866.8,70.50078201293945,0.0,70.45381307601929,-0.0577905945227144,70.59473204612732
1127866.8,70.65720725059509,0.0,70.60773205757141,-0.030223804480982608,70.92855477333069
1129663.0999999999,70.98551297187805,0.0,70.94052958488464,-0.12110333209108148,71.0334780216217
1129767.5,71.09094285964966,0.0,71.04346108436584,-0.14170269168272398,71.14040732383728
1126154.0999999999,71.2023823261261,0.0,71.15539693832397,-0.13958216937182044,71.25034379959106
1125068.0,71.31183123588562,0.0,71.26433396339417,0.005522143045666894,71.40430235862732
1127428.2,71.47129154205322,0.0,71.41932106018066,-0.09414240556675679,71.72486305236816
1126300.3,71.78834080696106,0.0,71.73885846138,-0.034464849102789685,71.83980178833008
1125423.0999999999,71.90328574180603,0.0,71.85381412506104,-0.07536063652732139,71.95473527908325
1130352.4000000001,72.01820397377014,0.0,71.96872091293335,-0.05415541341830021,72.0696632862091
1128973.8,72.13413071632385,0.0,72.0836546421051,-0.10747140294957092,72.2355899810791
1129015.6,72.29654240608215,0.0,72.2495665550232,-0.04203814307028608,72.5524411201477
1127470.0,72.61641502380371,0.0,72.56641459465027,-0.07142252366422497,72.66839051246643
1126154.0999999999,72.73058676719666,0.0,72.68038320541382,-0.16078739248085583,72.78279614448547
1127490.9,72.8457715511322,0.0,72.79379844665527,0.04035929529622706,72.8997220993042
1130456.7999999998,72.96469283103943,0.0,72.91171503067017,-0.07172545542293562,73.06265163421631
1133422.7,73.12111639976501,0.0,73.07264256477356,-0.010230308406761424,73.39546322822571
1135051.9,73.45343661308289,0.0,73.40846848487854,0.006430938321770441,73.49940896034241
1135866.5,73.55937480926514,0.0,73.51039910316467,-0.02870914568747196,73.60936045646667
1134404.4,73.67280745506287,0.0,73.62433791160583,0.009460255908777526,73.7232735157013
1134487.9000000001,73.7853376865387,0.0,73.73743724822998,-0.06566682024890724,73.87720966339111
1130582.1,73.94116425514221,0.0,73.88918972015381,-0.17805450272676637,74.19200420379639
1128932.1,74.25549006462097,0.0,74.2050154209137,-0.03810003020717545,74.30793952941895
1130143.5,74.37090301513672,0.0,74.31993460655212,-0.0490055735204038,74.4238703250885
1132817.0,74.48935294151306,0.0,74.43588972091675,-0.09777758667115677,74.54480051994324
1130060.0,74.60678219795227,0.0,74.55881905555725,-0.012956694235043642,74.70470809936523
1128054.7999999998,74.7651903629303,0.0,74.71872806549072,-0.06294043442061081,75.0225465297699
1129015.6,75.0915014743805,0.0,75.03652596473694,-0.10747140294957092,75.14845824241638
1130811.9000000001,75.20993638038635,0.0,75.16145968437195,-0.10201863129296385,75.25939416885376
1125318.7,75.32086563110352,0.0,75.2743809223175,-0.1268590355063992,75.36832666397095
1122979.2999999998,75.428790807724,0.0,75.38031816482544,-0.04234107482898253,75.53124737739563
1126697.2,75.58921456336975,0.0,75.54223155975342,-0.051429027590003784,75.8340835571289
1125945.2999999998,75.89753270149231,0.0,75.84605002403259,0.07307592523585527,75.9500162601471
1127553.5,76.01396250724792,0.0,75.96199989318848,-0.05627593572920375,76.06693744659424
1125652.7999999998,76.13140082359314,0.0,76.07892274856567,-0.13655285178481336,76.18585562705994
1127198.5,76.24884414672852,0.0,76.1998724937439,-0.04839971000298249,76.34376358985901
1124817.4,76.40374565124512,0.0,76.35378003120422,-0.1262531719889921,76.66258931159973
1125381.2999999998,76.7325541973114,0.0,76.6736011505127,-0.04961143703779669,76.79352807998657
1126049.7,76.85426235198975,0.0,76.807288646698,0.024303912085116508,76.90322589874268
1129349.8,76.965167760849,0.0,76.9181957244873,-0.11504469691708152,77.01513886451721
1125987.0,77.08528065681458,0.0,77.03414678573608,-0.006595127302333026,77.19137692451477
1128493.4,77.25635552406311,0.0,77.21336531639099,-0.05112609583129313,77.5361909866333
1128702.3,77.60116171836853,0.0,77.55319857597351,-0.03688830317238967,77.65111351013184
1129057.4,77.71561336517334,0.0,77.66911172866821,-0.18108382031377346,77.76411390304565
1133401.7999999998,77.82509160041809,0.0,77.78210425376892,-0.04961143703779669,77.87105441093445
1132524.6,77.93353199958801,0.0,77.88905048370361,-0.05900232155750018,78.03615760803223
1130435.9,78.09812617301941,0.0,78.0531325340271,0.01188370997837751,78.38095355033875
1126091.5,78.44239449501038,0.0,78.39291858673096,-0.031132599757071944,78.4938690662384
1129370.7,78.55632948875427,0.0,78.50885367393494,0.03854170474401997,78.60580945014954
1123710.4,78.66677403450012,0.0,78.62078905105591,-0.012653762476347197,78.71573305130005
1127177.6,78.7776997089386,0.0,78.73172974586487,-0.026285691617871976,78.90064811706543
1130247.9000000001,78.97633814811707,0.0,78.92287850379944,-0.032950190309264826,79.3498809337616
1129913.7,79.41332364082336,0.0,79.36399841308594,-0.04839971000298249,79.46524453163147
1131751.8,79.52551531791687,0.0,79.47756505012512,0.025212707361191633,79.57449960708618
1129913.7,79.63522839546204,0.0,79.5884919166565,-0.01719773885685072,79.68296313285828
1131501.0999999999,79.74343657493591,0.0,79.69595551490784,-0.07536063652732139,79.84388899803162
1131563.7999999998,79.90583491325378,0.0,79.85686349868774,-0.02810328217006486,80.17569470405579
1125172.4000000001,80.23514580726624,0.0,80.18667507171631,-0.04082641603548609,80.28461718559265
1123522.4,80.3455970287323,0.0,80.29762434959412,-0.13594698826740625,80.39555239677429
