19668.709730001632,-1380.232787216404,0.09743154048919678,0.0,0.01395559310913086,-0.008355711871471293,0.38126301765441895
19920.1,-1305.71,0.4427623748779297,0.0,0.39525580406188965,-0.006367485136777415,0.47921228408813477
19883.81639830835,-1381.0928138772304,0.5401753187179565,-0.072,0.5021946430206299,-0.009582490069473894,0.5781514644622803
20084.499999999996,-1335.33,0.6466282606124878,-0.072,0.5941441059112549,-0.008546074005644107,0.6920926570892334
20294.990029661007,-1378.366864473392,0.7400578260421753,-0.272,0.7020809650421143,-0.007922109232522095,0.8180108070373535
20244.899999999998,-1301.4099999999999,0.8654879331588745,-0.292,0.8280112743377686,0.11996951790924949,1.0278916358947754
20399.45278248904,-1393.7345995071842,1.0833603143692017,-0.292,1.0448822975158691,0.12078384481654433,1.1248342990875244
21313.299999999996,-1432.34,1.1808032989501953,-0.48,1.1388270854949951,0.12211637975575405,1.2177822589874268
21492.0092363048,-1509.429811183769,1.2857449054718018,-0.652,1.2457668781280518,0.11868986134064333,1.3257203102111816
21542.8,-1446.87,1.3791905641555786,-0.652,1.3417103290557861,0.12102708532132071,1.4596412181854248
22948.6343562994,-1607.8214502864091,1.5111122131347656,-1.008,1.470637559890747,0.4397779033195838,1.6555278301239014
22784.67215327847,-1519.5348046519537,1.7015085220336914,-1.144,1.664557933807373,0.438889546693444,1.7384920120239258
22902.15577114045,-1615.7333191995335,1.7919682264328003,-1.144,1.75447416305542,0.44261218398393465,1.828434705734253
24309.699999999997,-1698.8699999999997,1.8759104013442993,-1.32,1.8384604454040527,0.43850882242509837,1.9123835563659668
24669.914107165536,-1749.9777492657258,1.9588581323623657,-1.684,1.9223823547363281,0.4393231493323932,2.0383150577545166
24614.699999999997,-1660.3199999999997,2.08881413936615,-1.756,2.0493030548095703,0.5918666728495448,2.2271981239318848
24616.212335007058,-1752.347827478307,2.2776702642440796,-1.756,2.2402267456054688,0.592955967283978,2.314157724380493
25742.7,-1865.6299999999999,2.36162269115448,-1.92,2.323178768157959,0.5916657350412512,2.398102045059204
27151.223141586812,-1967.1868843540678,2.445591688156128,-2.332,2.4070968627929688,0.591232132402302,2.482060670852661
27071.299999999996,-1876.3399999999997,2.545520305633545,-2.472,2.508037567138672,0.5934001455970479,2.6319665908813477
27043.81948986265,-1966.0568459327617,2.6824591159820557,-2.472,2.6449618339538574,0.9502445417781161,2.819958209991455
29773.699999999993,-2192.31,2.866439461708069,-3.144,2.8289763927459717,0.9729822411376471,2.9019007682800293
29693.179874935875,-2267.8048375596395,2.9633642435073853,-3.276,2.925887107849121,1.0025941286756412,2.9988460540771484
29450.799999999996,-2187.3199999999997,3.0498327016830444,-3.276,3.011871099472046,1.0405079203983942,3.08479642868042
30495.006335209062,-2387.998803960531,3.1307698488235474,-3.432,3.093794345855713,1.0965801445864098,3.208723783493042
32741.1,-2460.3599999999997,3.2577617168426514,-4.052,3.218719244003296,1.368745118082936,3.3937418460845947
32176.365290958725,-2521.705651169535,3.440179705619812,-4.144,3.4027020931243896,1.3711563717824582,3.4766643047332764
32327.099999999995,-2439.6699999999996,3.5316457748413086,-4.144,3.4886531829833984,1.3695382936419893,3.5686087608337402
33640.64378188858,-2663.3405535788215,3.6201025247573853,-4.328,3.579598903656006,1.3688085721276604,3.6565566062927246
35308.7,-2712.56,3.7045466899871826,-4.824,3.6665494441986084,1.3665453778658279,3.788480520248413
35017.92562739696,-2781.797362907702,3.8399852514266968,-5.06,3.799473524093628,1.6259878153951375,3.982403039932251
34881.4,-2675.2999999999997,4.033904671669006,-5.06,3.9953951835632324,1.627838558366262,4.070415019989014
36053.92583347834,-2880.257928769578,4.117992281913757,-5.216,4.079439401626587,1.626484872078811,4.155547380447388
38197.1381971382,-2958.0129580129583,4.20253050327301,-5.692,4.165532827377319,1.626379115337604,4.2374913692474365
38666.17598380747,-2979.7283310349244,4.284502983093262,-5.98,4.246486186981201,1.626146450506948,4.3655149936676025
38059.7,-2870.72,4.412015199661255,-6.0,4.374510288238525,1.8778897972763793,4.567391872406006
37920.45137489537,-2945.6072050377666,4.624863982200623,-6.0,4.583383560180664,1.8782493701964835,4.663337230682373
39309.1,-3088.2699999999995,4.712810516357422,-6.2,4.673332214355469,1.8788098809248812,4.748287200927734
40878.208102659286,-3205.7025824826396,4.794856786727905,-6.692,4.757407188415527,1.8795290267650897,4.830331325531006
40758.74075874076,-3147.9231479231476,4.877825617790222,-6.932,4.839335203170776,1.8787358512060361,4.9592578411102295
40711.162046023426,-3173.498378449732,5.011728882789612,-6.94,4.97424840927124,2.4227062252789846,5.164262533187866
43592.230776692326,-3376.2901288703865,5.2107685804367065,-7.724,5.173263072967529,2.395833437338255,5.247215270996094
43405.745578112925,-3443.866759869556,5.307685375213623,-7.856,5.27020001411438,2.3644448365479818,5.343163967132568
43462.03038609115,-3338.5800157400467,5.393672943115234,-7.856,5.356156587600708,2.338999764613548,5.43020486831665
45069.59715751189,-3524.879271257409,5.476703882217407,-8.02,5.439201831817627,2.3196991593432488,5.554192304611206
46794.94038482115,-3546.040638121914,5.603158950805664,-8.636,5.563183307647705,2.591525711267912,5.746077299118042
46133.13786099797,-3594.5742426530373,5.793568730354309,-8.724,5.7550811767578125,2.59090174649479,5.83102822303772
47843.2,-3690.5199999999995,5.962058067321777,-8.724,5.844020128250122,2.588437614424664,6.078064441680908
46957.60264328458,-3698.40834906717,6.123558402061462,-9.52,6.086092948913574,2.5896326656003046,6.159026622772217
47035.299999999996,-3651.6199999999994,6.210011839866638,-9.528,6.171010732650757,2.5922342814339996,6.286978244781494
50365.26205364777,-3850.537067723235,6.3364386558532715,-9.896,6.295937776565552,3.032827440976987,6.475934028625488
49336.49999999999,-3705.6899999999996,6.522918105125427,-10.244,6.484957456588745,3.0320871437885373,6.559879302978516
50114.30411494814,-3781.3861299006767,6.610349893569946,-10.244,6.572870969772339,3.0304267629515858,6.646827936172485
49865.1,-3848.7599999999993,6.693318247795105,-10.404,6.655831336975098,3.032933197718194,6.728788614273071
50203.65712799948,-3885.065977309206,6.776754856109619,-10.768,6.738776683807373,3.0371846187147202,6.8497138023376465
50244.5,-3754.649999999999,6.899686574935913,-10.856,6.860705852508545,3.1789092276063835,7.037608623504639
50063.00214207282,-3814.769702169873,7.087592601776123,-10.856,7.049596786499023,3.1756413443030835,7.123559951782227
51998.251998252,-3862.7238627238626,7.170061469078064,-11.004,7.132548570632935,3.172066766450283,7.206506729125977
52962.853699879495,-3885.4459906096713,7.253995776176453,-11.308,7.216535329818726,3.174488595823926,7.289461135864258
50556.799999999996,-3777.86,7.337602853775024,-11.348,7.299453496932983,3.1737588743095966,7.4135682582855225
51909.46492180734,-3850.0109003706125,7.465543270111084,-11.348,7.426560640335083,3.405408440249675,7.614452600479126
51460.00292000585,-3788.4375768751543,7.661929965019226,-11.708,7.624451637268066,3.422551607999349,7.6984381675720215
51052.13577261626,-3865.3114205883,7.748379111289978,-11.708,7.71043062210083,3.4449826128093797,7.7843544483184814
51877.3,-3841.2599999999993,7.833333969116211,-11.856,7.795356035232544,3.46458991262918,7.870306730270386
52201.37484674479,-3910.6629625407263,7.919280529022217,-11.928,7.880298376083374,3.491547305962875,8.00623345375061
51893.9518939519,-3805.8638058638057,8.057263374328613,-11.928,8.018253326416016,3.5144119134118545,8.243180990219116
51885.208441461684,-3870.3199799193776,8.29017448425293,-12.0,8.252173900604248,3.5165905022807213,8.32616662979126
51438.35143835144,-3765.9437659437663,8.378103375434875,-12.0,8.339133262634277,3.5154800564980464,8.41509199142456
51084.036857253144,-3837.790484876485,8.487561225891113,-11.928,8.450063228607178,3.513988886447026,8.523021221160889
51037.399999999994,-3748.6499999999996,8.575008392333984,-11.928,8.538018226623535,3.515057029533218,8.647948980331421
50717.52439582945,-3766.378056853933,8.69492769241333,-11.716,8.65694260597229,3.321627949865394,8.84883165359497
50097.2001944004,-3727.3474546949096,8.904301404953003,-11.708,8.862825155258179,3.320771320261616,8.940781354904175
50849.48143081294,-3791.830297721016,8.989750862121582,-11.528,8.951779842376709,3.320210809533218,9.025737762451172
50394.30078860158,-3682.9573659147322,9.09970510005951,-11.348,9.060709953308105,3.320062750095528,9.134668588638306
50470.21692780941,-3773.465844770412,9.185659408569336,-11.348,9.148660659790039,3.3220086741337393,9.25660490989685
51615.25161525162,-3827.3938273938275,9.30465817451477,-11.048,9.266592502593994,2.9259496783130707,9.444761991500854
50725.22610813989,-3867.5692324923702,9.491217017173767,-10.856,9.453755140304565,2.927906178025402,9.526679277420044
50731.09999999999,-3790.1999999999994,9.577149629592896,-10.856,9.539674997329712,2.927504302408815,9.612630128860474
52408.486705521405,-3953.57232860383,9.659199237823486,-10.696,9.622713804244995,2.929904980434217,9.695680379867554
52865.399999999994,-3914.0399999999995,9.741713285446167,-10.332,9.70467495918274,2.9292175616163707,9.818731546401978
52024.42085472991,-3965.788802608091,9.869170665740967,-10.244,9.827693223953247,2.7028875597590103,10.006596326828003
51949.59999999999,-3862.31,10.057079076766968,-10.244,10.019585132598877,2.706049686321103,10.093541145324707
53469.72491009677,-4044.0555860010963,10.142015933990479,-10.08,10.1045663356781,2.702305897682371,10.177497148513794
53922.507845015694,-4013.5680271360548,10.224137425422668,-9.668,10.186609506607056,2.704865210819584,10.259633302688599
53537.127336584126,-4063.2262761459415,10.323698997497559,-9.528,10.286619424819946,2.6994610413439,10.396819353103638
53180.6,-3951.64,10.447823524475098,-9.528,10.40981912612915,2.216903606889927,10.58374571800232
55607.84627461961,-4125.274384603461,10.630308747291565,-8.872,10.592739820480347,2.2281666998284853,10.665846824645996
54965.49999999999,-3967.7999999999993,10.73242712020874,-8.724,10.694859981536865,2.2369233580004346,10.768959760665894
54723.97006292227,-4056.4860334972063,10.819535255432129,-8.724,10.781075716018677,2.246473191731438,10.85499882698059
55957.5,-4127.85,10.902006387710571,-8.564,10.865002393722534,2.2632039081904045,10.97599458694458
56466.21985147495,-4131.130458435586,11.022468328475952,-7.956,10.984983205795288,1.9695597405547118,11.171874761581421
55302.49999999999,-3923.39,11.223347783088684,-7.856,11.180878639221191,1.970659610663266,11.259826183319092
55189.831644107544,-4022.870800478017,11.31080162525177,-7.856,11.272817134857178,1.9745726100879293,11.345782279968262
56396.1,-4082.4699999999993,11.392810344696045,-7.696,11.354767799377441,1.9748264262668265,11.428818702697754
57684.534327770125,-4107.981995333827,11.475296258926392,-7.236,11.43781304359436,1.9728805022286153,11.554746866226196
56049.09999999999,-3893.3099999999995,11.611234068870544,-6.94,11.571737289428711,1.736947788269649,11.765768766403198
55365.74853269571,-3941.2458260955655,11.815743565559387,-6.94,11.778734922409058,1.7371169990555804,11.850730895996094
56461.79999999999,-3981.2399999999993,11.898721933364868,-6.784,11.861724376678467,1.7387350771960493,11.934696674346924
57529.371057358076,-3993.393762175439,11.982189178466797,-6.312,11.944675207138062,1.7379842043334786,12.018668174743652
56681.299999999996,-3863.2799999999997,12.065198063850403,-6.02,12.027628183364868,1.7317551322763793,12.148653268814087
55872.643797245306,-3908.9689959768675,12.199628353118896,-6.0,12.158647298812866,1.5001372933586632,12.373682498931885
55089.799999999996,-3740.1099999999997,12.423672080039978,-6.0,12.385710954666138,1.5028446659335657,12.459648132324219
56447.47566164816,-3845.84460456116,12.506186246871948,-5.84,12.468628644943237,1.5018399768920978,12.541683435440063
57227.49999999999,-3769.15,12.588650465011597,-5.376,12.550705909729004,1.5000844149880597,12.625627040863037
56834.889221122736,-3708.7498062432182,12.6716810464859,-5.08,12.634657144546509,1.5009093175694752,12.756643772125244
55898.15589815589,-3525.7835257835254,12.805132746696472,-5.06,12.766638278961182,1.2585994721157192,12.964622497558594
55646.59198412746,-3583.6318434826785,13.015620827674866,-5.06,12.977608680725098,1.2605453961539304,13.051566123962402
57098.299999999996,-3593.1999999999994,13.098166346549988,-4.896,13.061562061309814,1.2595301314383418,13.133620500564575
58844.91841706301,-3572.6986171502176,13.180120348930359,-4.432,13.143605947494507,1.2620788689014337,13.215564489364624
57653.29999999999,-3431.2799999999993,13.26507019996643,-4.16,13.225558757781982,1.2590753774511514,13.350485563278198
57209.345117733996,-3485.358502189074,13.398482203483582,-4.144,13.360514879226685,1.021112134061008,13.535385370254517
56954.49999999999,-3310.26,13.585854530334473,-4.144,13.547407627105713,1.0204775936137653,13.621336460113525
57507.27026172943,-3379.3616570196527,13.667822122573853,-4.0,13.630358934402466,1.0217572501823715,13.704288482666016
58309.5,-3269.7099999999996,13.750309348106384,-3.548,13.713311672210693,1.0185633965979164,13.786357879638672
58083.991023676856,-3203.3453204315356,13.834303736686707,-3.288,13.796324729919434,1.0210592556904046,13.912251949310303
56853.29999999999,-3035.2099999999996,13.960224628448486,-3.276,13.922252655029297,0.7784955940577514,14.09614872932434
56636.38227337956,-3086.8080382813396,14.148723840713501,-3.276,14.110138177871704,0.7774380266456802,14.184278726577759
57177.75717775717,-3055.6030556030555,14.231268525123596,-3.108,14.194281101226807,0.779500283099219,14.267231702804565
57431.71010985384,-2994.014790517668,14.314722418785095,-2.672,14.27722430229187,0.7772053618150245,14.350181579589844
56515.056515056516,-2871.6328716328717,14.399155259132385,-2.476,14.360183000564575,0.7807059099489803,14.475116729736328
55478.58627193324,-2854.047037599278,14.525091052055359,-2.472,14.48710298538208,0.2847067936875821,14.680269718170166
54915.0,-2647.1899999999996,14.72675335407257,-1.796,14.689291000366211,0.27101129570125987,14.762249946594238
52774.95822337071,-2717.3559768830983,14.808711171150208,-1.756,14.771244049072266,0.2840511018920979,14.844202280044556
52045.6,-2570.2999999999997,14.895673036575317,-1.756,14.857160568237305,0.31151612758358727,14.933125495910645
54290.96305659615,-2556.677153731842,14.980124473571777,-1.584,14.943110942840576,0.3229590069821978,15.055047273635864
54390.299999999996,-2330.31,15.125073194503784,-1.152,15.064069032669067,0.2130354501715161,15.290003061294556
52703.02838782325,-2369.118704442429,15.359484910964966,-1.144,15.301996231079102,0.2110260720885808,15.415934085845947
53533.51413405653,-2241.188964755859,15.463438272476196,-0.808,15.425925016403198,0.213331569046896,15.49991750717163
52013.6604098123,-2288.58865765973,15.56636130809784,-0.652,15.528872728347778,0.2147910120755543,15.601832151412964
52074.46037230186,-2155.8807794038967,15.651312947273254,-0.652,15.613819599151611,0.21031750192249304,15.726877927780151
51631.70058271807,-2108.165353125947,15.773837924003601,-0.368,15.735848188400269,-0.03624376452778913,15.944841623306274
50765.60306241226,-1944.067776271105,15.991782307624817,-0.292,15.95480990409851,-0.03567267812527068,16.02676224708557
49442.28103755527,-2026.918915243118,16.078231811523438,-0.292,16.0407555103302,-0.03668794284085904,16.114712238311768
49937.09987419975,-1951.7139034278068,16.161686778068542,-0.148,16.124704360961914,-0.03609570509009916,16.197664737701416
49936.247896180575,-2031.4770387422786,16.244212985038757,-0.072,16.206662893295288,-0.03492180526270012,16.31868314743042
49531.99906399813,-1905.0438100876202,16.368151664733887,-0.072,16.33066701889038,-0.11698903643942613,16.508598566055298
48404.894171296,-1976.0291610206357,16.558040142059326,0.0,16.517560243606567,-0.11615355818388987,16.59351658821106
48030.54409163228,-1797.105391316174,16.643545866012573,0.0,16.60654592514038,-0.11634392031806269,16.678606510162354
47947.082253714376,-1885.952236423802,16.72958767414093,0.0,16.692599296569824,-0.11843790379396368,16.76554846763611
47730.94773094773,-1832.4018324018323,16.81261396408081,-0.072,16.774545431137085,-0.11488447728940442,16.896548986434937
47373.510699363775,-1868.50352911999,16.94705307483673,-0.072,16.910542011260986,0.037828257013678514,17.08457350730896
46656.299999999996,-1749.9699999999998,17.13105881214142,-0.292,17.093597412109375,0.03852625150564551,17.166523456573486
46555.52944353052,-1852.3248313690979,17.216649651527405,-0.292,17.17964196205139,0.03714083819583222,17.251657247543335
46691.399999999994,-1841.61,17.298665523529053,-0.448,17.260650634765625,0.032498117256839605,17.3346164226532
46619.73169060917,-1860.7351257294006,17.38215470314026,-0.648,17.343637228012085,0.02971671496309232,17.45971989631653
45989.7,-1832.5,17.512161135673523,-0.652,17.47367835044861,0.3513546919963098,17.657572031021118
46646.03261114139,-1926.9874445605597,17.705544233322144,-1.14,17.667564392089844,0.3432748769680858,17.74052405357361
46498.2,-1902.6899999999998,17.79152798652649,-1.144,17.753515005111694,0.3453477090957453,17.827481269836426
47297.05539693889,-2032.1711259894096,17.875463724136353,-1.304,17.8364679813385,0.3417202528723411,17.912434816360474
47449.74744974745,-2003.3820033820034,17.9594589471817,-1.676,17.920454025268555,0.33868503439969666,18.038442134857178
47058.09409138729,-2088.895200227208,18.086445569992065,-1.756,18.047436952590942,0.5292058036843255,18.24038338661194
46353.34635334635,-1986.1419861419863,18.291933059692383,-1.756,18.25438356399536,0.5291317739654804,18.327427625656128
47550.41181482533,-2144.0071842586335,18.374499440193176,-1.92,18.337418794631958,0.5273867877355629,18.409558057785034
48474.34847434847,-2153.022153022153,18.45653748512268,-2.324,18.418558597564697,0.5296394063232747,18.491511583328247
48169.48593200762,-2235.0582270379464,18.55947756767273,-2.472,18.52049422264099,0.524552507071212,18.632439613342285
48100.196200392405,-2140.394280788562,18.685402274131775,-2.472,18.647421836853027,0.8662419622372998,18.825412273406982
50725.67539863895,-2407.924277349707,18.87240171432495,-3.16,18.83344006538391,0.8694569671699963,18.90836262702942
50317.95095385286,-2286.2668588005763,18.96437907218933,-3.276,18.926385402679443,0.87886931713743,19.00043535232544
50212.8076610758,-2391.2760859390937,19.04989230632782,-3.276,19.012399435043335,0.9049066268226232,19.085369110107422
51278.453835361506,-2513.0675392026174,19.131327986717224,-3.432,19.09434700012207,0.9326466200412511,19.209280490875244
51798.15754104131,-2632.224231175397,19.25825607776642,-4.052,19.21827483177185,1.3200864414535396,19.399203777313232
50952.30761846095,-2488.9599116792933,19.447145342826843,-4.144,19.409164905548096,1.321609338526922,19.483124256134033
50742.47450165855,-2598.375746399631,19.535098671913147,-4.144,19.496150016784668,1.3214507034151115,19.571072578430176
52173.25651976955,-2732.5981977945935,19.621548175811768,-4.308,19.58106517791748,1.3227092086354761,19.657029390335083
53445.6102595283,-2860.651540849307,19.706010818481445,-4.792,19.66602635383606,1.3165541662972218,19.78795313835144
52726.810907243635,-2728.8409153636617,19.834420442581177,-5.06,19.79694700241089,1.5656747458847162,20.006916761398315
52007.81224217951,-2816.197302116366,20.061455130577087,-5.06,20.023905515670776,1.5687205400314812,20.096949577331543
53087.75926327779,-2949.4488483465448,20.14398729801178,-5.232,20.105977058410645,1.5690695372774648,20.18099021911621
53950.372461546314,-3081.9755412417785,20.22748291492462,-5.708,20.18998956680298,1.5684138454819807,20.26394009590149
53305.706611413225,-3022.5460450920905,20.310033798217773,-5.984,20.272969007492065,1.570169407386019,20.38196325302124
52568.07190601336,-3108.867048277352,20.429498553276062,-6.0,20.390957832336426,1.8299396908130705,20.568973779678345
52308.80923523695,-2983.1619326477307,20.622960090637207,-6.0,20.584966897964478,1.8301723556437262,20.65892243385315
53324.79974399232,-3181.615448463454,20.706429362297058,-6.176,20.66891646385193,1.828078372167825,20.742882251739502
54587.67293836468,-3236.736183680918,20.78992772102356,-6.648,20.752875566482544,1.828194704583153,20.82492184638977
53202.44287084325,-3249.394232432741,20.873014211654663,-6.924,20.83491802215576,1.8276659208771173,20.960087776184082
52183.31746653973,-3122.734981879855,21.00856304168701,-6.94,20.970086097717285,2.069362377231872,21.17896342277527
51938.606219580375,-3201.8228528627333,21.230432271957397,-6.94,21.191956281661987,2.067786601787886,21.26794457435608
52488.609954439824,-3322.813291253165,21.315402388572693,-7.112,21.277912139892578,2.0666761560052116,21.350860834121704
52949.98849965498,-3444.9633489004673,21.39735174179077,-7.58,21.359863758087158,2.067627966676075,21.43281364440918
52044.76022380112,-3383.496917484587,21.479289054870605,-7.844,21.441818237304688,2.0684740206057324,21.55274510383606
51479.895876772185,-3462.9273507478733,21.615726470947266,-7.856,21.562745571136475,2.3037616184433354,21.751638889312744
51228.85614428072,-3331.436657183286,21.802605032920837,-7.856,21.764623165130615,2.3034760752420764,21.83858036994934
52385.27155814674,-3519.205576167285,21.88655912876129,-8.016,21.848583936691284,2.3031165023219717,21.92156720161438
53493.52096112576,-3559.2913557481343,21.970008730888367,-8.468,21.930562734603882,2.3056017857403392,22.005491733551025
52415.42487817122,-3569.690660410473,22.051958084106445,-8.716,22.014512538909912,2.304364431868216,22.13241171836853
51236.1561807809,-3514.79757398787,22.18389928340912,-8.724,22.146414518356323,2.7806399158944863,22.322301864624023
52540.53383761664,-3738.6733762214158,22.368778824806213,-9.404,22.33129596710205,2.79718027021928,22.404290199279785
51662.758313791564,-3609.3580467902334,22.46422302722931,-9.528,22.426251649856567,2.812451543649588,22.500205993652344
51264.74300126204,-3691.355506087207,22.5511691570282,-9.528,22.51319169998169,2.821588926089883,22.588183879852295
52169.96084980424,-3780.928904644523,22.63513171672821,-9.692,22.597143173217773,2.834057645878203,22.710086584091187
52066.91407433631,-3812.7481951940513,22.761566162109375,-10.208,22.720074892044067,2.964233618630048,22.94694209098816
50717.15502008514,-3664.505651539561,22.993481636047363,-10.244,22.955974817276,2.9686330990642644,23.028993606567383
50491.06620518477,-3748.103687421685,23.079490661621094,-10.244,23.04197669029236,2.965164277952671,23.114941596984863
51612.00644802579,-3818.905275621102,23.16197383403778,-10.404,23.124964475631714,2.9677658937863662,23.197014093399048
52367.323387025004,-3855.189510874837,23.244474291801453,-10.768,23.20698595046997,2.964688372617239,23.319910287857056
51487.2059488238,-3724.854899419598,23.370463252067566,-10.856,23.329909324645996,3.140138806279853,23.50601887702942
51030.68401257242,-3788.725027925922,23.556490302085876,-10.856,23.5199773311615,3.144242167838689,23.591943502426147
52031.20406240813,-3835.4076708153416,23.64092481136322,-11.016,23.602935075759888,3.1399167171233175,23.676895141601562
51559.10145034786,-3852.6771383455653,23.72437584400177,-11.32,23.686879634857178,3.140424349481112,23.760845184326172
50888.70355481422,-3744.0149760599043,23.808345079421997,-11.348,23.77086615562439,3.141344433129614,23.88176941871643
50558.567315586784,-3817.5583443086734,23.934754729270935,-11.348,23.894795894622803,3.3547615368855848,24.06966495513916
51331.55399466199,-3754.9012647037944,24.131718397140503,-11.708,24.092681407928467,3.322833576715155,24.16778874397278
50872.127908093054,-3829.6225479215336,24.217732429504395,-11.708,24.180781602859497,3.298932553202345,24.25273823738098
52024.556073668224,-3805.54141662425,24.300185561180115,-11.856,24.261733770370483,3.286484984762267,24.336657524108887
51404.542136264085,-3876.5362960888824,24.38463020324707,-11.928,24.345659255981445,3.294575375464612,24.45858597755432
51061.05318315954,-3770.5613116839354,24.51062262058258,-11.928,24.471579790115356,3.4937999245505864,24.65456223487854
51143.334300029004,-3840.595217856536,24.70257043838501,-12.0,24.66459059715271,3.492900992250326,24.737515926361084
50939.15281745845,-3737.691213073639,24.789003491401672,-12.0,24.751508235931396,3.496253480946592,24.824472904205322
51249.53748612459,-3771.573147194416,24.872957587242126,-11.928,24.83546257019043,3.495724697240556,24.90841770172119
50849.05084905085,-3722.2637222637222,24.9593745470047,-11.928,24.92140769958496,3.492562570678463,25.037342071533203
50325.70911985535,-3736.6346257695213,25.086875200271606,-11.712,25.04833674430847,3.299461336908381,25.242313146591187
50126.900253800515,-3695.367390734782,25.29278862476349,-11.708,25.255340576171875,3.30137553392423,25.32829737663269
50653.01959058772,-3762.6128783863514,25.374788641929626,-11.552,25.33726716041565,3.3011640204418153,25.410308599472046
50210.20042040085,-3700.597401194803,25.457844495773315,-11.352,25.419337272644043,3.3037021822307864,25.494325160980225
50263.857651871906,-3749.328730533186,25.544806361198425,-11.348,25.50734567642212,3.304082906499132,25.631247758865356
51227.50245500491,-3789.8875797751602,25.678234934806824,-10.972,25.64026927947998,2.9117888506654372,25.819138050079346
50303.00969631028,-3831.692614163653,25.867607951164246,-10.856,25.82913112640381,2.9145173745885806,25.90308403968811
50369.799999999996,-3757.4,25.953574538230896,-10.856,25.916082859039307,2.9144962232403393,25.990070343017578
51576.602027866924,-3921.4394075004475,26.03704071044922,-10.696,25.999030351638794,2.9146125556556672,26.07299566268921
51588.55158855159,-3876.373876373876,26.121474504470825,-10.328,26.082990646362305,2.9141789530167177,26.19492530822754
50972.785993081736,-3929.825403539931,26.24390935897827,-10.244,26.205909967422485,2.6878595268334786,26.3899667263031
50513.49999999999,-3828.1899999999996,26.440500855445862,-10.244,26.401931285858154,2.687256713408598,26.47607135772705
52204.52274925073,-4007.1922373438324,26.52303409576416,-10.088,26.485056400299072,2.684676248923144,26.56001329421997
53146.299999999996,-3979.37,26.606988072395325,-9.672,26.57000708580017,2.685279062348025,26.642964601516724
52762.588402828886,-4027.2888732439433,26.707433581352234,-9.528,26.669983863830566,2.6846339462266613,26.787883043289185
52181.299999999996,-3928.8199999999997,26.852864980697632,-9.528,26.802873611450195,2.2639865080753374,26.99076533317566
54276.98258646019,-4076.83638192784,27.037758946418762,-8.82,26.999759674072266,2.2773012817933136,27.07371950149536
52838.6,-3934.3799999999997,27.131218910217285,-8.724,27.08574414253235,2.287221264118542,27.166664838790894
52588.43024133748,-4019.264597202514,27.218149542808533,-8.724,27.17965817451477,2.296358646558837,27.253626823425293
54093.99999999999,-4091.1099999999997,27.300620675086975,-8.564,27.26260805130005,2.298886232673687,27.380545616149902
54539.29071801226,-4091.2468286516887,27.42653524875641,-7.94,27.389570236206055,1.955969999309597,27.564433813095093
52611.899999999994,-3898.8399999999997,27.61196744441986,-7.856,27.57342767715454,1.95542006425532,27.64747929573059
52807.18983007457,-3989.9176773656754,27.698039770126343,-7.856,27.66050148010254,1.9519512431437263,27.733606100082397
53736.40747281495,-4053.258106516213,27.77957797050476,-7.696,27.74261784553528,1.953315505105298,27.81556510925293
56011.580347410425,-4085.252557576727,27.86203694343567,-7.24,27.82455325126648,1.9488948733228404,27.94249439239502
55070.56521169563,-3870.231610694832,27.996954441070557,-6.94,27.958473920822144,1.7164627074978296,28.147367477416992
54193.12579377382,-3914.087422622679,28.19802474975586,-6.94,28.16054916381836,1.7188951125455934,28.233501434326172
55132.62053048213,-3955.62582250329,28.279981017112732,-6.784,28.24250078201294,1.7185884179960929,28.315455198287964
56280.63213833202,-3971.895184960364,28.362080335617065,-6.316,28.324572324752808,1.71765775867347,28.398595094680786
55167.76550329651,-3840.771522314567,28.443616271018982,-6.024,28.40658140182495,1.7179750288970914,28.52170467376709
54438.14202054465,-3888.8544433421866,28.570147037506104,-6.0,28.530665397644043,1.4802444503376038,28.72164535522461
53687.561062683184,-3722.8211684635053,28.772650003433228,-6.0,28.73467230796814,1.483068155327834,28.808629751205444
55207.311426654225,-3825.138579295958,28.85558545589447,-5.84,28.817590951919556,1.482475917577074,28.892546892166138
56411.12564450258,-3746.2449849799395,28.938538789749146,-5.364,28.901540756225586,1.4824336148805912,28.973500967025757
55307.01451745004,-3683.064174989425,29.02597689628601,-5.08,28.98249626159668,1.486558127787669,29.10043454170227
54318.66295598887,-3510.6005318015955,29.147406458854675,-5.06,29.110422372817993,1.2432858959889281,29.2843279838562
53982.219466584,-3570.497114913447,29.346803307533264,-5.06,29.298348665237427,1.2441954039633094,29.382272005081177
54469.21787687151,-3581.5643262573053,29.432739734649658,-4.848,29.39126491546631,1.2425879014969612,29.469218254089355
55875.07625228757,-3532.985989579687,29.51569628715515,-4.356,29.47821593284607,1.2438992850879296,29.55216908454895
54513.67256836284,-3402.487012435062,29.599674701690674,-4.148,29.5611674785614,1.246342265809814,29.67809557914734
54660.73050045401,-3387.3448456556785,29.731064081192017,-4.144,29.690121173858643,0.6677894373621369,29.89900493621826
56179.76853930561,-3209.3396280188836,29.94494116306305,-3.336,29.90796709060669,0.7309790902333919,29.981918334960938
55767.017243500064,-3258.414494020327,30.03040897846222,-3.276,29.991914749145508,0.7723511273936177,30.06588363647461
55086.06525819577,-3111.769335308006,30.118844747543335,-3.276,30.080898761749268,0.8000065152192798,30.154829263687134
56082.7068120316,-3090.815087712982,30.222281336784363,-3.104,30.163815021514893,0.8107619758000439,30.318726778030396
52288.0,-2902.3199999999997,30.36719846725464,-2.476,30.328725576400757,0.5250284124066442,30.50563073158264
52368.52342422616,-2858.3186078768445,30.580575227737427,-2.472,30.51764726638794,0.5267839743106824,30.63654136657715
52608.5,-2734.9999999999995,30.683021903038025,-2.088,30.645570993423462,0.5266464905471131,30.718497037887573
51492.696273584486,-2680.2830887757523,30.7650249004364,-1.784,30.727490663528442,0.524552507071212,30.800509929656982
50318.399999999994,-2538.0099999999998,30.8494952917099,-1.756,30.809535264968872,0.5248168989242299,30.927444219589233
48696.56089682691,-2596.3578907367223,30.98142385482788,-1.756,30.941425561904907,0.12988950023447746,31.13334846496582
50444.55044455045,-2406.1324061324062,31.180322647094727,-1.156,31.14231014251709,0.14207267682153782,31.21526837348938
49901.296644085895,-2477.7142422842376,31.263261437416077,-1.144,31.22426986694336,0.15894087704407361,31.298222064971924
50120.90024180048,-2344.164688329377,31.348692059516907,-1.144,31.31121253967285,0.17685606900455994,31.384186506271362
50807.775041026274,-2326.9421352061913,31.431179404258728,-0.988,31.39317226409912,0.19186295058185043,31.506370782852173
49592.54959254959,-2129.0121290121288,31.575822234153748,-0.652,31.537327766418457,0.060238110475467475,31.753202199935913
48099.49108422361,-2166.947175362436,31.80372178554535,-0.652,31.76523208618164,0.05812297565132506,31.83924388885498
49330.4,-2082.66,31.8872332572937,-0.504,31.848247051239014,0.0649760124815465,31.922202825546265
48980.41839297018,-2070.3541809796106,31.972688913345337,-0.296,31.93122434616089,0.06062941041793383,32.00814700126648
48386.0,-2010.8,32.059619307518005,-0.292,32.02213668823242,0.06476449899913225,32.13208985328674
48057.08976978286,-1990.82171547318,32.181567311286926,-0.084,32.14107036590576,-0.10253208991641266,32.33505439758301
47179.228207717926,-1858.1014189858101,32.381523847579956,-0.072,32.34404277801514,-0.1062230001845412,32.416998863220215
47790.5292969375,-1938.932045825466,32.46608769893646,-0.072,32.42902898788452,-0.10790453236973442,32.501124143600464
47203.0,-1819.1599999999996,32.5715788602829,0.0,32.53410053253174,-0.10502794900890072,32.6090521812439
46886.70037441198,-1974.5531857019423,32.6595242023468,0.0,32.621044635772705,-0.10536637058076351,32.740976333618164
46587.7,-1853.9599999999998,32.796963930130005,0.0,32.75496745109558,-0.08165570920212695,32.93686890602112
46305.68178181702,-1938.4020288649235,32.98435842990875,-0.072,32.94586730003357,-0.08592828154689465,33.01981782913208
46185.799999999996,-1836.3199999999997,33.07128572463989,-0.072,33.033814668655396,-0.08171916324685122,33.10677194595337
46297.474114119876,-1861.2832836316431,33.1562397480011,-0.224,33.11676907539368,-0.0836968143074244,33.192723751068115
45964.1,-1755.4199999999998,33.23969113826752,-0.292,33.20171856880188,-0.07930790954732886,33.32065033912659
45909.12318281867,-1854.5574912822296,33.37412929534912,-0.292,33.3356671333313,0.18761152958532418,33.511531829833984
45453.1,-1763.6899999999998,33.56852042675018,-0.652,33.53051972389221,0.2256310780492842,33.60447859764099
45678.40738744378,-1865.6615668317054,33.65445268154144,-0.652,33.61750674247742,0.24922540701259294,33.68943738937378
45960.7,-1904.36,33.736403703689575,-0.796,33.698434591293335,0.274532995183457,33.77338194847107
46353.129653278556,-1936.423901988766,33.81887662410736,-1.104,33.781383991241455,0.3042083367661752,33.8983097076416
45749.2,-1823.1399999999996,33.94830083847046,-1.144,33.908305644989014,0.33698235086626205,34.086206912994385
45904.91486219045,-1922.3634379934538,34.13670587539673,-1.144,34.099194288253784,0.33595651047655295,34.17315316200256
46634.899999999994,-1988.9899999999998,34.22114324569702,-1.308,34.18314576148987,0.33548060514112094,34.25811052322388
46725.535393738784,-2029.8410444365552,34.30409240722656,-1.68,34.267104387283325,0.3364747185084679,34.34006214141846
46123.5,-1919.8899999999999,34.38658928871155,-1.756,34.34905815124512,0.33425382694311834,34.460254430770874
46291.72021020736,-2025.5108928812508,34.511245369911194,-1.756,34.47324848175049,0.8143154023046033,34.67342162132263
47265.1,-2142.74,34.721442103385925,-2.444,34.68245482444763,0.8216972228408603,34.758410930633545
47229.600265609566,-2231.3303278918042,34.805994510650635,-2.472,34.76849985122681,0.8428168440599224,34.8414523601532
46995.99999999999,-2140.12,34.89259445667267,-2.472,34.85456943511963,0.8459789706220153,34.927618741989136
48414.594510807874,-2335.651747811173,34.97506380081177,-2.628,34.93658375740051,0.854143391043205,35.05251121520996
48989.7,-2358.75,35.10251569747925,-3.212,35.06250619888306,1.0207525611409038,35.2424042224884
48498.051937662,-2432.4878396108675,35.289880871772766,-3.276,35.251396894454956,1.020562199006731,35.325356006622314
48244.299999999996,-2333.2499999999995,35.375860929489136,-3.276,35.33835506439209,1.0256596739329142,35.4113404750824
49868.69527302983,-2521.930789508422,35.45733189582825,-3.432,35.42030668258667,1.0244540470831531,35.49232792854309
51129.19999999999,-2578.69,35.540794134140015,-3.88,35.50231456756592,1.024929952418585,35.616283655166626
50451.11533792149,-2669.1807521455726,35.667723059654236,-4.144,35.63024425506592,1.2831561874240127,35.82122254371643
49952.4,-2540.87,35.872286915779114,-4.144,35.83330488204956,1.2797931230536266,35.90929579734802
51310.044541514406,-2742.883258030773,35.95523941516876,-4.308,35.91826272010803,1.2829129469192364,35.99122095108032
52311.399999999994,-2808.18,36.03918647766113,-4.772,36.00120735168457,1.2839387873089456,36.075167417526245
51791.80912970127,-2825.6632468871476,36.12313985824585,-5.044,36.08516049385071,1.283335973884065,36.21012234687805
50957.2,-2694.8599999999997,36.26058006286621,-5.06,36.21911811828613,1.5546866204732965,36.399982213974
50810.827568137305,-2789.58484588476,36.44961965084076,-5.06,36.411972761154175,1.5538299908695188,36.48620533943176
51758.882411175895,-2912.2208777912224,36.5326886177063,-5.22,36.49519467353821,1.5516090993041691,36.568150997161865
53315.3127206325,-3057.083940853989,36.61613714694977,-5.688,36.578153133392334,1.5518311884607041,36.65113806724548
52589.57410425896,-3001.309986900131,36.69759738445282,-5.976,36.66013264656067,1.5502871400390803,36.773041009902954
51888.06041793337,-3086.888780440974,36.82105588912964,-6.0,36.78303122520447,1.8091796425141127,36.97803854942322
51358.7,-2959.6,37.02749538421631,-6.0,36.99099659919739,1.8123629204244471,37.06296157836914
52438.28777836003,-3158.693712973667,37.11496198177338,-6.152,37.0719633102417,1.809496912737734,37.15590834617615
53429.899999999994,-3219.1099999999997,37.20438289642334,-6.672,37.16589546203613,1.809496912737734,37.24085330963135
52186.27433332733,-3230.179826114088,37.2893306016922,-6.932,37.2508590221405,1.8119187421113772,37.366780042648315
51204.7,-3185.3699999999994,37.42280852794647,-6.94,37.38077759742737,2.3198154917585763,37.56178021430969
52784.441886582266,-3450.85387817798,37.61078882217407,-7.688,37.57177424430847,2.2967499465013033,37.64574360847473
51158.99999999999,-3315.56,37.71519732475281,-7.856,37.677748680114746,2.2761273819659147,37.75067901611328
50744.22679216452,-3406.2926265345554,37.80067789554596,-7.856,37.763699769973755,2.256890230740339,37.83765649795532
51271.59999999999,-3514.38,37.88474488258362,-8.016,37.84678411483765,2.2354216122752937,37.959691286087036
52497.28490768685,-3609.6027264927006,38.005664706230164,-8.628,37.968679428100586,2.544347629015415,38.15257382392883
50510.299999999996,-3457.8499999999995,38.20254731178284,-8.724,38.162566900253296,2.5485250202930967,38.23952913284302
50560.17072631687,-3548.141281227405,38.29299604892731,-8.724,38.25351691246033,2.549212439110943,38.329474210739136
51688.799999999996,-3662.0199999999995,38.37794613838196,-8.9,38.34047865867615,2.5439986317694316,38.414424419403076
52195.32683643928,-3734.84071942518,38.46089518070221,-9.348,38.4234185218811,2.5467694583890585,38.537386894226074
50885.49999999999,-3596.5499999999993,38.58382558822632,-9.528,38.54638123512268,2.7505203959986977,38.76725387573242
50281.459288156504,-3645.850313060331,38.81670832633972,-9.528,38.77921438217163,2.7478976288167614,38.8521728515625
51200.387996120044,-3741.2325876741234,38.90314185619354,-9.672,38.86416459083557,2.754169003570343,38.939120054244995
51615.85493906792,-3802.659290415874,38.98709321022034,-10.096,38.94913911819458,2.7533969793595316,39.0231077671051
50873.49126508735,-3655.4234457655425,39.16049516201019,-10.244,39.05205726623535,2.7545180008163275,39.24094867706299
50632.87215052526,-3733.200662023171,39.29441797733307,-10.244,39.255940675735474,3.196570603387973,39.45282578468323
50362.7,-3780.8399999999997,39.50079894065857,-10.848,39.461853981018066,3.247259809448546,39.53777551651001
51242.842256636715,-3809.7795325041047,39.58875060081482,-10.856,39.550769329071045,3.2717847977344774,39.624727725982666
52180.899999999994,-3849.5599999999995,39.67171013355255,-11.004,39.63472104072571,3.2735509353126364,39.70771312713623
52268.92487452086,-3864.127516208035,39.75565433502197,-11.312,39.71667289733887,3.248877887589015,39.83461260795593
51046.28953710463,-3742.2025779742207,39.88259470462799,-11.348,39.84459853172302,3.275634343114416,40.04457449913025
51157.839366538465,-3797.82912619029,40.09457993507385,-11.348,40.05760216712952,3.278331140015198,40.13052439689636
51870.299999999996,-3808.74,40.18449294567108,-11.492,40.14155316352844,3.275031529689536,40.22147345542908
51377.39545404998,-3828.9363548997117,40.268948793411255,-11.708,40.231465101242065,3.276099672775728,40.30543065071106
51397.28602713974,-3783.6621633783666,40.35789954662323,-11.708,40.31741738319397,3.2759410376639173,40.44434332847595
51618.00339411201,-3865.4275591094506,40.514915466308594,-11.928,40.477452516555786,3.449498425658924,40.67034149169922
51572.799999999996,-3750.5899999999997,40.71982288360596,-11.928,40.682334184646606,3.4537181196330877,40.75635123252869
50750.17475576694,-3831.3364341023257,40.82584226131439,-12.0,40.78832936286926,3.451761619920756,40.86128640174866
47665.0,-3724.8499999999995,40.91777193546295,-12.0,40.87431359291077,3.4529566710963966,40.954235553741455
47683.121226121686,-3796.059066008244,41.0203720331192,-11.928,40.98037314414978,3.452649976546896,41.10145282745361
48163.299999999996,-3704.91,41.15191721916199,-11.928,41.11444449424744,3.308905413898177,41.30933237075806
47664.02992089763,-3758.8327649829494,41.35831701755524,-11.708,41.320318937301636,3.306473008850413,41.39428400993347
47419.6,-3683.56,41.44481039047241,-11.708,41.407302379608154,3.3002227854450723,41.48131513595581
48076.78653395562,-3747.0936540905855,41.529303550720215,-11.548,41.49030828475952,3.3055000468313076,41.56626605987549
47775.09999999999,-3686.0899999999997,41.61378526687622,-11.348,41.57626748085022,3.300497752972211,41.69331693649292
47573.41749619487,-3727.1467229885816,41.745299339294434,-11.348,41.70727515220642,2.9276100591500223,41.89831328392029
48566.7,-3744.1799999999994,41.94478702545166,-10.856,41.90730881690979,2.905422294844768,41.981268882751465
48429.34659778432,-3795.1790360872265,42.03178870677948,-10.856,41.993258476257324,2.8870523488970914,42.06829023361206
49687.7,-3877.99,42.115256786346436,-10.688,42.07828497886658,2.8577683072568396,42.1522421836853
49883.3962686806,-3905.544977439278,42.19872438907623,-10.324,42.161237478256226,2.8374735886191926,42.27216863632202
49311.549311549315,-3778.8337788337785,42.32165718078613,-10.244,42.282158851623535,2.6748514476650027,42.46505904197693
49041.620290228995,-3852.2394194220024,42.51652789115906,-10.244,42.47907996177673,2.6775693959140257,42.552006006240845
50207.9,-3956.1099999999997,42.5999938249588,-10.096,42.56299686431885,2.676384920412506,42.636959075927734
51185.74031517071,-4004.806163409555,42.68642866611481,-9.68,42.64894938468933,2.672567102054929,42.721906661987305
50746.899999999994,-3866.8099999999995,42.788867115974426,-9.528,42.7508909702301,2.676183982604212,42.86591601371765
50226.30724183174,-3954.366539729271,42.92444980144501,-9.528,42.88090896606445,2.2013573659324797,43.090996742248535
51998.9,-4000.6199999999994,43.14346897602081,-8.756,43.10198783874512,2.2129165777464186,43.18394136428833
51508.84828314505,-4064.8800761624375,43.236411690711975,-8.724,43.19593334197998,2.2246661516945294,43.27488923072815
51413.69999999999,-3963.33,43.33285701274872,-8.724,43.28988075256348,2.2286003024674343,43.36983609199524
52635.53170148275,-4116.027596855502,43.418805837631226,-8.528,43.37882733345032,2.2332007207099442,43.49076509475708
52999.09999999999,-4024.2,43.54123556613922,-7.932,43.499760150909424,1.9509888567987415,43.677654504776
51834.90321219315,-4047.837387284231,43.72915494441986,-7.856,43.687679052352905,1.9542250130796792,43.76460599899292
51730.75173075173,-3931.903931903932,43.81509256362915,-7.856,43.7776038646698,1.9561180587472866,43.851584911346436
52224.91897248814,-4070.1261739113916,43.89703404903412,-7.7,43.85955023765564,1.9576621071689106,43.934507846832275
54445.20889041779,-4017.3580347160696,43.98697817325592,-7.232,43.94450092315674,1.9558642425683896,44.06843018531799
53646.36303725416,-4024.2947531373475,44.119401812553406,-6.94,44.07842302322388,1.717922150526488,44.292304277420044
52695.7,-3852.49,44.360761284828186,0.0,44.3222873210907,1.7170972479450723,44.39824175834656
53393.7619941458,-3971.0810456745075,44.44221532344818,-6.936,44.404237031936646,1.7201853447883202,44.48119497299194
54560.899999999994,-3903.9999999999995,44.52416777610779,-6.744,44.485191345214844,1.7183134504689543,44.563146352767944
53590.46130430044,-3841.6190901917957,44.617114543914795,-6.268,44.577136278152466,1.719233534117456,44.6920702457428
53166.5,-3681.609999999999,44.74054408073425,-6.004,44.700066566467285,1.479535880171516,44.89695334434509
52538.17614528436,-3736.262087862636,44.94942653179169,-6.0,44.9109468460083,1.4792291856220154,44.984902143478394
53838.899999999994,-3761.8599999999997,45.03137564659119,-5.836,44.993896484375,1.4793666693855847,45.06785464286804
54692.35954022436,-3761.6678967084877,45.114330530166626,-5.368,45.07685732841492,1.479208034273774,45.16380047798157
54013.99999999999,-3605.81,45.223766684532166,-5.064,45.17979025840759,1.4789647937689976,45.30172085762024
53350.260558598435,-3609.869125681147,45.37367868423462,-5.06,45.31471371650696,0.8723864289014336,45.52659034729004
54647.7,-3454.22,45.57356667518616,-4.212,45.535590171813965,0.9231285133326101,45.61054468154907
53909.93293771988,-3512.9394399409575,45.67900288105011,-4.144,45.61953687667847,0.9802794562809385,45.736472368240356
53250.399999999994,-3340.41,45.78895449638367,-4.144,45.751463413238525,1.0268970278050378,45.824419021606445
53821.829942218035,-3395.4054437850887,45.87189173698425,-3.996,45.83441710472107,1.058253901572949,45.943355560302734
53370.2,-3218.4599999999996,45.99132859706879,-3.388,45.95234537124634,0.7428344209227101,46.15925621986389
51931.113726752985,-3197.2655097618226,46.2047073841095,-3.276,46.1682505607605,0.7362880786419894,46.24117946624756
51371.1,-3063.0899999999997,46.293147921562195,-3.276,46.25417160987854,0.7382763053766832,46.330130100250244
52352.175269608626,-3097.7291273320743,46.37809860706329,-3.108,46.34012198448181,0.7404760455937913,46.41408944129944
52834.0,-2953.9399999999996,46.46155083179474,-2.664,46.42307782173157,0.7363938353831965,46.53501009941101
51811.954358630755,-2958.18874566237,46.58248281478882,-2.472,46.54400324821472,0.520734688713635,46.71090793609619
50772.399999999994,-2785.6299999999997,46.759891390800476,-2.472,46.722904443740845,0.5208510211289629,46.795865297317505
51244.037321119635,-2794.5838375151257,46.84183371067047,-2.32,46.804858684539795,0.5212000183749463,46.876811504364014
50603.799999999996,-2662.7899999999995,46.9227854013443,-1.912,46.88581156730652,0.5236958774674345,46.95977473258972
50319.859275919,-2695.788177857158,47.029746770858765,-1.756,46.9907488822937,0.5245207800488499,47.115681648254395
49430.1,-2540.4199999999996,47.16816294193268,-1.756,47.12866830825806,0.09704145641554562,47.31056308746338
49499.83449486934,-2431.0753633362633,47.35703921318054,-1.172,47.31855821609497,0.09985458573165505,47.39451718330383
49740.602593974065,-2295.577044229558,47.44648885726929,-1.144,47.40550899505615,0.11061004631241927,47.4834771156311
48698.65835706742,-2365.9957118627794,47.53495144844055,-1.144,47.496458292007446,0.12815508967868067,47.57341456413269
50202.19999999999,-2271.12,47.62488079071045,-0.968,47.58640432357788,0.15205611319149007,47.71034049987793
49209.87629628889,-2283.6885106553195,47.75981831550598,-0.652,47.7223539352417,0.0553733003799399,47.918219566345215
48360.799999999996,-2125.2299999999996,47.96769618988037,-0.652,47.93020582199097,0.05269765482739974,48.003172636032104
48721.91037922176,-2110.195416057898,48.05164086818695,-0.496,48.01216435432434,0.056885621779201735,48.08711576461792
47838.59999999999,-2029.1099999999997,48.13559329509735,-0.296,48.09711050987244,0.053998462744247334,48.17206835746765
47005.70418253384,-2040.9853115299688,48.22305500507355,-0.292,48.186068296432495,0.05539445172818133,48.30299210548401
46476.9352306477,-1944.1905580944192,48.35246706008911,-0.076,48.31298565864563,-0.1048270112006072,48.508872509002686
46145.22279235215,-1939.95401848261,48.56034338474274,-0.072,48.520875692367554,-0.1052711895136771,48.59885621070862
45932.540674593256,-1819.2918070819294,48.666789293289185,0.0,48.62680459022522,-0.10631818125162759,48.70576024055481
45681.81613630023,-1974.4112067474093,48.76122808456421,0.0,48.72175097465515,-0.10334641682370749,48.80073928833008
45205.14794852052,-1856.6014339856604,48.86017560958862,0.0,48.81670308113098,-0.10426650047220945,48.94462275505066
44638.70699345177,-1942.1699181170525,48.994593381881714,-0.072,48.953617572784424,-0.07998475269105443,49.17948532104492
44473.2,-1830.98,49.232492446899414,-0.072,49.19348073005676,-0.08139131734910915,49.26845979690552
44386.020352651285,-1856.6294121411886,49.315428137779236,-0.228,49.27743172645569,-0.0825652171765082,49.35039567947388
44104.25895741043,-1749.7525024749755,49.398876547813416,-0.292,49.36038398742676,-0.08162398217976481,49.43434429168701
44203.681906775295,-1856.2638316511182,49.493807673454285,-0.292,49.44934701919556,-0.08053468774533146,49.58425450325012
44307.856921430786,-1826.2317376826234,49.64821815490723,-0.632,49.59424924850464,0.14938046763894988,49.80412793159485
43793.494837370934,-1906.5976649416234,49.851120471954346,-0.652,49.81312155723572,0.15277525903169847,49.88707995414734
43965.799999999996,-1820.4199999999998,49.94054996967316,-0.652,49.902068853378296,0.15536629919127296,49.97802996635437
44554.34752173061,-1932.014096394699,50.03001153469086,-0.828,49.98902106285095,0.15058609448871105,50.068976402282715
44476.9,-1885.3499999999997,50.120946168899536,-1.128,50.07996940612793,0.150808183645246,50.196900367736816
44062.945636586555,-1969.5612085914236,50.24637532234192,-1.144,50.20689558982849,0.3292621087581422,50.45075297355652
44061.6,-1871.81,50.50422561168671,-1.144,50.46574640274048,0.32974858976769494,50.54370069503784
44893.20190285519,-2012.368358682402,50.59317374229431,-1.328,50.55469489097595,0.32704121719279267,50.6306529045105
44932.799999999996,-1978.78,50.6816223859787,-1.696,50.64164352416992,0.32934671415110794,50.7195987701416
44507.59072013089,-2066.889939808255,50.76957035064697,-1.756,50.72959589958191,0.3266922199468092,50.84953212738037
44373.9562604374,-1972.4502754972452,50.902002573013306,-1.756,50.864519357681274,0.8467721461810688,51.083388566970825
45531.165934978046,-2160.8848265447964,51.1308798789978,-2.464,51.09338426589966,0.8598225280460275,51.16634750366211
45497.24502754973,-2133.238667613324,51.21733474731445,-2.472,51.179336071014404,0.8720057046330879,51.25330829620361
46466.14045035396,-2323.13201709253,51.30178105831146,-2.62,51.26328945159912,0.8703664751443776,51.33924913406372
47813.9218607814,-2357.7764222357778,51.38624954223633,-3.068,51.34824752807617,0.8568613392922282,51.45917510986328
47255.67041444202,-2435.6006324183404,51.511651039123535,-3.276,51.46916723251343,1.004878474285715,51.7020320892334
46651.83348166519,-2321.676783232168,51.755502104759216,-3.276,51.71702551841736,1.0064119470332182,51.79398202896118
47941.338240147204,-2525.515765472964,51.84045720100403,-3.456,51.80297517776489,1.0052168958575778,51.87793970108032
49084.7,-2565.43,51.92440414428711,-3.924,51.88696050643921,1.0028267935062969,51.95988631248474
48789.31489013182,-2582.23488481166,52.007856488227844,-4.14,51.96987819671631,1.0058091336083377,52.08481168746948
48044.51955480445,-2546.7745322546775,52.1397807598114,-4.144,52.099804162979126,1.5668274943638738,52.282707929611206
50819.47376473918,-2844.342485932092,52.3306770324707,-4.9,52.29269552230835,1.55073131835215,52.3676495552063
49900.40099599004,-2713.7028629713705,52.43461716175079,-5.06,52.397634983062744,1.5316104995419026,52.47060585021973
49600.53841561406,-2815.761657088056,52.52108037471771,-5.06,52.48359131813049,1.5159902288656109,52.56253790855408
51027.48972510275,-2963.1303686963133,52.615007400512695,-5.24,52.57253289222717,1.4926074133847163,52.69446086883545
51326.48846816558,-3061.2987776645523,52.744439244270325,-5.916,52.70445537567139,1.8158000145136786,52.87536311149597
50178.09821901781,-2920.160798392016,52.921863436698914,-6.0,52.8843514919281,1.8173017602388195,52.9583101272583
50145.70407971423,-3021.474601288836,53.01128649711609,-6.0,52.971306800842285,1.8195226518041692,53.047258138656616
50587.19412805873,-3144.178558214418,53.094730734825134,-6.168,53.05625295639038,1.817322911587061,53.13020944595337
50887.97575129679,-3271.484873061319,53.1777001619339,-6.644,53.13920497894287,1.8204850381491537,53.257139921188354
49971.80028199718,-3136.1286387136133,53.316126465797424,-6.94,53.27312755584717,2.060732627149371,53.45502710342407
49252.57907221402,-3210.6398979171418,53.505993127822876,-6.94,53.468021392822266,2.0652272886506733,53.54497504234314
50169.399999999994,-3336.3499999999995,53.593945026397705,-7.116,53.55496692657471,2.0625833701204956,53.63092494010925
50434.71304139124,-3444.883346500395,53.68389546871185,-7.6,53.640918016433716,2.0644552644398617,53.7218701839447
49639.7,-3371.7599999999998,53.7713406085968,-7.852,53.73286819458008,2.063894753711464,53.85079646110535
49066.8229378652,-3395.0484564052363,53.900270104408264,-7.856,53.862788915634155,2.6096206896884504,54.06368112564087
51845.799999999996,-3557.359999999999,54.11314809322357,-8.644,54.07366871833801,2.596020372769215,54.14962553977966
50962.77984617523,-3632.9926227713063,54.19809556007385,-8.724,54.1586172580719,2.5883953117281813,54.23457479476929
50689.79999999999,-3520.6699999999996,54.28454780578613,-8.724,54.24656629562378,2.5726904356589237,54.320531129837036
51679.4020614639,-3707.2449245926628,54.37452697753906,-8.884,54.32952666282654,2.5636059315892323,54.461477518081665
51373.7,-3676.2599999999998,54.50891625881195,-9.5,54.47043704986572,2.761307583601824,54.667325496673584
50192.156725485394,-3723.0103053606877,54.722793102264404,-9.528,54.6833176612854,2.755522689857795,54.760273694992065
50261.799999999996,-3618.52,54.81723892688751,-9.528,54.77426242828369,2.756178381653279,54.85321760177612
51116.83350500515,-3786.803604108123,54.89919126033783,-9.712,54.86121368408203,2.757056162605298,54.93517446517944
51646.8,-3760.7599999999993,54.982144474983215,-10.116,54.943166732788086,2.7550150575000005,55.06609892845154
50924.027720831626,-3814.184425532766,55.11258780956268,-10.244,55.076091051101685,2.9456415835258367,55.253987073898315
50301.899999999994,-3687.08,55.30546307563782,-10.244,55.26697874069214,2.9457050375705607,55.34193778038025
51534.546036381085,-3837.4051221536647,55.391430020332336,-10.408,55.35093140602112,2.9477990210464617,55.427923917770386
51712.19999999999,-3790.2299999999996,55.47837448120117,-10.784,55.43788146972656,2.950199699071863,55.51484727859497
50602.11685927206,-3858.998051945455,55.562808990478516,-10.856,55.52483248710632,2.947746142675858,55.64876174926758
50197.0,-3741.49,55.70172894001007,-10.856,55.663750886917114,3.0065045880905346,55.863643169403076
50869.32260238766,-3882.2209377443814,55.93010425567627,-11.348,55.891621351242065,3.021014412984152,55.96658396720886
50405.5,-3772.35,56.016048073768616,-11.348,55.97856903076172,3.0588224479656976,56.051533699035645
51105.233156994705,-3857.2457173715216,56.10051929950714,-11.492,56.06152963638306,3.1216736792650894,56.13748550415039
51501.2,-3791.49,56.18597090244293,-11.704,56.14747881889343,3.2032332780840216,56.27240180969238
50812.522750637014,-3815.3668302712476,56.32687199115753,-11.708,56.288392782211304,3.445670031627226,56.46628761291504
50570.90114180229,-3725.117450234901,56.513269662857056,-11.928,56.476292848587036,3.4425184807392535,56.549243211746216
50232.40650738221,-3794.5862484149557,56.60722482204437,-11.928,56.5622398853302,3.4423809969756842,56.64318656921387
50057.85005785005,-3701.923701923702,56.70565438270569,-12.0,56.6671724319458,3.44394619674555,56.742130756378174
49741.74251053281,-3765.2891933866085,56.79559898376465,-12.0,56.75712180137634,3.4453739127518457,56.88205528259277
48948.74894874895,-3672.7236727236727,56.93052077293396,-11.928,56.89304542541504,3.4115529069138084,57.0939621925354
48476.357338005466,-3734.624569487946,57.14791703224182,-11.928,57.108928203582764,3.4080735101280943,57.18488121032715
48539.7,-3686.0799999999995,57.233364939689636,-11.772,57.19587779045105,3.411521179891446,57.26886177062988
48270.4481134434,-3759.9927997839936,57.3163161277771,-11.708,57.278820276260376,3.4116057852844124,57.35178089141846
48147.0,-3680.9399999999996,57.40324878692627,-11.708,57.36580491065979,3.4106433989394276,57.47671294212341
48597.360726100334,-3730.4444524446685,57.52617800235748,-11.416,57.486701250076294,3.1133611994062096,57.66959619522095
47886.299999999996,-3618.33,57.718565702438354,-11.348,57.67958974838257,3.113868831764004,57.75554943084717
47937.2422427828,-3710.863904189317,57.80851602554321,-11.348,57.769537687301636,3.113540985866262,57.84449815750122
48905.9,-3761.6799999999994,57.89446675777435,-11.192,57.85449290275574,3.111320094300912,57.932448625564575
49043.422259245526,-3774.949473534733,57.98591327667236,-10.884,57.942439556121826,3.1091097784096835,58.06839966773987
48544.497088994176,-3668.057336114672,58.1183705329895,-10.856,58.07836031913757,2.9056020813048207,58.28124928474426
48435.00774520912,-3749.121226273109,58.33221793174744,-10.856,58.295236587524414,2.9067231027616156,58.36819338798523
49841.79968359937,-3842.0876841753684,58.41666531562805,-10.696,58.3781898021698,2.9118417290360403,58.4531466960907
50074.601939650434,-3873.46070997846,58.500121116638184,-10.324,58.4621467590332,2.906998070288754,58.53609848022461
49321.399999999994,-3757.68,58.587566614151,-10.244,58.546096086502075,2.9068711621993057,58.66305732727051
48980.773500111005,-3851.8701486238647,58.72050714492798,-10.244,58.677016258239746,2.449938586139818,58.86090922355652
51154.69999999999,-3935.0299999999993,58.90888524055481,-9.588,58.87090349197388,2.449727072657404,58.94487118721008
50604.666325990795,-3997.0879213738767,58.99235475063324,-9.528,58.95385694503784,2.443593181667391,59.02782082557678
50150.79999999999,-3902.9099999999994,59.07930326461792,-9.528,59.04183912277222,2.427126857061442,59.11476254463196
51223.634261759325,-4068.9139295900286,59.16225576400757,-9.368,59.124757051467896,2.4104384432989585,59.24169111251831
52292.0522920523,-4000.6340006340006,59.291688561439514,-8.776,59.251683950424194,2.1808405581382986,59.42861247062683
51289.73353307186,-4029.054755423641,59.47569930553436,-8.724,59.437610387802124,2.180555014937039,59.511749505996704
50964.899999999994,-3932.6399999999994,59.56270253658295,-8.724,59.52373957633972,2.180110836623969,59.59966707229614
52293.46421699808,-4082.2943042405186,59.64714562892914,-8.556,59.608689069747925,2.1845208927323063,59.6846284866333
52995.0,-4043.0199999999995,59.73358702659607,-8.092,59.69564127922058,2.1841084414415985,59.820533990859985
51123.631461680925,-4059.5436672226824,59.86853063106537,-7.856,59.82952952384949,1.955261429143509,60.006460666656494
50297.49999999999,-3912.9599999999996,60.0579309463501,-7.856,60.018420696258545,1.9623471308043863,60.09338712692261
52115.76347290419,-4055.6016680500416,60.14241325855255,-7.692,60.10437726974487,1.9587725529515856,60.178438663482666
53812.2,-4002.0699999999997,60.22591054439545,-7.216,60.18841099739075,1.9582120422231877,60.26137089729309
52599.42538333612,-3960.304848840617,60.308345794677734,-6.952,60.27136731147766,1.9556421534118549,60.38230848312378
51763.662345636425,-3791.976543835807,60.44930922985077,-6.94,60.39129567146301,1.7228821416891018,60.63337445259094
50969.872307063066,-3848.5985177659086,60.685370087623596,-6.94,60.64832401275635,1.7190960503538868,60.72137117385864
52043.95613186839,-3895.59168677506,60.789350509643555,-6.788,60.730371952056885,1.7225754471396013,60.84630084037781
53229.73074326858,-3871.3767844196104,60.89379286766052,-6.128,60.856300830841064,1.7234743794398617,60.93025779724121
52200.252200252195,-3695.0736950736955,60.99073648452759,-6.0,60.952239751815796,1.7203862825966136,61.06917214393616
51814.94718862691,-3758.3177162606235,61.120645403862,-6.0,61.08117318153381,1.3452776972090759,61.2640585899353
53913.553913553915,-3697.9936979936983,61.31153106689453,-5.24,61.27405381202698,1.3751645522742082,61.348018407821655
52869.27460113963,-3657.865104492717,61.3944970369339,-5.06,61.35603928565979,1.3879716936343907,61.42997670173645
51754.251754251745,-3583.333583333583,61.480438113212585,-5.06,61.44298982620239,1.4016777672948335,61.51791167259216
52449.61124028101,-3653.091327283182,61.56439161300659,-4.9,61.5269079208374,1.412496681920322,61.6480028629303
53587.36076208229,-3475.300425901278,61.69400179386139,-4.236,61.6560332775116,0.9813052966706476,61.83589458465576
51110.524431537495,-3464.626221776879,61.88336682319641,-4.144,61.845887184143066,0.9851654177247076,61.92084574699402
50935.10187020374,-3328.8366576733156,61.975820779800415,-4.144,61.935837745666504,0.9841078503126363,62.015790700912476
52264.15433970416,-3383.501204028897,62.06276762485504,-3.964,62.025787115097046,0.9846577853669133,62.098777770996094
52397.75719327158,-3251.8797556392665,62.14423382282257,-3.508,62.10677242279053,0.9891312955199746,62.22467041015625
51974.0954041943,-3240.60453390428,62.2726469039917,-3.276,62.234665870666504,0.7491798253951374,62.41856384277344
50634.50126900254,-3057.266114532229,62.47006952762604,-3.276,62.430551290512085,0.7457004286094231,62.50558400154114
51606.9385665256,-3089.3341440194567,62.5555557012558,-3.112,62.514578342437744,0.7465993609096837,62.59353446960449
52102.804205608416,-2944.485888971778,62.642008900642395,-2.652,62.603527307510376,0.7477203823664791,62.677491664886475
51407.33377601063,-2959.4210261046264,62.74798905849457,-2.472,62.7094669342041,0.7450341611398182,62.8344841003418
50500.301000602,-2794.385588771178,62.88795733451843,-2.472,62.84847569465637,0.22569453209400847,63.0783429145813
49402.3338630143,-2650.2615570620405,63.125818371772766,-1.756,63.08837366104126,0.2861979637386025,63.16229724884033
49526.849526849524,-2570.572570572571,63.21376919746399,-1.756,63.17629623413086,0.36383398745875006,63.25125980377197
49769.99401984452,-2551.7963467050145,63.301215410232544,-1.584,63.26223635673523,0.4244431758445512,63.33719325065613
49460.997843991376,-2429.139716558866,63.38618505001068,-1.212,63.346192598342896,0.45490111731220206,63.46112608909607
48927.77212207518,-2471.584261190791,63.50961637496948,-1.144,63.47215223312378,0.19696042550803367,63.677008628845215
47399.34219802659,-2312.0269360808084,63.72747349739075,-1.144,63.689990282058716,0.1953211960193233,63.76394867897034
48651.916297907446,-2296.017400435011,63.81142473220825,-0.98,63.77395057678223,0.19568076893942754,63.84689950942993
48105.840529202644,-2192.0709603548016,63.89387822151184,-0.684,63.855902910232544,0.19525774197459903,63.929858684539795
47915.75414659122,-2262.3697721349868,63.97832548618317,-0.652,63.94088411331177,0.19451744478614919,64.05378270149231
47087.12960990727,-2123.7448662140637,64.11326491832733,-0.652,64.06977415084839,-0.05246684862896152,64.25570011138916
47367.584189604735,-2125.2231305782643,64.30314362049103,-0.292,64.26465845108032,-0.06422699825119338,64.33861756324768
46719.68031808191,-1998.861993171959,64.39162230491638,-0.292,64.35362195968628,-0.0768120504548408,64.42856574058533
46525.96314907873,-1993.009825245631,64.4800398349762,-0.136,64.43756914138794,-0.0974980690349537,64.51651668548584
45566.42783213916,-1874.0693703468517,64.56250786781311,-0.072,64.52554392814636,-0.12214996541033363,64.64844131469727
46393.51344432267,-1942.6666239989763,64.70041334629059,-0.072,64.66143131256104,-0.12554475680308222,64.84432721138
45276.88110752443,-1810.2572410289642,64.88980257511139,0.0,64.85235667228699,-0.12559763517368577,64.9262797832489
