36677.75362,-1443.287525,0.158930182,0,0.068483591,-0.002031459,0.437268496
36847,-1363.42,0.487240791,0,0.450261593,-0.006631877,0.522221327
36718.89141,-1440.128883,0.570196509,-0.012,0.533215761,0.001373908,0.605171919
36859.8,-1366.73,0.654648066,-0.012,0.618163586,-0.005077253,0.691126347
36742.69205,-1447.609085,0.752594948,-0.048,0.716115236,-0.002951542,0.825047016
36932.8,-1373.46,0.870522976,0,0.833041191,0.050487339,1.023934603
36849.74754,-1461.143606,1.066908121,-0.048,1.029927492,0.053374498,1.101917267
36932.7,-1323.7,1.142861128,-0.108,1.104885817,0.057181741,1.179840803
36929.23402,-1416.619665,1.229812741,-0.108,1.192835569,0.054125371,1.265793085
37152.7,-1384.33,1.314779997,-0.188,1.276785851,0.056896197,1.3877213
37098.23875,-1431.950095,1.437195539,-0.188,1.399716377,0.119578218,1.60359621
37277.3,-1358.43,1.649570465,-0.292,1.612591743,0.119557067,1.685558558
37329.6079,-1453.889255,1.734524608,-0.292,1.697556496,0.116891997,1.769502401
37737,-1434.55,1.816475987,-0.404,1.77949667,0.118340864,1.852455139
37572.51446,-1519.681031,1.900427699,-0.42,1.862447977,0.11866871,1.981379032
37920.8,-1453.16,2.034852147,-0.42,1.996372938,0.229723864,2.1642735
38034.35086,-1556.198905,2.210754275,-0.572,2.173269987,0.230284375,2.246227503
38315.8,-1487.19,2.296697617,-0.572,2.259220839,0.227524124,2.332177162
38678.22828,-1545.577094,2.378151059,-0.704,2.341173172,0.23044301,2.414160967
38692.2,-1459.05,2.460607529,-0.744,2.424154043,0.22738664,2.545054436
38603.16508,-1559.60899,2.596527219,-0.744,2.559078693,0.356928072,2.726956606
39189.2,-1511.4,2.77344048,-0.936,2.735949755,0.359783504,2.811914206
39065.07663,-1606.050151,2.861381769,-0.936,2.823897839,0.35688577,2.896858215
39872.1,-1610.62,2.943325281,-1.068,2.906846285,0.362036123,2.97980547
39572.98932,-1687.872197,3.025793672,-1.144,2.988803625,0.362723542,3.106733799
39800.4,-1629.28,3.161200166,-1.144,3.122722626,0.494887741,3.305616379
40242.70485,-1750.905018,3.354098082,-1.376,3.315645218,0.492561093,3.390568733
40508.88102,-1679.413359,3.441040277,-1.376,3.403560162,0.492804333,3.478518248
41026.64361,-1753.410328,3.524995565,-1.532,3.487513542,0.492032309,3.561472416
41143.04114,-1668.461668,3.611943007,-1.628,3.574463129,0.49251879,3.685398579
40908.62272,-1765.134128,3.73687768,-1.628,3.699390888,0.63199078,3.920261621
41563.7,-1721.92,3.967742085,-1.892,3.929257154,0.637765099,4.0042243
41694.14235,-1827.435686,4.05569911,-1.892,4.01820612,0.635226937,4.093164206
43084.5,-1859.67,4.141640067,-2.056,4.103163481,0.63199078,4.178115606
42488.70471,-1950.150704,4.236584663,-2.176,4.199111938,0.635618237,4.311038733
42782.2,-1874.09,4.365010858,-2.176,4.326030493,0.861884784,4.512920618
43802.29506,-2034.630866,4.560894608,-2.472,4.521915913,0.862942352,4.59687376
43891.5,-1960.54,4.650359988,-2.472,4.610871315,0.8637038,4.686832428
45246.92167,-2070.905914,4.733796835,-2.648,4.696816206,0.864740217,4.76977396
45225.5,-1970.02,4.833242416,-2.784,4.795759439,0.862149176,4.919696331
45087.31736,-2078.556121,4.972661376,-2.784,4.934678555,1.073768416,5.13756156
46134.9,-2055.55,5.185052276,-3.108,5.146556139,1.070754348,5.222513437
46233.49454,-2167.270684,5.273984551,-3.108,5.23651123,1.070563986,5.31046176
47605.9,-2218.68,5.356936455,-3.268,5.319456816,1.066703865,5.393415213
47512.43532,-2322.190377,5.464879632,-3.444,5.426396608,1.058190448,5.544327259
47451.7,-2226.24,5.599300504,-3.444,5.560318947,1.2555008,5.779191017
48616.06125,-2410.01748,5.826664209,-3.792,5.789185047,1.256420883,5.863143444
48637.4,-2319.29,5.916130781,-3.792,5.878143311,1.255564254,5.95209527
49505.73665,-2440.345889,5.998584747,-3.964,5.961087942,1.259805099,6.037045956
49647.6,-2338.17,6.10700655,-4.144,6.069025755,1.256579518,6.186992407
49361.43276,-2437.945825,6.238428235,-4.144,6.20094943,1.474766251,6.3908391
50707.5,-2432.5,6.440312147,-4.508,6.401833057,1.499418148,6.476790428
50267.50749,-2536.651026,6.52876687,-4.508,6.490781784,1.516667072,6.565738678
52018.1,-2598.4,6.614229321,-4.66,6.575734377,1.532911307,6.650696278
51436.78879,-2624.940873,6.699180365,-4.872,6.661688566,1.539922979,6.779615402
51419.4,-2602.53,6.834103584,-4.876,6.794619322,1.68222925,7.030471087
52095.85868,-2787.838059,7.080942035,-5.248,7.041465521,1.684386688,7.117458344
52337.5,-2686.13,7.167399406,-5.248,7.130448341,1.683265666,7.204371691
53323.48641,-2813.803159,7.250850797,-5.408,7.213374138,1.683244515,7.288324356
53669,-2771.09,7.336299181,-5.62,7.2983284,1.683773299,7.42024827
53373.52759,-2807.904582,7.470718861,-5.624,7.433239222,1.862280102,7.637120724
53766.8,-2784.52,7.684597969,-6,7.647116184,1.861571532,7.724106073
53350.48041,-2900.049601,7.775043607,-6,7.737064123,1.866193102,7.812067747
55121.7,-2956.88,7.863496184,-6.168,7.823018312,1.875457392,7.901970625
54354.0045,-2991.171788,7.951942086,-6.376,7.913963079,1.881570132,8.029896259
54250.85425,-2946.782947,8.082382679,-6.376,8.044888258,2.132044398,8.22977972
54265.40237,-3134.58523,8.28275466,-6.752,8.243773937,2.14235568,8.318730116
54193.85419,-3028.303028,8.369700551,-6.752,8.332727194,2.144396785,8.406678438
55471.02036,-3151.899342,8.453169107,-6.916,8.415676832,2.136486181,8.489631414
55693.95569,-3107.603108,8.537604451,-7.12,8.499624491,2.127941036,8.624555349
54899.11758,-3141.095386,8.67902267,-7.124,8.639544964,2.240857509,8.822443247
54972.5,-3109.9,8.879927993,-7.492,8.841428995,2.259893722,8.916385412
54918.11803,-3213.497124,8.967859983,-7.492,8.929383755,2.274467001,9.004333735
55573.7,-3257.48,9.052809834,-7.66,9.01532793,2.301318638,9.088285685
55291.727,-3284.638831,9.135761619,-7.856,9.099279642,2.319455919,9.217211485
55120.21024,-3244.77649,9.268681645,-7.856,9.232202291,2.449970313,9.426090956
55452.0754,-3414.488533,9.4750669,-8.208,9.436084986,2.449843405,9.51104784
55470.85547,-3310.563311,9.564010739,-8.208,9.527034283,2.442874036,9.598992825
56121.5908,-3423.628743,9.645982862,-8.376,9.608996153,2.444978595,9.681978703
56304.4,-3366.48,9.729433179,-8.556,9.691947222,2.439109096,9.810869217
55482.23157,-3409.941839,9.863338947,-8.556,9.825863838,2.648666079,10.00675607
55310.15531,-3366.023366,10.05573618,-8.892,10.016752,2.654630759,10.09171557
54870.22663,-3468.930192,10.14318037,-8.892,10.10570025,2.663662384,10.1786716
56138.91228,-3501.837004,10.22714305,-9.052,10.18865228,2.671340324,10.26261139
54821.52536,-3594.963469,10.3320688,-9.216,10.29359937,2.676797372,10.40653014
54244.46273,-3480.560442,10.45801759,-9.216,10.41952014,2.786699777,10.60441184
54675.26688,-3632.770819,10.65388405,-9.528,10.61340809,2.792294309,10.69236135
54401.9544,-3527.403527,10.74483156,-9.528,10.70635438,2.790951198,10.78031135
55943.59859,-3619.170479,10.8287828,-9.696,10.790308,2.794779592,10.86626339
55270.65527,-3508.173508,10.92723072,-9.824,10.88824964,2.802478683,11.01418447
55055.26627,-3596.772726,11.06515074,-9.824,11.0281713,2.991582312,11.20607138
54375.45438,-3547.693548,11.25453794,-10.108,11.21705866,2.991624615,11.29101777
54165.5083,-3631.194411,11.34398603,-10.108,11.30600786,2.992840817,11.3799684
54714.5,-3643.33,11.42943919,-10.264,11.39196157,2.986400232,11.46591783
54132.66158,-3720.960466,11.51838672,-10.372,11.48094153,2.981461392,11.59284306
54721.6,-3623.91,11.64533007,-10.372,11.60787034,3.1114047,11.81171679
55410.77445,-3743.816108,11.86021054,-10.624,11.82171035,3.115592667,11.89667225
55422.3,-3640.25,11.94864154,-10.624,11.91166663,3.115476334,11.98462057
55818.25127,-3712.396522,12.03208995,-10.768,11.99461126,3.119082639,12.06956744
54972.4,-3613.35,12.11904144,-10.856,12.08156061,3.115201367,12.20149398
54691.32197,-3694.926068,12.25496793,-10.856,12.21648479,3.238809846,12.40437675
54926.2,-3620.66,12.45334733,-11.064,12.41437078,3.23989914,12.49233985
55381.03991,-3703.206283,12.5448091,-11.064,12.50631762,3.238355092,12.58027244
55520.5,-3685.32,12.62674844,-11.208,12.59029913,3.237022557,12.66324115
54720.92274,-3765.857912,12.71070123,-11.256,12.67322135,3.240893254,12.79415035
54728.85473,-3671.773672,12.84762144,-11.256,12.8091414,3.3502563,12.99103713
53731.31194,-3764.952949,13.03701127,-11.428,13.00003147,3.345454944,13.07199574
54200.6084,-3674.017348,13.12299049,-11.428,13.08498383,3.345454944,13.15793991
54411.52352,-3720.144164,13.20491445,-11.556,13.16693568,3.34641733,13.24089837
53758.76879,-3629.648148,13.28886843,-11.58,13.25088811,3.344312771,13.37081838
54291.86588,-3705.070037,13.42229342,-11.58,13.383811,3.419431784,13.61168432
54526.37263,-3617.348087,13.65965617,-11.708,13.62267828,3.416216779,13.6956315
54511.2718,-3694.319747,13.74510515,-11.708,13.70762825,3.416047568,13.7795825
54728.66419,-3661.730985,13.82606077,-11.804,13.78858399,3.417380103,13.86253524
54816.28004,-3699.909898,13.91300666,-11.812,13.87552834,3.418575155,13.99645972
54317.37159,-3616.758084,14.04143524,-11.892,14.00445819,3.454468992,14.18037677
54124.30723,-3684.875807,14.22984827,-11.892,14.19234395,3.461057637,14.26430368
53836.06151,-3603.23081,14.33276474,-11.952,14.29529357,3.458551203,14.36824298
53690.34964,-3676.769273,14.4182142,-11.952,14.38123417,3.457102335,14.45319366
53563.46069,-3602.150806,14.5151583,-11.988,14.47818065,3.45466993,14.58914185
53465.25049,-3666.21632,14.63709092,-11.988,14.60010934,3.480855299,14.797997
52845.31707,-3585.161511,14.84446895,-12,14.80699825,3.478518075,14.8859508
53048.78537,-3650.152204,14.94191289,-12,14.90193868,3.478126776,14.9779017
52759.31104,-3575.174301,15.02536488,-11.988,14.98888969,3.481013935,15.06184459
52705.27034,-3642.204697,15.1133157,-11.988,15.07484388,3.47765087,15.1867733
52329.61864,-3557.348459,15.27572167,-11.952,15.1977756,3.437812306,15.4676106
52684.20637,-3627.876185,15.51960301,-11.952,15.48260665,3.442180059,15.55555916
52149.01719,-3546.528372,15.6230253,-11.892,15.58554292,3.435443355,15.66050148
52254.19283,-3622.62883,15.71097493,-11.892,15.67452526,3.438859297,15.74748445
52287.07058,-3565.132086,15.79692113,-11.812,15.75844455,3.436892222,15.88936806
52078.8895,-3614.078667,15.96082771,-11.812,15.92334771,3.299345004,16.11926341
51801.35901,-3527.577638,16.16671896,-11.708,16.12922812,3.293517808,16.20221615
52009.44019,-3608.282166,16.25265861,-11.708,16.21418691,3.289879776,16.28813672
52070.91657,-3568.128545,16.33712494,-11.592,16.29913092,3.289721141,16.37310243
51692.24061,-3647.08753,16.42056084,-11.58,16.38308311,3.286389804,16.49701762
51707.71366,-3573.268586,16.54948783,-11.58,16.51100969,3.148969494,16.69490218
51588.67701,-3649.602043,16.74087751,-11.428,16.70390368,3.149043524,16.77585602
51661.00997,-3576.411458,16.82583141,-11.428,16.78884792,3.14819747,16.86280608
52137.69489,-3621.476051,16.91027856,-11.3,16.87180567,3.150661602,16.94575715
51734.46214,-3535.73475,16.99273396,-11.256,16.9557538,3.14883201,17.07568312
51731.28636,-3623.056084,17.12615347,-11.256,17.08767724,2.985839721,17.26657248
52225.06558,-3552.454867,17.31305027,-11.064,17.27657032,2.987077075,17.34952593
52259.2497,-3646.450222,17.39899933,-11.064,17.36151767,2.982191113,17.43347764
53269.81962,-3636.551819,17.47995639,-10.924,17.44347191,2.98755298,17.51543212
52858.71003,-3706.787843,17.56190801,-10.856,17.52542353,2.980974911,17.63636136
52911.61747,-3636.581819,17.68634629,-10.856,17.64835286,2.808707755,17.81626153
53556.9247,-3743.008603,17.86323249,-10.624,17.82525206,2.813382203,17.89821053
53670.71468,-3671.474686,17.948686,-10.624,17.91120124,2.814376316,17.98416066
54695.54861,-3748.478718,18.0306344,-10.472,17.99315381,2.817189446,18.06611919
54230.87962,-3646.665527,18.12009501,-10.372,18.08210468,2.81678757,18.19903898
54474.04395,-3736.318463,18.2480222,-10.372,18.21103454,2.632464146,18.38692784
54853.47427,-3677.448387,18.4339056,-10.108,18.3969233,2.632675659,18.46888185
54504.9446,-3769.649163,18.51936734,-10.108,18.48187447,2.637170321,18.55483413
55827.43496,-3791.192747,18.60181808,-9.964,18.5638299,2.63441007,18.63781166
55461.49831,-3858.039445,18.70224798,-9.824,18.66376853,2.637064564,18.7767055
55261.08683,-3765.876361,18.82567513,-9.824,18.78869724,2.444365206,18.9645946
55906.00631,-3888.30999,19.01006997,-9.528,18.97258973,2.43768138,19.04454827
55962.53578,-3795.212771,19.09352005,-9.528,19.0565412,2.433398232,19.1275003
56721.26426,-3885.796059,19.17348802,-9.384,19.13649583,2.423901276,19.20847797
56651.19656,-3812.966691,19.25343096,-9.216,19.21644974,2.415007135,19.32239032
56278.66929,-3856.063265,19.3713752,-9.216,19.3344059,2.096975462,19.4952898
57636.34582,-3769.182615,19.56026316,-8.892,19.52327299,2.130606106,19.59623218
57433.49124,-3872.583579,19.64570546,-8.892,19.60822392,2.159900723,19.68018198
58678.21075,-3886.547206,19.72565567,-8.744,19.68917727,2.192917978,19.76114225
57788.31355,-3882.341529,19.80710936,-8.56,19.77013707,2.233243023,19.88706565
56874.74125,-3841.423049,19.93703496,-8.556,19.89908648,2.002111665,20.06096792
58237.56475,-3943.97888,20.1304245,-8.208,20.09394455,1.967148487,20.16490364
58126.17438,-3838.301515,20.21288049,-8.208,20.17689681,1.933845689,20.24786019
59237.74399,-3918.632291,20.2923454,-8.064,20.25485396,1.904889493,20.32881832
58703.13481,-3834.97534,20.37528384,-7.86,20.33780694,1.889607644,20.45174098
58155.36311,-3861.787236,20.50321615,-7.856,20.46573377,1.685962463,20.64362836
58751.09376,-3744.948725,20.70259893,-7.492,20.66461849,1.732231038,20.73961186
58590.83041,-3839.660633,20.79004645,-7.492,20.75257087,1.788197505,20.82552457
59151.09576,-3840.619203,20.87249947,-7.332,20.83551764,1.834698744,20.91047525
58796.49352,-3825.604163,20.95796442,-7.128,20.92050314,1.877265833,21.02940774
58161.63265,-3771.065084,21.08191013,-7.124,21.04439878,1.65837053,21.25527573
57999.76,-3842.296846,21.30375397,-6.752,21.26730347,1.666037893,21.34026289
57861.17358,-3730.03119,21.39269841,-6.752,21.35522318,1.667359853,21.42817974
58674.14951,-3795.617299,21.47566938,-6.588,21.43817067,1.673620652,21.51213288
57817.17345,-3701.151103,21.56060195,-6.38,21.52312303,1.675820392,21.63905501
57436.40616,-3716.388044,21.68902683,-6.376,21.65208435,1.447978069,21.84896874
57996.28998,-3557.407787,21.89940715,-6,21.8609283,1.451975673,21.9358871
57742.25485,-3659.273185,21.98936391,-6,21.9528749,1.446571504,22.02583718
58938.33575,-3634.374537,22.07330549,-5.828,22.03583717,1.447872312,22.10979676
58446.32737,-3613.555885,22.1552633,-5.628,22.11778665,1.446634958,22.23272085
57732.38866,-3553.017765,22.28468895,-5.624,22.24673891,1.276081061,22.4386034
56983.2257,-3604.744885,22.48559093,-5.248,22.44862247,1.270983587,22.52154803
56807.18404,-3477.107386,22.57202256,-5.248,22.53457308,1.265716901,22.60753155
57599.07918,-3517.719801,22.65397155,-5.092,22.61649179,1.262723985,22.69045305
57475.18738,-3423.707119,22.73794162,-4.88,22.70044518,1.264035369,22.81138515
56575.21835,-3431.551768,22.86685181,-4.876,22.82737207,1.091049067,23.01329827
57295.04377,-3262.399574,23.06273746,-4.508,23.02425861,1.076116215,23.0982163
56516.13032,-3342.596852,23.15120494,-4.508,23.11320686,1.064768517,23.18616343
57113.12845,-3305.653223,23.23364425,-4.356,23.19616055,1.050290419,23.26912332
56182.86747,-3280.072321,23.31558883,-4.148,23.27811241,1.046419722,23.38704777
56031.48016,-3213.246066,23.4375571,-4.144,23.40004015,0.888260516,23.59692597
55779.74826,-3246.065183,23.64340115,-3.792,23.6059227,0.889709383,23.67888737
55616.67808,-3112.915565,23.73135161,-3.792,23.69287348,0.88651553,23.76683092
56215.81188,-3133.446402,23.81530392,-3.628,23.77782297,0.886578984,23.85178638
55587.76676,-3021.969066,23.89978731,-3.444,23.86178565,0.887044313,23.98170614
54635.73808,-3038.197726,24.03367901,-3.444,23.99569702,0.706707918,24.17959213
53884.61554,-2848.981396,24.22606909,-3.108,24.18862152,0.705745532,24.26254582
53159.31003,-2932.025708,24.31454885,-3.108,24.27654123,0.705417686,24.35049272
53697.31479,-2873.591494,24.39796686,-2.944,24.36048865,0.70587244,24.43444991
53124.75625,-2922.832611,24.50090837,-2.784,24.46442771,0.704222635,24.5763638
52943.36472,-2778.853894,24.62833321,-2.784,24.58835554,0.54381081,24.77425027
52689.55379,-2804.416088,24.82172394,-2.472,24.7842443,0.550357152,24.85920024
52684.10537,-2672.105344,24.91266942,-2.472,24.87420034,0.555359446,24.94814992
52285.898,-2672.126115,24.99613881,-2.312,24.95814371,0.550600392,25.03210545
51416.30283,-2515.815032,25.09556508,-2.176,25.05609441,0.548199714,25.17101955
51359.08126,-2589.739564,25.22149479,-2.176,25.18401361,0.366784601,25.36391091
49957.94979,-2410.582053,25.41490114,-1.892,25.37390542,0.369047795,25.4508667
49732.29411,-2491.274808,25.50133204,-1.892,25.46386099,0.372421435,25.53680968
51125.2045,-2420.669683,25.58378971,-1.74,25.54683852,0.368656495,25.61976957
50275.20605,-2481.844601,25.6752311,-1.628,25.63775754,0.359772929,25.74768829
50671.05201,-2362.267087,25.79867601,-1.628,25.76169086,0.277240368,25.9615643
49061.82842,-2398.335162,26.00804448,-1.376,25.97056508,0.276341435,26.04451895
48656.69463,-2279.469118,26.09650397,-1.376,26.05951071,0.280698613,26.13246846
48404.6649,-2280.180164,26.17997515,-1.22,26.14246297,0.275199263,26.21643472
47920.44376,-2161.766485,26.26438963,-1.144,26.22741437,0.278742113,26.34335089
47344.18892,-2226.711214,26.39631867,-1.144,26.35734177,0.159596569,26.56321788
46911.84074,-2066.5562,26.61020446,-0.936,26.57321763,0.154499094,26.64617181
46618.81885,-2146.891525,26.69666255,-0.936,26.65917087,0.15656135,26.73212266
46886.09377,-2080.994162,26.78061461,-0.792,26.74314952,0.153071378,26.81607246
46468.46877,-2162.359734,26.86355424,-0.744,26.82607579,0.156413291,26.93700957
47056.28823,-2037.898152,26.98649681,-0.744,26.94901037,0.051037274,27.17586422
46607.69233,-2080.645371,27.22384191,-0.572,27.18586016,0.053374498,27.25981808
47173.13587,-1965.129826,27.31130445,-0.572,27.27380896,0.053078379,27.34677386
46946.88588,-1970.821387,27.39523923,-0.444,27.35676217,0.052517868,27.43171835
46080.02256,-1857.593003,27.47919512,-0.42,27.44071364,0.053110106,27.56164408
45703.32266,-1937.394873,27.61511517,-0.42,27.57764649,-0.035016986,27.77952194
45496.67298,-1802.680816,27.82799029,-0.292,27.7895472,-0.029464757,27.86447954
45052.856,-1885.385822,27.91494024,-0.292,27.87749529,-0.029845482,27.95041966
45492.62746,-1832.729164,27.99789178,-0.192,27.96041465,-0.025361396,28.03337646
44982.70969,-1855.893406,28.08336425,-0.188,28.04639769,-0.028597552,28.15730286
44846.76908,-1738.800433,28.20577264,-0.108,28.16729474,-0.069335049,28.3591876
44718.24965,-1811.954427,28.410658,-0.108,28.37318277,-0.07177803,28.44613552
44583.67833,-1711.086844,28.51360047,-0.048,28.47611666,-0.071122338,28.55008578
44130.68261,-1791.115822,28.59955132,-0.048,28.56306458,-0.072708689,28.63603377
44253.12127,-1698.01849,28.69749975,-0.012,28.66104364,-0.071809757,28.77794147
43736.13099,-1770.753644,28.82941699,-0.012,28.79193711,-0.09571078,28.9828248
43892.8,-1671.85,29.0302968,0,28.99282932,-0.096641439,29.06681156
44000.58001,-1812.586252,29.11725008,0,29.0797677,-0.099729536,29.15372705
44012.33204,-1715.065145,29.20469618,0,29.16772723,-0.098936361,29.24067807
43855.87712,-1800.166003,29.28764868,-0.012,29.25067091,-0.099391115,29.37259936
44105.57642,-1705.886824,29.42357373,-0.012,29.3865943,-0.05884398,29.57748914
43691.91753,-1792.137635,29.62597322,-0.048,29.58647704,-0.059277583,29.66144538
43801.3314,-1696.465089,29.71192729,-0.048,29.67446208,-0.059499672,29.74738908
43637.07274,-1789.9858,29.81484568,-0.108,29.77736688,-0.065548958,29.85235476
43647.83094,-1690.355071,29.90579426,-0.108,29.86831427,-0.062397407,29.98324823
43241.80808,-1772.897231,30.03022611,-0.188,29.99327874,0.000675914,30.21411586
43553.53066,-1679.745039,30.26660645,-0.188,30.2281065,-0.003057299,30.30206442
43345.38363,-1766.594165,30.3910141,-0.288,30.31405902,0.000316341,30.46797729
43330,-1677.97,30.51794457,-0.292,30.48096466,-0.001111375,30.55392098
43544.58861,-1708.142704,30.60041094,-0.408,30.56391597,0.000326917,30.6848464
43372.5,-1605.71,30.73132503,-0.42,30.69387436,0.08744932,30.87573385
43275.23861,-1708.811011,30.92972279,-0.42,30.89173007,0.089003944,30.96468496
43516.6,-1677.54,31.01269102,-0.552,30.97567892,0.090410509,31.04863691
43190.79339,-1773.090781,31.0956254,-0.572,31.05863738,0.088707825,31.13058877
43386.38677,-1683.303367,31.18106329,-0.572,31.14361405,0.091965133,31.26351047
43256.38141,-1789.104728,31.32950842,-0.744,31.29249239,0.216768663,31.48442268
43160.24316,-1695.811696,31.53435838,-0.744,31.4973793,0.219962517,31.57033396
43406.75495,-1750.098502,31.61681187,-0.876,31.57933831,0.217667595,31.65328598
43317.98664,-1655.383311,31.70076907,-0.936,31.66328526,0.219327976,31.73823977
43279.55215,-1760.00872,31.78870964,-0.936,31.75122952,0.220089425,31.87516904
43649.83095,-1693.055079,31.94861662,-1.144,31.91013765,0.366181787,32.09902978
43458.45609,-1788.039337,32.15501142,-1.144,32.11601853,0.370792781,32.18997812
44152.13246,-1785.775357,32.23595011,-1.296,32.19897079,0.362501453,32.27093053
43953.15488,-1877.685064,32.3184036,-1.376,32.28092337,0.362152455,32.35488367
44000.032,-1797.415392,32.40785444,-1.376,32.36987305,0.362818723,32.48282123
44370.17614,-1858.400885,32.52878296,-1.616,32.49183416,0.51283466,32.68569207
44082.50858,-1760.182321,32.73267841,-1.628,32.69568515,0.512527966,32.76864409
43951.61089,-1860.182784,32.81811738,-1.628,32.78064108,0.511861698,32.85359359
44480.97792,-1867.367469,32.90106881,-1.78,32.86358857,0.51283466,32.93655062
43951.66694,-1953.972987,32.99151456,-1.892,32.95453572,0.512898114,33.07247257
44176.97671,-1870.477482,33.12443948,-1.892,33.08646178,0.682902076,33.29836321
44390.25415,-2020.082522,33.34381306,-2.176,33.30633235,0.685048938,33.37929487
44606.98921,-1934.443869,33.42826211,-2.176,33.39128351,0.687491918,33.46324706
45519.24694,-2034.076784,33.50871742,-2.324,33.47223902,0.688835029,33.54419565
45549.73665,-1928.905787,33.61015892,-2.472,33.57318425,0.688686969,33.6831162
45412.00824,-2039.920798,33.73158824,-2.472,33.69510937,0.876627274,33.87400579
46501.83951,-2007.266022,33.92200089,-2.784,33.8840034,0.900612903,33.95799685
46522.22349,-2123.006706,34.00896323,-2.784,33.9719584,0.912944139,34.04390955
47624.39525,-2168.624337,34.09188604,-2.944,34.05493855,0.928120232,34.12686372
47582.09922,-2268.537639,34.19632447,-3.108,34.1598413,0.92888168,34.27977157
47329.69466,-2166.714333,34.32924712,-3.108,34.29180264,1.106373219,34.47465968
48065.0055,-2352.414106,34.52313411,-3.444,34.48565817,1.119561084,34.5596149
47958.14796,-2252.772253,34.60960019,-3.444,34.57260466,1.133499823,34.64456439
48287.06232,-2373.532218,34.69104218,-3.596,34.65359235,1.136471587,34.72652864
48589.89718,-2332.764666,34.77350938,-3.788,34.73650932,1.142954476,34.85845065
48391.01621,-2378.58995,34.91091335,-3.792,34.8714335,1.303620117,35.06332064
49848.54955,-2356.60707,35.10979974,-4.144,35.07235026,1.296238296,35.14627433
49783.89525,-2463.6342,35.19674456,-4.144,35.15927553,1.29065434,35.23322701
51234.75123,-2520.552521,35.28173053,-4.304,35.24421978,1.2896285,35.31917524
51317.68031,-2548.438614,35.36716664,-4.508,35.32916975,1.293118472,35.45209718
50902.9,-2519.67,35.50256908,-4.508,35.4650929,1.551577372,35.64098859
51410.58244,-2720.412569,35.70246041,-4.876,35.66498208,1.550340018,35.7379353
51332.85133,-2613.292613,35.79040825,-4.876,35.75292563,1.555194253,35.82688642
52727.56546,-2735.935662,35.87585759,-5.052,35.83887815,1.557341115,35.91284251
52749.45825,-2684.088052,35.96080661,-5.248,35.92286158,1.562766436,36.04575539
52222.60557,-2734.908373,36.10022557,-5.248,36.06174827,1.759325915,36.27062464
53350.85335,-2707.972708,36.31760335,-5.624,36.28062558,1.752430575,36.35358214
52864.92162,-2816.540414,36.40405393,-5.624,36.36657095,1.747914762,36.43953085
54089.2,-2873.15,36.48701894,-5.78,36.44952369,1.743927733,36.52348161
53041.37299,-2897.209533,36.5709728,-5.996,36.5334847,1.739612858,36.65440559
52801.3528,-2866.452866,36.70487976,-6,36.66739917,2.077590252,36.85029173
52233.3969,-3051.354078,36.9062649,-6.376,36.86828303,2.09348549,36.94224691
52221.95222,-2946.162946,36.99371767,-6.376,36.95623279,2.097377338,37.03019023
53855.89254,-3071.943727,37.07767868,-6.54,37.04018497,2.095981349,37.11414146
53968.95397,-3024.533025,37.16261697,-6.748,37.12413669,2.078404579,37.24806404
53023.71955,-3059.14036,37.29953504,-6.752,37.26106071,2.175764235,37.46893549
54094.50819,-3020.12604,37.51491499,-7.124,37.47793007,2.17961378,37.55188894
53717.48178,-3129.878857,37.60139453,-7.124,37.56488824,2.182437485,37.63687396
54473.7,-3178.76,37.68381214,-7.276,37.64683342,2.185440976,37.71979308
53549.8781,-3269.851937,37.80125785,-7.488,37.72878504,2.181908701,37.91971064
53410.55341,-3155.433155,37.97114885,-7.492,37.93366909,2.352811595,38.1355505
53978.98754,-3321.523074,38.18302488,-7.856,38.1455493,2.351817482,38.21850991
54181.3,-3217.98,38.26997793,-7.856,38.23149705,2.349406228,38.30545926
54797.36034,-3339.1468,38.35393035,-8.004,38.3164475,2.348591901,38.39040661
54728.2,-3289.05,38.43787694,-8.204,38.40039945,2.342161891,38.5133357
54375.29626,-3328.333223,38.56680703,-8.208,38.52732635,2.541735438,38.72422194
53911,-3287.13,38.77168572,-8.556,38.73420835,2.54546865,38.80816746
53636.94092,-3388.644716,38.85864007,-8.556,38.82115626,2.547139607,38.8941226
55067.1,-3427.55,38.94008839,-8.712,38.90310884,2.549434528,38.97707891
54187.5005,-3452.92287,39.02455783,-8.892,38.98706794,2.542771854,39.10899067
53491.75349,-3411.633412,39.16146624,-8.892,39.12198472,2.692100372,39.33586431
53535.87779,-3561.83836,39.38383317,-9.216,39.34585595,2.6882191,39.42181087
53513.1,-3452.03,39.4742986,-9.216,39.4368031,2.687563408,39.50976181
54066.20572,-3553.352387,39.55873513,-9.372,39.5207603,2.690503445,39.59471726
54310.3,-3439.57,39.66167462,-9.528,39.62370229,2.687394197,39.74862289
53629.04073,-3532.528313,39.80209827,-9.528,39.76261878,2.867328717,39.94354653
53035.4,-3474.08,39.99098682,-9.824,39.95350575,2.870702357,40.02746177
52827.72635,-3570.516404,40.07993555,-9.824,40.04145312,2.87436154,40.115417
53090.66909,-3588.124119,40.16188645,-9.984,40.12440634,2.869306368,40.19837117
52670.17476,-3661.302516,40.25583673,-10.108,40.21838546,2.869052552,40.34228206
52271.3,-3561.61,40.39525163,-10.108,40.35727191,3.035704024,40.53716755
53647.99485,-3686.175841,40.58566082,-10.372,40.54816175,3.032319809,40.62216115
54060.1,-3593.18,40.67210829,-10.372,40.63511729,3.029570133,40.70806932
54212.36373,-3667.449021,40.7565589,-10.524,40.71806574,3.023129548,40.79205537
53985.2,-3565.62,40.84249139,-10.624,40.80601954,3.020866354,40.91998315
53586.49325,-3647.68484,40.97043645,-10.624,40.93294024,3.162802476,41.12283087
53977.3,-3576.53,41.16930819,-10.856,41.13185978,3.163437016,41.20578384
53025.43169,-3657.508753,41.25527251,-10.856,41.21778297,3.162294844,41.29174066
54434.8,-3649.77,41.33873117,-10.992,41.30072904,3.162918808,41.37568736
53264.83162,-3723.323083,41.42317486,-11.064,41.38568401,3.159978771,41.49963212
53484.5,-3635.8,41.55208802,-11.064,41.51260591,3.280700091,41.70349574
53078.62081,-3726.595712,41.75197053,-11.256,41.71349072,3.281292329,41.78845787
53206.5,-3636.34,41.8389225,-11.256,41.80144,3.283883369,41.87539792
53348.68707,-3686.955861,41.92487156,-11.388,41.88739252,3.279864613,41.96234965
52401.7,-3592.09,42.00932109,-11.428,41.97237706,3.283872793,42.092273
52837.72094,-3675.871897,42.14724362,-11.428,42.107265,3.363401863,42.28916359
51484.1,-3587.48,42.33663201,-11.58,42.2991519,3.3659506,42.37311268
52685.66983,-3668.995394,42.42360127,-11.58,42.38610172,3.365918873,42.46106005
52903,-3636.15,42.50953639,-11.692,42.47205424,3.364321946,42.54702377
52753.31883,-3715.9829,42.59398711,-11.708,42.55700707,3.36641593,42.67094421
52278.2,-3628.65,42.72141051,-11.708,42.68393016,3.426274245,42.89580989
51409.53383,-3705.728937,42.94828105,-11.812,42.90880227,3.424444654,42.98476672
52134.7,-3620.85,43.03773177,-11.812,42.99974918,3.426242518,43.0737071
51967.59919,-3702.372559,43.14466608,-11.892,43.10769677,3.426728999,43.18065238
52181.3,-3616.41,43.23261571,-11.892,43.19463801,3.425840643,43.31257033
51969.65121,-3696.966121,43.35904479,-11.952,43.32156372,3.458931927,43.52444935
51447.6,-3596.63,43.57991517,-11.952,43.54143715,3.457081184,43.61639619
51560.189,-3674.211855,43.67836022,-11.988,43.6393826,3.460581732,43.71433878
51821,-3588.43,43.76630759,-11.988,43.72832918,3.458730989,43.804286
51758.54572,-3665.715309,43.85226238,-12,43.81428218,3.461575846,43.93520999
51818.4,-3577.58,43.98618388,-12,43.94820285,3.456351462,44.14109182
51305.48525,-3651.348586,44.18708026,-11.988,44.15011549,3.457229243,44.23703551
51377.9,-3562.95,44.33703959,0,44.29957533,3.45506123,44.37551713
51054.4232,-3647.26024,44.42099071,-11.972,44.38351536,3.453580636,44.46846724
51011.9,-3516.62,44.50993931,-11.952,44.47246242,3.455822679,44.58939338
50904.2708,-3588.222529,44.64187217,-11.952,44.60438561,3.384087881,44.78627872
50737.5,-3506.68,44.83126938,-11.892,44.79427695,3.384246516,44.86723828
50781.26953,-3580.559514,44.91870403,-11.892,44.88122845,3.384415727,44.9541831
50983.8,-3499.2,45.02214396,-11.812,44.98516703,3.383516795,45.06012368
50773.86935,-3576.029401,45.10910833,-11.812,45.07211566,3.383368735,45.18207455
50716.7,-3495.63,45.22904861,-11.708,45.19204736,3.281873991,45.38993335
50821.32135,-3571.91287,45.48138142,-11.708,45.40392327,3.279631948,45.55583477
50569.6,-3483.47,45.60131598,-11.58,45.5648365,3.281884567,45.6357944
50600.86622,-3569.536377,45.68526387,-11.58,45.64878249,3.280340518,45.7207737
50887.8,-3537.75,45.76721561,-11.46,45.73073578,3.279716553,45.83967352
50573.96779,-3611.451955,45.88714743,-11.428,45.850667,3.143808565,46.03555918
50452.6,-3535.77,46.08553457,-11.428,46.04756141,3.141830914,46.12051129
50617.71606,-3577.953027,46.16648757,-11.292,46.12950587,3.145934276,46.20246482
50408.5,-3494.47,46.2504375,-11.256,46.21245933,3.138023671,46.28641772
50500.51301,-3590.033341,46.34838665,-11.256,46.30940557,3.140688741,46.4203403
51111.2,-3560.18,46.46681714,-11.068,46.43033266,2.980456703,46.64121318
50973.42531,-3606.093758,46.69568145,-11.064,46.65820122,2.980985486,46.73116183
52098.2,-3591.82,46.78165841,-10.912,46.74215627,2.9827622,46.81711555
51650.69127,-3662.661567,46.86409056,-10.856,46.82714009,2.98009713,46.89907217
51818.5,-3599.42,46.94953525,-10.856,46.91205645,2.982963137,47.02699018
52570.01425,-3655.791395,47.07346773,-10.632,47.03598332,2.804033307,47.22387624
52291.4,-3627.78,47.27684653,-10.624,47.23788071,2.805672537,47.31283331
53099.37438,-3703.268878,47.36080086,-10.464,47.32281899,2.80737522,47.39677954
52708.1,-3606.98,47.4447664,-10.372,47.40777135,2.806719528,47.47973013
52637.56858,-3702.456264,47.52970374,-10.372,47.49272132,2.807861701,47.60665512
53622.7,-3696.06,47.65264297,-10.124,47.61565113,2.61998485,47.81854081
52625.36301,-3746.529917,47.86701405,-10.108,47.82856202,2.624839085,47.90348649
52856.7,-3682.39,47.95745623,-10.108,47.92047596,2.624500663,47.99243927
53362.5807,-3770.730498,48.03891027,-9.952,48.00142765,2.623263309,48.07538915
53188.7,-3658.71,48.13637364,-9.824,48.09838247,2.622692223,48.21831179
52887.41641,-3745.66615,48.26777792,-9.824,48.23029637,2.431103311,48.4131906
53886.9,-3681.31,48.46116495,-9.528,48.42218804,2.426016411,48.49714637
53631.28715,-3784.020816,48.5471189,-9.528,48.51013637,2.424472363,48.58310676
54865.5646,-3800.701402,48.62957108,-9.372,48.59309506,2.419544099,48.66604924
54410.09702,-3864.775025,48.73352718,-9.216,48.69603372,2.418433653,48.81097031
54352.06306,-3765.661297,48.86243737,-9.216,48.82395482,2.28762314,49.00285101
55474.82045,-3884.55546,49.05432343,-8.892,49.0168438,2.280600892,49.0918026
55131.15513,-3789.003789,49.14477336,-8.892,49.10779262,2.258518885,49.18075323
56085.74606,-3870.062882,49.2287395,-8.724,49.19175386,2.240889236,49.26470065
55333.25533,-3735.063735,49.33418167,-8.556,49.29768419,2.229023329,49.42061138
55470.6313,-3827.171852,49.47560167,-8.556,49.43660188,1.966820641,49.61351156
56890.95689,-3733.293733,49.66699135,-8.208,49.62852526,1.983709993,49.70245171
56388.80972,-3826.215655,49.75542057,-8.208,49.71743941,2.007346624,49.79139972
57594.6,-3829.87,49.84188759,-8.044,49.80239201,2.028159551,49.8803544
56435.89803,-3877.169175,49.95183933,-7.856,49.91332889,2.053572896,50.03126121
56436.3,-3768.74,50.07773578,0,50.04025435,1.774290494,50.23114896
56410.88463,-3864.041145,50.27612138,-7.856,50.23614097,1.770525554,50.31210065
56332.8,-3678.57,50.35457683,-7.492,50.31710076,1.774237615,50.39005852
55985.6757,-3771.809208,50.4430387,-7.492,50.40404797,1.788472473,50.47900271
56845.35685,-3777.043777,50.52647936,-7.34,50.48799586,1.807455808,50.60592747
56562.57469,-3832.282813,50.6573993,-7.124,50.61792445,1.765808803,50.79781818
56726.2,-3685.78,50.84679246,0,50.8078115,1.770610159,50.88277459
57577.56671,-3769.652932,50.92474437,-7.124,50.88776541,1.769129565,50.96072578
57580.5,-3690.34,51.0012008,-6.988,50.96372318,1.770261162,51.03967881
56957.91003,-3764.676588,51.08317161,-6.764,51.04567456,1.767162489,51.17060947
56343.7,-3568.25,51.2110815,-6.752,51.17362094,1.681118805,51.35949326
55919.43023,-3649.200282,51.41249824,-6.752,51.37549686,1.677470197,51.4474442
57184.15718,-3651.483651,51.49493337,-6.588,51.45747375,1.680325629,51.53143144
56551.60069,-3640.073722,51.57787633,-6.38,51.54038978,1.678517189,51.61434889
56569.11314,-3600.497201,51.66482353,-6.376,51.62734795,1.681340894,51.74727082
56715.44774,-3634.019948,51.793751,-6.056,51.75627279,1.476881386,51.96814418
55632.7,-3450.67,52.01561713,-6,51.97814345,1.474797978,52.05109763
55265.41584,-3556.978254,52.10306919,-6,52.06608605,1.479229186,52.13905311
56779.17034,-3545.890638,52.18853354,-5.836,52.14903879,1.475823819,52.22400403
56023.74457,-3530.854741,52.27146876,-5.628,52.23399043,1.475041219,52.35891771
55853.01171,-3471.486943,52.41441035,-5.624,52.37691593,1.338012209,52.55280519
56137.99117,-3530.531202,52.61227596,-5.248,52.57479358,1.328589283,52.64974999
56237.11247,-3406.986814,52.69922757,-5.248,52.66175437,1.308749319,52.73570204
56855.16452,-3453.082874,52.78219223,-5.084,52.74469781,1.276197394,52.81865549
55785.41157,-3361.726723,52.86614025,-4.88,52.82865405,1.238114391,52.95357466
55081.96689,-3367.697457,53.00654733,-4.876,52.96756911,1.09336514,53.19843388
55607.9,-3189.67,53.24790883,-4.508,53.21042848,1.091440367,53.28638601
55281.18203,-3275.161879,53.33785391,-4.508,53.29937601,1.090128983,53.37633348
56224.4,-3238.31,53.42632437,-4.336,53.3863306,1.085496838,53.46328235
55389.72935,-3282.428778,53.53176093,-4.144,53.49426436,1.084122,53.60720539
55152.2,-3150.3,53.65969026,-4.144,53.62219262,0.885553143,53.82707143
54015.0803,-3185.0037,53.87604988,-3.792,53.83906722,0.888990237,53.91202569
54012.2,-3056.44,53.96349895,-3.792,53.92502093,0.891581277,53.99997425
54371.84181,-3082.034723,54.04894483,-3.628,54.00996661,0.893389718,54.09192133
54067.40813,-2908.595817,54.15838087,-3.444,54.12090826,0.893463747,54.23183918
53055.96723,-2985.45568,54.28531373,-3.444,54.24583292,0.679813979,54.43772101
53309.25331,-2797.892798,54.48719621,-3.108,54.44771528,0.677328695,54.52367163
52978.36552,-2884.07345,54.57564819,-3.108,54.53869891,0.675319317,54.61165857
53631.80726,-2828.365657,54.66011465,-2.94,54.62161922,0.676662428,54.69657183
52528.6031,-2880.440489,54.763044,-2.784,54.72555518,0.678957349,54.84249353
52220.3,-2737.25,54.89545763,-2.784,54.85748577,0.526741672,55.04137683
51989.79577,-2767.033642,55.09034896,-2.472,55.05236626,0.527513696,55.12633133
51821.6,-2637.53,55.17679441,-2.472,55.14031649,0.529004866,55.21227336
51287.6309,-2641.25339,55.25875711,-2.312,55.22127676,0.533288014,55.29522848
50785.8,-2482.01,55.35969043,-2.176,55.32221174,0.529353863,55.43614507
50477.3105,-2559.796316,55.4896214,-2.176,55.45014715,0.346056279,55.63003278
49293.5,-2384.94,55.67651594,-1.892,55.63906193,0.348520411,55.71199441
48855.87254,-2464.299143,55.76246214,-1.892,55.72499108,0.351597933,55.79897141
49279.84928,-2394.422394,55.84592688,-1.748,55.80894136,0.356230078,55.88289356
48725.56941,-2456.208949,55.93985856,-1.628,55.90187883,0.355045602,56.01481485
49222.5,-2336.17,56.06678331,-1.628,56.02780604,0.279429532,56.20870018
48143.15544,-2383.387201,56.25619006,-1.376,56.21869564,0.278086422,56.29268765
48457,-2260.05,56.34413195,-1.376,56.30664349,0.279641046,56.38060212
48000.35201,-2262.944311,56.42757607,-1.232,56.38960266,0.276045317,56.46457314
47788.1,-2144.96,56.51204324,-1.144,56.47454786,0.279672773,56.59148622
47449.88625,-2209.235231,56.64296651,-1.144,56.60547423,0.141268926,56.78237534
46801.5,-2054.17,56.82934439,-0.936,56.79236388,0.134690856,56.86632276
46516.7164,-2133.201197,56.92130721,-0.936,56.8823173,0.134225527,56.95627785
47036.9,-2066.4,57.00427806,-0.788,56.96626353,0.132343057,57.04022193
46249.61749,-2144.867187,57.08921254,-0.744,57.05121565,0.130375981,57.16914749
46704.3,-2022.76,57.22512054,-0.744,57.18513942,0.047261758,57.41600394
45571.93044,-2063.635718,57.46399558,-0.572,57.42500877,0.04650031,57.50096512
45744.1,-1951.78,57.55194604,-0.572,57.51495647,0.048287599,57.58790708
46168.3157,-1958.453086,57.63488817,-0.444,57.5979085,0.048139539,57.67089391
43686.1,-1850.79,57.71783149,-0.42,57.68085194,0.042693067,57.79479671
45293.14174,-1927.944343,57.84626102,-0.42,57.808779,-0.03931071,57.99267149
44663.67865,-1798.537194,58.03916383,-0.292,58.00166702,-0.041404693,58.07662916
44147.25953,-1878.795091,58.12809992,-0.292,58.0906148,-0.037280181,58.16557312
44578.18916,-1825.653651,58.21304727,-0.192,58.17556691,-0.034710292,58.24953008
43913.91002,-1849.752544,58.30099559,-0.188,58.2635181,-0.029274395,58.37445354
44029.43209,-1733.595201,58.42242897,-0.108,58.38544726,-0.079022366,58.60433435
44114.85876,-1804.643311,58.65432703,-0.108,58.61731482,-0.081941252,58.68927288
43811.14381,-1705.291705,58.75773573,-0.048,58.72025466,-0.081581679,58.79421186
43779.30692,-1785.681071,58.84468341,-0.048,58.80720353,-0.081613407,58.88116097
43602.6,-1694.37,58.94262695,-0.012,58.90514851,-0.078208039,59.0170927
43176.84989,-1766.488863,59.07055342,-0.012,59.03208184,-0.109850456,59.21597719
42998.37199,-1668.046672,59.26644158,0,59.22696209,-0.106741208,59.30191946
42767.36918,-1806.585165,59.35338938,0,59.31491137,-0.10597976,59.38886881
42796.42839,-1710.405131,59.44285548,0,59.40385962,-0.111648321,59.47881603
42658.72381,-1794.883077,59.52578998,-0.012,59.48881269,-0.110178302,59.60675216
42779.02834,-1701.765105,59.65721536,-0.012,59.61973619,-0.07930791,59.80362868
42348.91637,-1785.622855,59.85260606,-0.048,59.81462455,-0.075246851,59.8895843
42446.24245,-1691.441691,59.94005728,-0.048,59.90260625,-0.07123867,59.97553205
41926.54816,-1784.994625,60.04299617,-0.108,60.00552106,-0.072856748,60.07947254
42037.98408,-1684.453369,60.12994242,-0.108,60.09247017,-0.066543071,60.21639228
41656.48307,-1766.675934,60.26539767,-0.188,60.22639561,-0.008228804,60.4102788
41904.58381,-1676.553353,60.4667654,-0.188,60.42727208,-0.008239379,60.50222754
41639.74099,-1761.014025,60.59167743,-0.288,60.51222277,-0.005606037,60.66713643
41900.8,-1673.47,60.71712315,-0.292,60.68012643,-0.006314607,60.75208259
41758.38572,-1704.914328,60.79807591,-0.404,60.76107907,-0.003734142,60.87401795
41546.5,-1604.65,60.9209919,-0.42,60.88401699,0.088570341,61.08788848
41108.22771,-1701.692542,61.1373843,-0.42,61.09988379,0.08588412,61.17284203
41706.9,-1674.41,61.22082734,-0.54,61.18386841,0.088602068,61.25679421
41241.40731,-1766.738868,61.30428708,-0.572,61.26680374,0.087026293,61.34074926
41519.04152,-1682.431682,61.39223135,-0.572,61.35573483,0.08564088,61.46667218
41871.76305,-1783.631024,61.53663564,-0.744,61.49968815,0.212104791,61.70253754
41958.64196,-1695.891696,61.75501347,-0.744,61.71653271,0.211724067,61.79048419
42101.91045,-1744.661872,61.83697724,-0.892,61.79948616,0.217001328,61.87243962
42160.54216,-1652.731653,61.91941094,-0.936,61.88243389,0.211597158,61.95439005
42100.95252,-1752.753819,62.00586879,-0.936,61.96739149,0.212379758,62.09331036
42744.18549,-1689.323379,62.16777134,-1.144,62.12829161,0.35634641,62.33517075
42438.03364,-1784.199252,62.38863993,-1.144,62.35116911,0.35720304,62.42412114
43209.32963,-1780.805342,62.47210097,-1.304,62.43511415,0.358493272,62.50807238
42736.28293,-1873.393088,62.55504477,-1.376,62.51706624,0.357372251,62.59002495
42869.08574,-1790.09358,62.63949645,-1.376,62.60202551,0.355193662,62.7159524
43162.30641,-1853.668927,62.76392865,-1.616,62.72594929,0.507282431,62.9048512
43006.31503,-1757.398787,62.95131993,-1.628,62.91487122,0.510423406,62.98780346
42970.8313,-1857.884589,63.03830171,-1.628,63.00079513,0.510412831,63.07374692
43719.78744,-1861.973724,63.12022507,-1.78,63.08276439,0.508012153,63.15669966
43140.44909,-1946.562824,63.21266711,-1.892,63.17372322,0.509418717,63.2966249
43380.68676,-1872.233744,63.34959555,-1.892,63.31261039,0.678164174,63.50249839
43251.73804,-2011.798283,63.5504936,-2.176,63.51351142,0.676482641,63.58646321
43651.63095,-1928.285785,63.636922,-2.176,63.59944224,0.678301657,63.67240047
44403.31008,-2028.110703,63.71938288,-2.332,63.68239617,0.678608352,63.75535345
44594.04459,-1923.001923,63.81932032,-2.472,63.78233862,0.680279308,63.90527725
44392.20981,-2032.950824,63.95623779,-2.472,63.91926098,0.883554341,64.10115337
45579.09116,-2003.314007,64.14911187,-2.784,64.1111474,0.886927981,64.1851089
45380.17064,-2112.669155,64.23509419,-2.784,64.19810724,0.887202948,64.27105808
46719.84016,-2158.636476,64.31803489,-2.94,64.28105068,0.886927981,64.35500741
46359.91264,-2255.614135,64.42647004,-3.108,64.38699007,0.879948036,64.51391625
46558.59312,-2160.354321,64.56739473,-3.108,64.52994704,1.094877461,64.75877404
46862.5247,-2335.586054,64.80824721,-3.444,64.77076864,1.095374518,64.84772682
47136.84141,-2241.466724,64.90021086,-3.444,64.86271834,1.097077201,64.93567324
48173.84887,-2360.426092,64.98366153,-3.608,64.94567013,1.095786969,65.01965928
48294.59318,-2307.40923,65.06710446,-3.792,65.02962542,1.096823385,65.15354705
47791.14257,-2360.131363,65.20501685,-3.792,65.16754031,1.28398109,65.34943438
49120.19472,-2345.824075,65.40290821,-4.144,65.36542535,1.277180932,65.43938398
48860.51923,-2453.616248,65.49085402,-4.144,65.45337486,1.274600467,65.52833438
50568.60341,-2509.575057,65.57730246,-4.312,65.53832674,1.272665119,65.61329269
50247.70644,-2540.956065,65.66125906,-4.508,65.62228656,1.27997291,65.7332139
50365.4511,-2509.507529,65.78368938,-4.508,65.74621081,1.5437831,65.94909668
50856.62227,-2705.270337,65.99708128,-4.876,65.95908713,1.54346583,66.03304791
50937.35281,-2598.097794,66.08351791,-4.876,66.04603362,1.541636239,66.11999393
52113.31129,-2720.998909,66.16848314,-5.04,66.13002014,1.543264892,66.20395112
51977.75593,-2676.918031,66.25291514,-5.244,66.2149713,1.539076925,66.32687306
51243.78358,-2722.97352,66.38234282,-5.248,66.34386635,1.746867771,66.57272983
51816.7,-2697.5,66.61920357,-5.624,66.58176017,1.74865506,66.65568328
51653.5463,-2804.258519,66.70915246,-5.624,66.67167258,1.745249692,66.74463773
53094.01238,-2856.521426,66.79210353,-5.792,66.75366068,1.74779843,66.82758355
52426.76795,-2881.140672,66.87456024,-5.996,66.83758616,1.74708986,66.95051193
52302.46151,-2851.93426,67.00298548,-6,66.96351266,2.011143291,67.14140296
52319.61263,-3035.121948,67.20186818,-6.376,67.16538858,2.033500266,67.23934531
52521.41009,-2932.101728,67.28981733,-6.376,67.25233698,2.051806758,67.32829857
54000.71202,-3058.625642,67.37876868,-6.548,67.33828998,2.060753778,67.41525292
53595.36079,-3002.759008,67.46471679,-6.748,67.42524052,2.049109961,67.54616857
52814.52036,-3049.816245,67.60164464,-6.752,67.56216431,2.127856431,67.7760365
53557.60712,-3006.486013,67.82551312,-7.124,67.78803062,2.130109049,67.86398649
53395.7815,-3117.91483,67.91745639,-7.124,67.87897825,2.128438093,67.95293665
54648.02789,-3164.598988,68.00042272,-7.296,67.96293545,2.130775317,68.03888464
53881.69316,-3192.846628,68.08635747,-7.492,68.04888821,2.1320867,68.1708169
53430.36029,-3149.149447,68.22328138,-7.492,68.18480134,2.316219763,68.36769485
53739.8435,-3314.262857,68.42017162,-7.856,68.38268757,2.297585425,68.45764589
53776.61511,-3217.122868,68.50911891,-7.856,68.47163749,2.275915868,68.54560232
54279.34843,-3330.316597,68.59408391,-8.024,68.55558848,2.262865487,68.63154697
53899.2156,-3221.032884,68.70150423,-8.208,68.66352558,2.258984214,68.7804594
53216.62398,-3311.366161,68.83394456,-8.208,68.79445982,2.463401419,68.98035264
53750.06875,-3272.876364,69.02981758,-8.556,68.99237537,2.451091335,69.06529355
52942.3765,-3374.107727,69.11776543,-8.556,69.07829762,2.445983284,69.15324378
54259.61704,-3413.253653,69.20271564,-8.708,69.16523862,2.452127751,69.24019861
53540.83852,-3505.767644,69.31215584,-8.892,69.27517581,2.455427361,69.3891108
53520.32112,-3392.180353,69.44407868,-8.892,69.40609813,2.683470622,69.59698772
53045.47309,-3547.305135,69.64747691,-9.216,69.60798311,2.683311987,69.68393779
53145.75944,-3439.780319,69.735425,-9.216,69.69793177,2.681112247,69.77188945
53744.15109,-3537.0555,69.81836677,-9.376,69.7808938,2.682984141,69.85584116
53391.62035,-3422.030532,69.92430365,-9.528,69.88482285,2.680551736,69.99975634
53077.72079,-3513.540811,70.04922819,-9.528,70.01174831,2.849001073,70.20463681
53322.51329,-3460.713843,70.25211751,-9.824,70.21463084,2.846272549,70.29058933
53294.43236,-3553.948849,70.34255826,-9.824,70.30458045,2.843956477,70.37753987
53307.41323,-3571.024284,70.42651224,-9.984,70.3875339,2.84062514,70.46249533
52722.36534,-3643.33744,70.52195716,-10.108,70.48447919,2.836585232,70.60941243
52368.20947,-3544.864179,70.66339159,-10.108,70.62639642,3.020559659,70.81130528
53598.97918,-3663.870605,70.85976434,-10.372,70.8212831,3.026714701,70.89624262
52797.71119,-3576.754307,70.95021057,-10.372,70.91123009,3.025561953,70.98618722
53423.74244,-3647.668487,71.03366148,-10.536,70.99618459,3.025974404,71.07313895
53125.75938,-3546.870641,71.12612772,-10.624,71.0861342,3.028078963,71.20306325
52740.0185,-3631.680792,71.25705016,-10.624,71.21905518,3.160137406,71.39695096
53070.21228,-3561.474246,71.44542742,-10.856,71.40796065,3.160740219,71.48290396
52709.52316,-3648.218502,71.53587627,-10.856,71.49689627,3.152797888,71.57385063
53839.71536,-3630.894524,71.62332058,-11.016,71.58584666,3.158424147,71.65979981
53258.62495,-3704.3652,71.70977163,-11.064,71.67083073,3.155896561,71.79473257
52008.45201,-3617.683618,71.84819651,-11.064,71.80872583,3.265418242,71.99060726
52166.00848,-3708.490129,72.03908205,-11.256,72.0016036,3.27009269,72.0745616
52163.70433,-3623.177246,72.12703347,-11.256,72.08955717,3.265989328,72.16350913
52404.36732,-3669.202738,72.21198165,-11.396,72.17354178,3.265968177,72.24746132
51987.85596,-3576.970731,72.29593337,-11.428,72.25745559,3.266761353,72.37238884
51364.44093,-3659.949798,72.42685938,-11.428,72.38738155,3.362132782,72.58626461
51517.70304,-3571.817144,72.63673997,-11.58,72.59825945,3.362830776,72.67321658
51611.59674,-3655.296004,72.72720456,-11.58,72.68721509,3.361773209,72.76316953
51635.95164,-3619.353619,72.81165278,-11.7,72.77416325,3.362132782,72.84811831
51810.45069,-3658.592441,72.89860415,-11.708,72.86111498,3.364205614,72.98207307
52099.9042,-3579.96716,73.02951586,-11.812,72.99206567,3.415550512,73.21790099
51877.50445,-3641.595606,73.27188861,-11.812,73.23289251,3.410558794,73.30685806
52063.35206,-3594.733595,73.35482693,-11.892,73.31784487,3.41301235,73.39080858
51594.74465,-3639.841916,73.44427347,-11.892,73.40679646,3.411299091,73.47975063
51907.3,-3558.39,73.54822803,-11.952,73.50973511,3.411870177,73.62466741
51306.53658,-3628.311593,73.6756407,-11.952,73.63765955,3.457715724,73.87052941
50679.9,-3546.51,73.92000258,-11.988,73.88251805,3.461015335,73.95647597
50559.86624,-3611.844743,74.0074501,-11.988,73.96747065,3.458741565,74.04242849
50880.5,-3536.15,74.09091759,-12,74.05342269,3.459206895,74.12638855
50502.91408,-3602.50087,74.17686331,-12,74.13937068,3.459333803,74.24931073
50132.8,-3527.43,74.29578435,-11.988,74.25930262,3.441059038,74.45219183
50068.35185,-3633.728111,74.57663608,-11.988,74.46518278,3.443311656,74.68305755
50122.60025,-3507.327015,74.72954798,-11.952,74.69206047,3.441894516,74.76501393
50231.20647,-3578.240191,74.81649792,-11.952,74.77900887,3.441154219,74.85595894
50151.2,-3500.16,74.92042422,-11.892,74.88295388,3.439081387,74.99887633
49885.94669,-3571.853584,75.0493511,-11.892,75.01186848,3.329200133,75.20376468
49568.4,-3485.99,75.25223351,-11.812,75.21375179,3.335376326,75.28771377
49721.19164,-3562.536876,75.34167838,-11.812,75.3037014,3.329316465,75.37765908
49706.5,-3519.11,75.42464828,-11.712,75.38766336,3.327687811,75.46061087
49738.6419,-3565.060517,75.51158178,-11.708,75.47460246,3.333324645,75.59253693
49655.99931,-3476.156952,75.68248355,-11.58,75.60352921,3.212465842,75.93033886
49418.83547,-3551.318783,75.98032427,-11.58,75.9433341,3.211260215,76.01529431
50135.45014,-3519.043519,76.06228232,-11.456,76.02528477,3.206924188,76.09824467
49777.24443,-3596.099902,76.14373028,-11.428,76.10623646,3.20875378,76.17919779
50023.05002,-3525.413525,76.22768462,-11.428,76.19018936,3.209525804,76.30912232
50247.6557,-3564.101974,76.34760427,-12,76.31012034,3.057870637,76.48102093
