805333.4,0.03406810760498047,0,0.002992868423461914,-3.3921138258668293,0.29517292976379395
276923.1,0.3072323799133301,0,0.2961113452911377,-3.3921138258668293,0.3193519115447998
260909.1,0.33442819118499756,-0.456,0.32337331771850586,-3.3921138258668293,0.3464512825012207
261668.4,0.3605353832244873,-0.496,0.34947776794433594,-3.3921138258668293,0.3745851516723633
293861.9,0.38857901096343994,-0.54,0.37758421897888184,-3.3921138258668293,0.4005463123321533
274568.5,0.41356587409973145,-0.588,0.40254664421081543,-3.3921138258668293,0.42553019523620605
261837.8,0.4405350685119629,-0.632,0.4295222759246826,-3.3921138258668293,0.45250988006591797
240368.9,0.46554839611053467,-0.672,0.45453858375549316,-3.3921138258668293,0.47749996185302734
263932.7,0.4936220645904541,-0.72,0.48249387741088867,-3.3921138258668293,0.5057213306427002
252958.9,0.5187661647796631,-0.76,0.5077469348907471,-3.3921138258668293,0.5308163166046143
235148.0,0.544791579246521,-0.808,0.5337820053100586,-3.3921138258668293,0.5567693710327148
233826.3,0.569861888885498,-0.848,0.5587997436523438,-3.3921138258668293,0.5819168090820312
280882.3,0.5959594249725342,-0.892,0.5849449634552002,-3.3921138258668293,0.6080174446105957
295579.5,0.621046781539917,-0.936,0.6100122928619385,-3.3921138258668293,0.6330580711364746
262869.2,0.6471009254455566,-0.98,0.6360535621643066,-3.3921138258668293,0.6591203212738037
282909.9,0.6721814870834351,-1.02,0.6611461639404297,-3.3921138258668293,0.6841912269592285
329974.2,0.698206901550293,-1.064,0.687213659286499,-3.3921138258668293,0.7101752758026123
300840.3,0.7232340574264526,-1.104,0.7121987342834473,-3.3921138258668293,0.7362380027770996
300615.0,0.7502996921539307,-1.148,0.7392680644989014,-3.3921138258668293,0.7623014450073242
299354.8,0.7763382196426392,-1.192,0.7653005123138428,-3.3921138258668293,0.7883756160736084
312532.7,0.802390456199646,-1.236,0.7913966178894043,-3.3921138258668293,0.814354419708252
313533.8,0.8274765014648438,-1.276,0.8163526058197021,-3.3921138258668293,0.8396298885345459
295498.0,0.8536100387573242,-1.324,0.8426282405853271,-3.3921138258668293,0.8655903339385986
342814.4,0.878618597984314,-1.364,0.8676137924194336,-3.3921138258668293,0.8906235694885254
305624.1,0.9056289196014404,-1.408,0.894650936126709,-3.3921138258668293,0.917637825012207
302313.6,0.9301815032958984,-1.448,0.9196052551269531,-3.3921138258668293,0.9427845478057861
313288.6,0.956803560256958,-1.492,0.945756196975708,-3.3921138258668293,0.9688212871551514
317630.9,0.9818153381347656,-1.536,0.9708197116851807,-3.3921138258668293,0.9938106536865234
301564.4,1.009856104850769,-1.58,0.998807430267334,-3.3921138258668293,1.0218801498413086
297225.6,1.0348845720291138,-1.62,1.023902416229248,-3.3921138258668293,1.0468597412109375
273478.3,1.0618653297424316,-1.668,1.0508556365966797,-3.3921138258668293,1.0738739967346191
277491.6,1.086854338645935,-1.708,1.0758719444274902,-3.3921138258668293,1.0988290309906006
262340.7,1.1128720045089722,-1.756,1.1018579006195068,-3.3921138258668293,1.1259253025054932
277397.3,1.137918472290039,-1.796,1.1269252300262451,-3.3921138258668293,1.1498799324035645
296902.1,1.1649278402328491,-1.84,1.1538772583007812,-3.3921138258668293,1.176954746246338
317351.0,1.188974142074585,-1.884,1.1779773235321045,-3.3921138258668293,1.2009391784667969
271599.1,1.216057538986206,-1.928,1.2049298286437988,-3.3921138258668293,1.2281849384307861
278169.0,1.2411653995513916,-1.968,1.2301609516143799,-3.3921138258668293,1.2531707286834717
301600.0,1.2677018642425537,-2.012,1.2571680545806885,-3.3921138258668293,1.2802047729492188
331655.7,1.293294072151184,-2.056,1.282203197479248,-3.3921138258668293,1.3053548336029053
321375.9,1.3193453550338745,-2.1,1.3083510398864746,-3.3921138258668293,1.3313465118408203
272331.2,1.3444113731384277,-2.14,1.333341360092163,-3.3921138258668293,1.3564746379852295
292255.1,1.3709698915481567,-2.184,1.360471248626709,-3.3921138258668293,1.3834583759307861
271651.1,1.395523190498352,-2.228,1.384488582611084,-3.3921138258668293,1.4075586795806885
263113.0,1.4225759506225586,-2.272,1.4115550518035889,-3.3921138258668293,1.4346272945404053
308054.5,1.4472233057022095,-2.312,1.4366254806518555,-3.3921138258668293,1.4588420391082764
298199.3,1.4748574495315552,-2.356,1.463827133178711,-3.3921138258668293,1.4869277477264404
267023.6,1.4999216794967651,-2.396,1.488929271697998,-3.3921138258668293,1.5128886699676514
279904.3,1.5275282859802246,-2.444,1.5169129371643066,-3.3921138258668293,1.5391206741333008
336959.6,1.5521363019943237,-2.488,1.5411417484283447,-3.3921138258668293,1.56410551071167
328030.3,1.5792012214660645,-2.532,1.5681262016296387,-3.3921138258668293,1.5912468433380127
300109.8,1.6042685508728027,-2.572,1.5932745933532715,-3.3921138258668293,1.6162397861480713
291460.7,1.6303352117538452,-2.616,1.6192595958709717,-3.3921138258668293,1.6423799991607666
297813.6,1.6554133892059326,-2.66,1.6443791389465332,-3.3921138258668293,1.6674778461456299
283122.8,1.6824696063995361,-2.704,1.6714763641357422,-3.3921138258668293,1.694462537765503
281278.6,1.707643985748291,-2.744,1.6964309215545654,-3.3921138258668293,1.7198271751403809
302337.0,1.733880639076233,-2.788,1.7228548526763916,-3.3921138258668293,1.7458758354187012
309710.0,1.7589281797409058,-2.832,1.747882604598999,-3.3921138258668293,1.7709736824035645
283047.2,1.7855591773986816,-2.876,1.773972511291504,-3.3921138258668293,1.7981135845184326
272262.0,1.8111369609832764,-2.916,1.8001434803009033,-3.3921138258668293,1.8231306076049805
277732.0,1.8372045755386353,-2.964,1.8261284828186035,-3.3921138258668293,1.8492777347564697
259378.0,1.8622990846633911,-2.992,1.8512463569641113,-3.3921138258668293,1.874328374862671
265102.7,1.8884501457214355,-3.0,1.8773493766784668,-3.3921138258668293,1.9005863666534424
112207.0,1.9136028289794922,-3.0,1.9025804996490479,-3.3921138258668293,1.9256205558776855
173417.7,1.9406272172927856,-3.0,1.9296472072601318,-3.3921138258668293,1.9526052474975586
189473.7,1.965168833732605,-3.0,1.9546334743499756,-3.3921138258668293,1.9776792526245117
211348.7,1.9936933517456055,-3.0,1.9826998710632324,-3.3921138258668293,2.005662679672241
240145.3,2.0182608366012573,-3.0,2.0076847076416016,-3.3921138258668293,2.0308361053466797
231559.6,2.04486882686615,-3.0,2.033834218978882,-3.3921138258668293,2.0568764209747314
250046.9,2.069884181022644,-3.0,2.05890154838562,-3.3921138258668293,2.0818631649017334
248648.7,2.0969059467315674,-3.0,2.085885763168335,-3.3921138258668293,2.108954906463623
294713.7,2.121021270751953,-3.0,2.1099538803100586,-3.3921138258668293,2.1330645084381104
268817.2,2.147620439529419,-3.0,2.1370863914489746,-3.3921138258668293,2.16015362739563
253410.2,2.173117756843567,-3.0,2.1621224880218506,-3.3921138258668293,2.185114860534668
257448.9,2.199130892753601,-3.0,2.1881372928619385,-3.3921138258668293,2.2120931148529053
236499.1,2.225187063217163,-3.0,2.214099168777466,-3.3921138258668293,2.2372729778289795
281519.5,2.2512903213500977,-3.0,2.2402706146240234,-3.3921138258668293,2.2643089294433594
282266.5,2.277315139770508,-3.0,2.2663378715515137,-3.3921138258668293,2.2892918586730957
263945.6,2.3032842874526978,-3.0,2.292289972305298,-3.3921138258668293,2.3162779808044434
299659.5,2.3302698135375977,-3.0,2.319276809692383,-3.3921138258668293,2.343261241912842
299792.5,2.3572566509246826,-3.0,2.346259832382202,-3.3921138258668293,2.3692522048950195
265975.5,2.38324236869812,-3.0,2.3722455501556396,-3.3921138258668293,2.3962318897247314
288797.5,2.4092425107955933,-3.0,2.3982608318328857,-3.3921138258668293,2.4222168922424316
275709.8,2.4362146854400635,-3.0,2.4252209663391113,-3.3921138258668293,2.4482107162475586
250625.6,2.4612088203430176,-3.0,2.450199842453003,-3.3921138258668293,2.4741861820220947
256521.7,2.488332748413086,-3.0,2.477215528488159,-3.3921138258668293,2.500419855117798
246851.9,2.5135079622268677,-3.0,2.502448081970215,-3.3921138258668293,2.525596857070923
241229.7,2.540641665458679,-3.0,2.529564619064331,-3.3921138258668293,2.5526950359344482
246835.4,2.5653669834136963,-3.0,2.5547170639038086,-3.3921138258668293,2.576998472213745
233810.4,2.591991901397705,-3.0,2.5809829235076904,-3.3921138258668293,2.603975534439087
258731.7,2.6171003580093384,-3.0,2.6059999465942383,-3.3921138258668293,2.629207134246826
255617.0,2.6443700790405273,-3.0,2.6331965923309326,-3.3921138258668293,2.656510829925537
251571.2,2.6691172122955322,-3.0,2.6585426330566406,-3.3921138258668293,2.680668354034424
268998.1,2.695769786834717,-3.0,2.684689521789551,-3.3921138258668293,2.7078113555908203
276433.2,2.720440626144409,-3.0,2.709839344024658,-3.3921138258668293,2.733070135116577
235133.0,2.747104048728943,-3.0,2.7360689640045166,-3.3921138258668293,2.7591371536254883
230523.9,2.772164225578308,-3.0,2.761106491088867,-3.3921138258668293,2.7841989994049072
217956.7,2.798213005065918,-3.0,2.787219285964966,-3.3921138258668293,2.811183214187622
213639.9,2.8242104053497314,-3.0,2.81317400932312,-3.3921138258668293,2.8372225761413574
237717.1,2.8512372970581055,-3.0,2.840243339538574,-3.3921138258668293,2.863232135772705
244444.4,2.876305341720581,-3.0,2.865229606628418,-3.3921138258668293,2.888380527496338
218168.3,2.9023979902267456,-3.0,2.8913779258728027,-3.3921138258668293,2.9144248962402344
223432.8,2.92743980884552,-3.0,2.9164462089538574,-3.3921138258668293,2.9394025802612305
224598.1,2.955451488494873,-3.0,2.9444007873535156,-3.3921138258668293,2.967499256134033
219390.2,2.980475664138794,-3.0,2.9694983959198,-3.3921138258668293,2.992452621459961
225538.7,3.0075438022613525,-3.0,2.9964511394500732,-3.3921138258668293,3.019627094268799
223892.4,3.032703995704651,-3.0,3.021655559539795,-3.3921138258668293,3.044753074645996
223364.5,3.0598138570785522,-3.0,3.048778772354126,-3.3921138258668293,3.0718250274658203
215184.0,3.0848281383514404,-3.0,3.0738468170166016,-3.3921138258668293,3.0968027114868164
223095.5,3.111825108528137,-3.0,3.100832223892212,-3.3921138258668293,3.1238179206848145
223064.3,3.13584041595459,-3.0,3.124816656112671,-3.3921138258668293,3.1478610038757324
224113.5,3.1629189252853394,-3.0,3.151883363723755,-3.3921138258668293,3.1749532222747803
218683.0,3.1879712343215942,-3.0,3.1769516468048096,-3.3921138258668293,3.2000205516815186
227602.9,3.21405291557312,-3.0,3.2030184268951416,-3.3921138258668293,3.2260568141937256
215003.9,3.2400628328323364,-3.0,3.2290539741516113,-3.3921138258668293,3.252042055130005
210608.4,3.2670507431030273,-3.0,3.2560694217681885,-3.3921138258668293,3.2790331840515137
207104.3,3.292050361633301,-3.0,3.2810559272766113,-3.3921138258668293,3.3040335178375244
215958.3,3.3190338611602783,-3.0,3.3080406188964844,-3.3921138258668293,3.3320255279541016
209495.5,3.344019055366516,-3.0,3.3330259323120117,-3.3921138258668293,3.3560125827789307
226447.6,3.3709877729415894,-3.0,3.3600094318389893,-3.3921138258668293,3.382972478866577
205584.9,3.395972967147827,-3.0,3.3849947452545166,-3.3921138258668293,3.4079504013061523
205135.5,3.422973155975342,-3.0,3.411979913711548,-3.3921138258668293,3.4349358081817627
223584.9,3.4479717016220093,-3.0,3.436934232711792,-3.3921138258668293,3.460033655166626
248818.9,3.47518789768219,-3.0,3.464031934738159,-3.3921138258668293,3.4873430728912354
218138.8,3.5003358125686646,-3.0,3.489342212677002,-3.3921138258668293,3.512329339981079
224483.3,3.5268203020095825,-3.0,3.516326427459717,-3.3921138258668293,3.5392839908599854
229605.8,3.5513473749160767,-3.0,3.5403125286102295,-3.3921138258668293,3.5633511543273926
212152.3,3.5783567428588867,-3.0,3.567347526550293,-3.3921138258668293,3.590336322784424
203260.1,3.6033997535705566,-3.0,3.592365026473999,-3.3921138258668293,3.615433931350708
206086.3,3.629965901374817,-3.0,3.619431495666504,-3.3921138258668293,3.642500162124634
195482.6,3.6545214653015137,-3.0,3.643475294113159,-3.3921138258668293,3.66654372215271
193721.4,3.681613802909851,-3.0,3.670539379119873,-3.3921138258668293,3.694683790206909
193251.2,3.7066959142684937,-3.0,3.695690631866455,-3.3921138258668293,3.7196695804595947
188910.6,3.733748435974121,-3.0,3.72269868850708,-3.3921138258668293,3.746798038482666
197231.8,3.759790062904358,-3.0,3.748795986175537,-3.3921138258668293,3.771782636642456
200429.8,3.785831332206726,-3.0,3.7747812271118164,-3.3921138258668293,3.7978806495666504
194309.0,3.8109339475631714,-3.0,3.7998874187469482,-3.3921138258668293,3.8229784965515137
189641.9,3.836971163749695,-3.0,3.8259775638580322,-3.3921138258668293,3.8499643802642822
198798.4,3.861997604370117,-3.0,3.8509624004364014,-3.3921138258668293,3.874002695083618
195430.1,3.8890504837036133,-3.0,3.8780014514923096,-3.3921138258668293,3.901069164276123
200979.0,3.91423761844635,-3.0,3.9030983448028564,-3.3921138258668293,3.9263851642608643
191994.6,3.94143009185791,-3.0,3.930356502532959,-3.3921138258668293,3.9535107612609863
195558.7,3.966543197631836,-3.0,3.955507278442383,-3.3921138258668293,3.97857928276062
219551.3,3.9935697317123413,-3.0,3.9825761318206787,-3.3921138258668293,4.00558876991272
242588.1,4.018569350242615,-3.0,4.007563829421997,-3.3921138258668293,4.030545711517334
210872.9,4.044607520103455,-3.0,4.033572196960449,-3.3921138258668293,4.0566229820251465
220727.0,4.069633722305298,-3.0,4.058640003204346,-3.3921138258668293,4.081601619720459
220907.0,4.096617937088013,-3.0,4.08562445640564,-3.3921138258668293,4.108611822128296
220753.3,4.121592164039612,-3.0,4.1105873584747314,-3.3921138258668293,4.133573293685913
203249.6,4.148616671562195,-3.0,4.13759446144104,-3.3921138258668293,4.160634994506836
227431.4,4.173666477203369,-3.0,4.162632703781128,-3.3921138258668293,4.185689449310303
219182.4,4.200683236122131,-3.0,4.189685821533203,-3.3921138258668293,4.212674856185913
229505.5,4.225696563720703,-3.0,4.214703321456909,-3.3921138258668293,4.237659931182861
245200.7,4.252664923667908,-3.0,4.241655588150024,-3.3921138258668293,4.264644145965576
248161.1,4.277650713920593,-3.0,4.266641616821289,-3.3921138258668293,4.289628982543945
237928.0,4.304676294326782,-3.0,4.293626546859741,-3.3921138258668293,4.316700458526611
220242.2,4.329801678657532,-3.0,4.3187243938446045,-3.3921138258668293,4.341874122619629
240378.0,4.357890486717224,-3.0,4.346841096878052,-3.3921138258668293,4.369913339614868
224503.3,4.382917642593384,-3.0,4.371938228607178,-3.3921138258668293,4.394894361495972
228831.8,4.4099427461624146,-3.0,4.398922443389893,-3.3921138258668293,4.421991348266602
239647.6,4.434503555297852,-3.0,4.423959016799927,-3.3921138258668293,4.447016954421997
235955.1,4.46102511882782,-3.0,4.450018882751465,-3.3921138258668293,4.474031209945679
226916.8,4.486064076423645,-3.0,4.475029706954956,-3.3921138258668293,4.498068332672119
249869.7,4.513118147850037,-3.0,4.502095937728882,-3.3921138258668293,4.5251641273498535
258956.5,4.539130449295044,-3.0,4.52813982963562,-3.3921138258668293,4.551119804382324
217843.9,4.565183162689209,-3.0,4.554117202758789,-3.3921138258668293,4.57824969291687
216614.9,4.591885089874268,-3.0,4.581277132034302,-3.3921138258668293,4.604491949081421
242833.6,4.61850893497467,-3.0,4.607490062713623,-3.3921138258668293,4.630533933639526
229586.8,4.643580436706543,-3.0,4.632558345794678,-3.3921138258668293,4.655596494674683
220926.5,4.670642614364624,-3.0,4.659593105316162,-3.3921138258668293,4.682692050933838
221357.8,4.695714831352234,-3.0,4.684667348861694,-3.3921138258668293,4.70773720741272
236660.9,4.722818851470947,-3.0,4.711757659912109,-3.3921138258668293,4.734879732131958
224681.5,4.7478721141815186,-3.0,4.736877679824829,-3.3921138258668293,4.759866237640381
230056.9,4.774928569793701,-3.0,4.763893365859985,-3.3921138258668293,4.786933422088623
230834.0,4.7999396324157715,-3.0,4.7889299392700195,-3.3921138258668293,4.811947822570801
232869.6,4.826021075248718,-3.0,4.814945936203003,-3.3921138258668293,4.8380656242370605
212676.1,4.851156830787659,-3.0,4.840095043182373,-3.3921138258668293,4.863221883773804
213464.7,4.877763748168945,-3.0,4.867216348648071,-3.3921138258668293,4.890279769897461
243470.5,4.902288317680359,-3.0,4.891279220581055,-3.3921138258668293,4.914296627044678
260853.8,4.92935049533844,-3.0,4.918269157409668,-3.3921138258668293,4.941431283950806
238757.2,4.9549888372421265,-3.0,4.944399356842041,-3.3921138258668293,4.966579914093018
224050.7,4.981539845466614,-3.0,4.970546245574951,-3.3921138258668293,4.994534492492676
222734.3,5.007664680480957,-3.0,4.996532440185547,-3.3921138258668293,5.019766330718994
185263.2,5.0344038009643555,-3.0,5.023762464523315,-3.3921138258668293,5.047011613845825
207507.5,5.0590773820877075,-3.0,5.0480427742004395,-3.3921138258668293,5.071080446243286
198542.3,5.086126923561096,-3.0,5.075106382369995,-3.3921138258668293,5.09814715385437
216207.5,5.111140608787537,-3.0,5.100145101547241,-3.3921138258668293,5.123163461685181
228842.8,5.138236403465271,-3.0,5.127132892608643,-3.3921138258668293,5.150366544723511
246078.4,5.162901878356934,-3.0,5.152369022369385,-3.3921138258668293,5.175434112548828
246686.5,5.190425276756287,-3.0,5.179431676864624,-3.3921138258668293,5.2023866176605225
302375.3,5.2154868841171265,-3.0,5.204419136047363,-3.3921138258668293,5.227544069290161
268392.7,5.2415531873703,-3.0,5.230546474456787,-3.3921138258668293,5.254558801651001
281922.2,5.2665934562683105,-3.0,5.255558013916016,-3.3921138258668293,5.278599262237549
244132.4,5.293708086013794,-3.0,5.282634496688843,-3.3921138258668293,5.30578088760376
261203.3,5.318355321884155,-3.0,5.306779623031616,-3.3921138258668293,5.329899787902832
244553.5,5.344964146614075,-3.0,5.333928108215332,-3.3921138258668293,5.356997489929199
252375.9,5.370010256767273,-3.0,5.358966112136841,-3.3921138258668293,5.382064342498779
256008.8,5.396098017692566,-3.0,5.38506293296814,-3.3921138258668293,5.4091033935546875
268526.8,5.422110676765442,-3.0,5.411102533340454,-3.3921138258668293,5.434118270874023
253218.9,5.448095679283142,-3.0,5.4371178150177,-3.3921138258668293,5.461073160171509
238742.4,5.473166823387146,-3.0,5.462080717086792,-3.3921138258668293,5.485252857208252
227867.1,5.500230312347412,-3.0,5.489223003387451,-3.3921138258668293,5.512215852737427
261142.2,5.525304913520813,-3.0,5.514236688613892,-3.3921138258668293,5.537348747253418
254004.6,5.55234968662262,-3.0,5.541343450546265,-3.3921138258668293,5.564331531524658
252037.6,5.577377676963806,-3.0,5.56633186340332,-3.3921138258668293,5.589423894882202
243987.0,5.604480743408203,-3.0,5.593391180038452,-3.3921138258668293,5.616544008255005
251795.4,5.629562258720398,-3.0,5.6185688972473145,-3.3921138258668293,5.642525672912598
228320.3,5.656573534011841,-3.0,5.645525217056274,-3.3921138258668293,5.668600082397461
243568.5,5.681601166725159,-3.0,5.670620441436768,-3.3921138258668293,5.6935765743255615
257762.6,5.7083247900009155,-3.0,5.697605609893799,-3.3921138258668293,5.720051527023315
240744.8,5.7331016063690186,-3.0,5.72205114364624,-3.3921138258668293,5.745127201080322
252906.3,5.7596412897109985,-3.0,5.749147176742554,-3.3921138258668293,5.772134065628052
291928.9,5.784127354621887,-3.0,5.7731335163116455,-3.3921138258668293,5.797092437744141
289646.1,5.811096668243408,-3.0,5.800086736679077,-3.3921138258668293,5.823075532913208
284493.3,5.836206436157227,-3.0,5.825074911117554,-3.3921138258668293,5.8483054637908936
259234.2,5.862825870513916,-3.0,5.852331876754761,-3.3921138258668293,5.875295639038086
275355.5,5.888513565063477,-3.0,5.877317428588867,-3.3921138258668293,5.900679111480713
263050.8,5.914839029312134,-3.0,5.903707504272461,-3.3921138258668293,5.926968812942505
266964.3,5.940035462379456,-3.0,5.928999900817871,-3.3921138258668293,5.9520673751831055
275444.8,5.966044664382935,-3.0,5.955066204071045,-3.3921138258668293,5.979020833969116
270678.3,5.991029858589172,-3.0,5.980020999908447,-3.3921138258668293,6.004037380218506
244950.5,6.018152236938477,-3.0,6.00703501701355,-3.3921138258668293,6.030269145965576
233669.4,6.043261766433716,-3.0,6.032268285751343,-3.3921138258668293,6.0552544593811035
277488.1,6.070272445678711,-3.0,6.059223413467407,-3.3921138258668293,6.083289384841919
300481.9,6.095853686332703,-3.0,6.0853188037872314,-3.3921138258668293,6.10836386680603
294244.6,6.123377323150635,-3.0,6.112380266189575,-3.3921138258668293,6.135371446609497
281567.8,6.148352146148682,-3.0,6.137369871139526,-3.3921138258668293,6.160327196121216
281807.9,6.175385475158691,-3.0,6.164355754852295,-3.3921138258668293,6.187417030334473
299183.2,6.199948191642761,-3.0,6.189412593841553,-3.3921138258668293,6.212482452392578
283122.8,6.226460576057434,-3.0,6.215454339981079,-3.3921138258668293,6.238466262817383
350282.5,6.251493811607361,-3.0,6.240464925765991,-3.3921138258668293,6.263505697250366
365454.5,6.277567148208618,-3.0,6.26653265953064,-3.3921138258668293,6.289602279663086
310471.2,6.30359160900116,-3.0,6.292569637298584,-3.3921138258668293,6.315611362457275
342318.8,6.329656720161438,-3.0,6.318606376647949,-3.3921138258668293,6.342681646347046
355622.2,6.3558008670806885,-3.0,6.344705581665039,-3.3921138258668293,6.367895841598511
347612.1,6.381917834281921,-3.0,6.370894908905029,-3.3921138258668293,6.394933462142944
365435.8,6.406954884529114,-3.0,6.395961284637451,-3.3921138258668293,6.418924331665039
332626.0,6.433940768241882,-3.0,6.422947406768799,-3.3921138258668293,6.44590950012207
350000.0,6.458925247192383,-3.0,6.44793176651001,-3.3921138258668293,6.470918655395508
373293.8,6.485895037651062,-3.0,6.474886417388916,-3.3921138258668293,6.497873544692993
360347.3,6.510477304458618,-3.0,6.499901533126831,-3.3921138258668293,6.523052215576172
349932.3,6.538150668144226,-3.0,6.527027130126953,-3.3921138258668293,6.550282716751099
328735.6,6.56327486038208,-3.0,6.552281379699707,-3.3921138258668293,6.576237678527832
316324.1,6.5912593603134155,-3.0,6.580266237258911,-3.3921138258668293,6.603251934051514
328117.3,6.616273045539856,-3.0,6.605250358581543,-3.3921138258668293,6.628292083740234
337421.8,6.642784833908081,-3.0,6.632291078567505,-3.3921138258668293,6.655278205871582
385399.5,6.667283773422241,-3.0,6.656277418136597,-3.3921138258668293,6.679258584976196
340382.2,6.694308042526245,-3.0,6.683287858963013,-3.3921138258668293,6.70635724067688
307882.9,6.719406485557556,-3.0,6.708325624465942,-3.3921138258668293,6.731486797332764
298468.3,6.7454787492752075,-3.0,6.734484910964966,-3.3921138258668293,6.757448673248291
281559.5,6.77047073841095,-3.0,6.759441375732422,-3.3921138258668293,6.782516956329346
294364.6,6.797516584396362,-3.0,6.786537408828735,-3.3921138258668293,6.809500217437744
289858.3,6.822557806968689,-3.0,6.811522960662842,-3.3921138258668293,6.834591627120972
270258.6,6.848665714263916,-3.0,6.837591171264648,-3.3921138258668293,6.861739158630371
282619.1,6.873731970787048,-3.0,6.862738609313965,-3.3921138258668293,6.885709285736084
305277.1,6.900326251983643,-3.0,6.88972282409668,-3.3921138258668293,6.912922620773315
311651.8,6.925445556640625,-3.0,6.914951801300049,-3.3921138258668293,6.937915563583374
317419.3,6.9524149894714355,-3.0,6.941905975341797,-3.3921138258668293,6.964892148971558
362009.4,6.977386951446533,-3.0,6.966890811920166,-3.3921138258668293,6.989877700805664
416783.3,7.004927754402161,-3.0,6.993879795074463,-3.3921138258668293,7.016944885253906
337931.0,7.02996826171875,-3.0,7.018975257873535,-3.3921138258668293,7.041936635971069
401715.3,7.057018041610718,-3.0,7.045927047729492,-3.3921138258668293,7.069086790084839
383306.6,7.082127213478088,-3.0,7.071108341217041,-3.3921138258668293,7.094146013259888
417110.3,7.109167575836182,-3.0,7.098174095153809,-3.3921138258668293,7.121137619018555
395767.2,7.133641362190247,-3.0,7.123134613037109,-3.3921138258668293,7.146122694015503
376859.5,7.160203337669373,-3.0,7.1491193771362305,-3.3921138258668293,7.172274112701416
418545.4,7.184767007827759,-3.0,7.1742730140686035,-3.3921138258668293,7.197259902954102
511330.1,7.2112743854522705,-3.0,7.2002809047698975,-3.3921138258668293,7.2232677936553955
514218.0,7.236748099327087,-3.0,7.226243019104004,-3.3921138258668293,7.2492523193359375
543349.8,7.263256907463074,-3.0,7.252225399017334,-3.3921138258668293,7.275258302688599
485477.2,7.2883061170578,-3.0,7.277256488800049,-3.3921138258668293,7.300328969955444
530476.2,7.315331220626831,-3.0,7.304353475570679,-3.3921138258668293,7.327310085296631
477704.2,7.3403639793396,-3.0,7.3293137550354,-3.3921138258668293,7.352410316467285
552454.8,7.366389274597168,-3.0,7.355412244796753,-3.3921138258668293,7.379394292831421
626582.3,7.391887426376343,-3.0,7.3813934326171875,-3.3921138258668293,7.404380798339844
524644.6,7.419422268867493,-3.0,7.408346891403198,-3.3921138258668293,7.431527614593506
468644.1,7.444061040878296,-3.0,7.433526039123535,-3.3921138258668293,7.456563949584961
410586.0,7.472189426422119,-3.0,7.460592985153198,-3.3921138258668293,7.483787298202515
481623.9,7.496835708618164,-3.0,7.485812187194824,-3.3921138258668293,7.50885009765625
452044.6,7.523881912231445,-3.0,7.512847185134888,-3.3921138258668293,7.535917282104492
378653.6,7.549006223678589,-3.0,7.537914991378784,-3.3921138258668293,7.561096429824829
380065.4,7.575210809707642,-3.0,7.564094543457031,-3.3921138258668293,7.587326526641846
380645.2,7.600306034088135,-3.0,7.58929443359375,-3.3921138258668293,7.612287282943726
428268.6,7.626788854598999,-3.0,7.616278886795044,-3.3921138258668293,7.638271331787109
353892.2,7.653262257575989,-3.0,7.642266750335693,-3.3921138258668293,7.665252685546875
344741.0,7.678759455680847,-3.0,7.6682493686676025,-3.3921138258668293,7.691236972808838
369881.6,7.707232475280762,-3.0,7.696238040924072,-3.3921138258668293,7.720221996307373
327576.6,7.7332152128219604,-3.0,7.7222254276275635,-3.3921138258668293,7.745207071304321
370358.8,7.760214686393738,-3.0,7.7492334842681885,-3.3921138258668293,7.773190021514893
343769.0,7.787196397781372,-3.0,7.776187896728516,-3.3921138258668293,7.799175262451172
404912.3,7.812196850776672,-3.0,7.801203489303589,-3.3921138258668293,7.825165271759033
398185.1,7.83922266960144,-3.0,7.828187704086304,-3.3921138258668293,7.85123348236084
398939.9,7.864278435707092,-3.0,7.8532555103302,-3.3921138258668293,7.876302719116211
378305.1,7.891397476196289,-3.0,7.880322217941284,-3.3921138258668293,7.903472900390625
353170.7,7.916490912437439,-3.0,7.9054718017578125,-3.3921138258668293,7.928509712219238
415841.6,7.943071961402893,-3.0,7.93253755569458,-3.3921138258668293,7.955575227737427
410861.4,7.968109369277954,-3.0,7.957574844360352,-3.3921138258668293,7.98064398765564
530243.9,7.994665265083313,-3.0,7.98367166519165,-3.3921138258668293,8.007627248764038
550000.0,8.020634531974792,-3.0,8.00962519645691,-3.3921138258668293,8.03264331817627
606956.6,8.047675728797913,-3.0,8.036640882492065,-3.3921138258668293,8.059679985046387
636129.0,8.072676420211792,-3.0,8.061677694320679,-3.3921138258668293,8.08466625213623
988292.7,8.098810195922852,-3.0,8.087693929672241,-3.3921138258668293,8.110894680023193
768217.1,8.12391722202301,-3.0,8.112923383712769,-3.3921138258668293,8.135911703109741
626011.6,8.150431752204895,-3.0,8.139881610870361,-3.3921138258668293,8.162980556488037
582558.2,8.174973130226135,-3.0,8.163979530334473,-3.3921138258668293,8.186943531036377
570949.8,8.202027320861816,-3.0,8.19093942642212,-3.3921138258668293,8.214086771011353
785992.2,8.227228879928589,-3.0,8.216113805770874,-3.3921138258668293,8.239344120025635
883544.3,8.254323720932007,-3.0,8.243319034576416,-3.3921138258668293,8.26729702949524
904761.9,8.279305100440979,-3.0,8.268327236175537,-3.3921138258668293,8.292282104492188
375510.2,8.307276844978333,-3.0,8.296280860900879,-3.3921138258668293,8.319267511367798
460749.5,8.33177936077118,-3.0,8.321272611618042,-3.3921138258668293,8.3442702293396
374062.5,8.35927438735962,-3.0,8.348280668258667,-3.3921138258668293,8.371267557144165
380322.6,8.383246302604675,-3.0,8.372237205505371,-3.3921138258668293,8.396230697631836
436906.8,8.410232305526733,-3.0,8.399226188659668,-3.3921138258668293,8.422207355499268
367771.1,8.436214923858643,-3.0,8.425205707550049,-3.3921138258668293,8.448200464248657
344744.8,8.462699890136719,-3.0,8.451221942901611,-3.3921138258668293,8.475184917449951
378003.4,8.488171696662903,-3.0,8.47717547416687,-3.3921138258668293,8.501161336898804
393321.6,8.515153408050537,-3.0,8.504159450531006,-3.3921138258668293,8.528177261352539
402051.3,8.540154218673706,-3.0,8.529175996780396,-3.3921138258668293,8.553162574768066
380267.6,8.56912386417389,-3.0,8.558130264282227,-3.3921138258668293,8.581116199493408
352789.7,8.593613028526306,-3.0,8.583114862442017,-3.3921138258668293,8.606109142303467
394923.9,8.621110320091248,-3.0,8.610102415084839,-3.3921138258668293,8.633093357086182
416610.2,8.64608120918274,-3.0,8.635088682174683,-3.3921138258668293,8.658071279525757
393698.2,8.675065636634827,-3.0,8.66407561302185,-3.3921138258668293,8.687055110931396
368404.4,8.702049970626831,-3.0,8.69105315208435,-3.3921138258668293,8.714045763015747
480745.3,8.727047085762024,-3.0,8.716038227081299,-3.3921138258668293,8.740025043487549
370932.1,8.755033373832703,-3.0,8.744026899337769,-3.3921138258668293,8.767039060592651
373396.0,8.780020117759705,-3.0,8.769038200378418,-3.3921138258668293,8.792025804519653
353277.3,8.807503461837769,-3.0,8.796996593475342,-3.3921138258668293,8.819978475570679
422393.8,8.832470178604126,-3.0,8.82197642326355,-3.3921138258668293,8.844971179962158
366609.3,8.858985662460327,-3.0,8.847992181777954,-3.3921138258668293,8.870948076248169
407083.4,8.884943842887878,-3.0,8.873947143554688,-3.3921138258668293,8.896940231323242
416016.4,8.9109365940094,-3.0,8.899938344955444,-3.3921138258668293,8.923919677734375
528272.3,8.936930060386658,-3.0,8.925925254821777,-3.3921138258668293,8.948911428451538
459593.7,8.963911056518555,-3.0,8.952932119369507,-3.3921138258668293,8.975889682769775
410121.5,8.988896250724792,-3.0,8.977887868881226,-3.3921138258668293,9.00087308883667
574566.5,9.015880465507507,-3.0,9.004902362823486,-3.3921138258668293,9.028858184814453
572832.4,9.042868614196777,-3.0,9.03186297416687,-3.3921138258668293,9.054850339889526
649470.0,9.070832133293152,-3.0,9.05983853340149,-3.3921138258668293,9.082825183868408
585942.5,9.09582006931305,-3.0,9.084825277328491,-3.3921138258668293,9.108810901641846
690647.5,9.123817443847656,-3.0,9.112839221954346,-3.3921138258668293,9.135794878005981
735943.1,9.148791193962097,-3.0,9.137793779373169,-3.3921138258668293,9.160783767700195
589937.1,9.17779004573822,-3.0,9.166784763336182,-3.3921138258668293,9.189767122268677
640701.8,9.203379154205322,-3.0,9.192793130874634,-3.3921138258668293,9.215964555740356
808979.6,9.229942560195923,-3.0,9.21896243095398,-3.3921138258668293,9.2419273853302
584750.8,9.254926681518555,-3.0,9.243918180465698,-3.3921138258668293,9.266911268234253
573700.4,9.281984329223633,-3.0,9.270901203155518,-3.3921138258668293,9.29405403137207
1017617.0,9.306576609611511,-3.0,9.296083211898804,-3.3921138258668293,9.319068908691406
733593.8,9.33304512500763,-3.0,9.322035789489746,-3.3921138258668293,9.34602427482605
955555.6,9.358087301254272,-3.0,9.347053050994873,-3.3921138258668293,9.37009048461914
664163.9,9.385194897651672,-3.0,9.374120235443115,-3.3921138258668293,9.397239446640015
625387.0,9.410246729850769,-3.0,9.399266958236694,-3.3921138258668293,9.423228740692139
644025.1,9.4378262758255,-3.0,9.427250623703003,-3.3921138258668293,9.450376749038696
572928.2,9.4633629322052,-3.0,9.452368259429932,-3.3921138258668293,9.4753577709198
504645.5,9.493364810943604,-3.0,9.48238229751587,-3.3921138258668293,9.50634503364563
677966.1,9.519345760345459,-3.0,9.508336782455444,-3.3921138258668293,9.531354188919067
514496.3,9.546315431594849,-3.0,9.535320043563843,-3.3921138258668293,9.55833911895752
461160.7,9.571319341659546,-3.0,9.560314655303955,-3.3921138258668293,9.58329963684082
502832.3,9.598291039466858,-3.0,9.58729600906372,-3.3921138258668293,9.610277652740479
456513.0,9.624773144721985,-3.0,9.614275693893433,-3.3921138258668293,9.637292861938477
411588.8,9.655254125595093,-3.0,9.64425778388977,-3.3921138258668293,9.668251276016235
334534.5,9.68925154209137,-3.0,9.678246259689331,-3.3921138258668293,9.702255487442017
351326.1,9.721229076385498,-3.0,9.710220575332642,-3.3921138258668293,9.73321270942688
298269.0,9.752215385437012,-3.0,9.741209983825684,-3.3921138258668293,9.765188932418823
341679.4,9.78521978855133,-3.0,9.77419662475586,-3.3921138258668293,9.797252893447876
341193.6,9.81725525856018,-3.0,9.806246519088745,-3.3921138258668293,9.829234838485718
290055.3,9.848416805267334,-3.0,9.837341547012329,-3.3921138258668293,9.860461235046387
311764.7,9.879588842391968,-3.0,9.868568897247314,-3.3921138258668293,9.89160680770874
342899.9,9.91114366054535,-3.0,9.900665283203125,-3.3921138258668293,9.923624992370605
307084.5,9.942846775054932,-3.0,9.931731462478638,-3.3921138258668293,9.955930471420288
311470.6,9.974990606307983,-3.0,9.963956594467163,-3.3921138258668293,9.98799443244934
321267.0,10.007984161376953,-3.0,9.99698781967163,-3.3921138258668293,10.019978523254395
276470.6,10.039561986923218,-3.0,10.02897310256958,-3.3921138258668293,10.052150249481201
218800000.0,10.071138858795166,-3.0,10.060145139694214,-3.3921138258668293,10.084131717681885
642690.1,10.103175520896912,-2.98,10.092167377471924,-3.3921138258668293,10.115155935287476
530126.6,10.134757399559021,-2.928,10.124149322509766,-3.3921138258668293,10.146381139755249
493002.3,10.165378093719482,-2.876,10.154369354248047,-3.3921138258668293,10.17736005783081
565500.0,10.196929812431335,-2.824,10.186434507369995,-3.3921138258668293,10.20942234992981
489686.1,10.228411674499512,-2.772,10.217416524887085,-3.3921138258668293,10.240406274795532
400784.3,10.259669542312622,-2.72,10.248595237731934,-3.3921138258668293,10.271712303161621
486810.6,10.290773510932922,-2.668,10.279739618301392,-3.3921138258668293,10.302778005599976
510526.3,10.321877360343933,-2.616,10.310802221298218,-3.3921138258668293,10.33392858505249
439058.8,10.353926301002502,-2.564,10.342947006225586,-3.3921138258668293,10.36593508720398
685198.6,10.384952068328857,-2.512,10.373905420303345,-3.3921138258668293,10.396998405456543
602492.3,10.415972352027893,-2.456,10.404963970184326,-3.3921138258668293,10.428949356079102
647678.1,10.447575569152832,-2.404,10.436943292617798,-3.3921138258668293,10.460176944732666
571508.4,10.479317903518677,-2.352,10.46828317642212,-3.3921138258668293,10.491352081298828
661290.3,10.510489702224731,-2.3,10.499429702758789,-3.3921138258668293,10.522578954696655
907177.1,10.541730284690857,-2.248,10.530574083328247,-3.3921138258668293,10.553886413574219
1467227.0,10.573415160179138,-2.196,10.562881231307983,-3.3921138258668293,10.585924625396729
1587156.0,10.604937672615051,-2.144,10.59394359588623,-3.3921138258668293,10.616902351379395
1263889.0,10.636404037475586,-2.092,10.625895500183105,-3.3921138258668293,10.648912906646729
5333334.0,10.667927742004395,-2.04,10.656907558441162,-3.3921138258668293,10.679947853088379
1505983.0,10.699032068252563,-1.988,10.68802285194397,-3.3921138258668293,10.711010694503784
1009524.0,10.73009741306305,-1.936,10.719119787216187,-3.3921138258668293,10.742074728012085
1661818.0,10.761179447174072,-1.884,10.750186681747437,-3.3921138258668293,10.774147033691406
895522.4,10.792686462402344,-1.828,10.782134771347046,-3.3921138258668293,10.805236339569092
831092.5,10.82431149482727,-1.776,10.813233613967896,-3.3921138258668293,10.836381673812866
854148.5,10.855453491210938,-1.724,10.844376564025879,-3.3921138258668293,10.867528676986694
912371.2,10.886561632156372,-1.672,10.875526666641235,-3.3921138258668293,10.89857292175293
686988.8,10.917585849761963,-1.62,10.906593322753906,-3.3921138258668293,10.929550647735596
728169.0,10.949141383171082,-1.568,10.93855619430542,-3.3921138258668293,10.961699724197388
744107.8,10.980701565742493,-1.516,10.969720125198364,-3.3921138258668293,10.992683410644531
575342.5,11.01166832447052,-1.464,11.000678539276123,-3.3921138258668293,11.024656057357788
486574.1,11.04369032382965,-1.412,11.03265118598938,-3.3921138258668293,11.055726289749146
615425.6,11.075821280479431,-1.356,11.064745903015137,-3.3921138258668293,11.087867259979248
503803.1,11.106885075569153,-1.304,11.09589147567749,-3.3921138258668293,11.118854761123657
454427.7,11.137867450714111,-1.252,11.12687373161316,-3.3921138258668293,11.149839401245117
572105.3,11.16938853263855,-1.2,11.15885591506958,-3.3921138258668293,11.18192434310913
409981.5,11.200941920280457,-1.148,11.189896583557129,-3.3921138258668293,11.213963508605957
460721.9,11.233461022377014,-1.096,11.222952842712402,-3.3921138258668293,11.245941877365112
645481.1,11.265064239501953,-1.04,11.254014015197754,-3.3921138258668293,11.2770836353302
592105.3,11.296129584312439,-0.988,11.285109519958496,-3.3921138258668293,11.308125734329224
667857.2,11.327204823493958,-0.936,11.316144466400146,-3.3921138258668293,11.339270114898682
612209.3,11.358989000320435,-0.884,11.348371505737305,-3.3921138258668293,11.371572494506836
510489.5,11.390705466270447,-0.832,11.379567861557007,-3.3921138258668293,11.402803897857666
647126.4,11.421850323677063,-0.78,11.410828590393066,-3.3921138258668293,11.433873891830444
602832.9,11.452911257743835,-0.728,11.441861152648926,-3.3921138258668293,11.46493911743164
673291.9,11.483963966369629,-0.676,11.472926139831543,-3.3921138258668293,11.496999502182007
622608.7,11.51600193977356,-0.624,11.504996061325073,-3.3921138258668293,11.527981519699097
774169.8,11.5480238199234,-0.572,11.53697681427002,-3.3921138258668293,11.56004023551941
620370.4,11.579088687896729,-0.516,11.56806468963623,-3.3921138258668293,11.59112548828125
609726.4,11.611175060272217,-0.464,11.600099325180054,-3.3921138258668293,11.623251676559448
772200.8,11.642351865768433,-0.412,11.63127589225769,-3.3921138258668293,11.654397964477539
671280.3,11.67399775981903,-0.36,11.66342282295227,-3.3921138258668293,11.68555235862732
927354.3,11.705129146575928,-0.308,11.694567203521729,-3.3921138258668293,11.717689514160156
788888.9,11.736315727233887,-0.256,11.725685119628906,-3.3921138258668293,11.748945236206055
638157.9,11.767919659614563,-0.204,11.756911754608154,-3.3921138258668293,11.779928207397461
578857.2,11.800022840499878,-0.148,11.788973331451416,-3.3921138258668293,11.812042474746704
693918.9,11.832089066505432,-0.096,11.821043014526367,-3.3921138258668293,11.844115018844604
716838.5,11.863165378570557,-0.044,11.852131366729736,-3.3921138258668293,11.875168800354004
648844.9,11.894246578216553,-0.004,11.8831946849823,-3.3921138258668293,11.906297206878662
552406.4,11.930353283882141,0.0,11.91929030418396,-3.3921138258668293,11.942430973052979
162489.1,11.96147358417511,0.0,11.950452089309692,-3.3921138258668293,11.974470615386963
305547.2,11.993534564971924,0.0,11.982540607452393,-3.3921138258668293,12.005528211593628
340031.4,12.024515628814697,0.0,12.013521909713745,-3.3921138258668293,12.038509130477905
341666.7,12.057151079177856,0.0,12.046616315841675,-3.3921138258668293,12.069684505462646
515288.2,12.088240146636963,0.0,12.077648639678955,-3.3921138258668293,12.100831747055054
378148.2,12.118860840797424,0.0,12.107826709747314,-3.3921138258668293,12.131894826889038
435838.2,12.150490045547485,0.0,12.139870405197144,-3.3921138258668293,12.163078546524048
454893.6,12.182190895080566,0.0,12.171157598495483,-3.3921138258668293,12.194224119186401
422869.0,12.213211297988892,0.0,12.20221757888794,-3.3921138258668293,12.225229740142822
631976.8,12.244236707687378,0.0,12.233200311660767,-3.3921138258668293,12.256270170211792
471895.4,12.275288581848145,0.0,12.264294385910034,-3.3921138258668293,12.2882559299469
482627.1,12.306973814964294,0.0,12.296439409255981,-3.3921138258668293,12.319508075714111
486567.2,12.338094830513,0.0,12.327471733093262,-3.3921138258668293,12.350690364837646
500716.0,12.369359254837036,0.0,12.358680009841919,-3.3921138258668293,12.382037162780762
491144.7,12.401044607162476,0.0,12.39000153541565,-3.3921138258668293,12.413103580474854
490380.3,12.432151794433594,0.0,12.421101570129395,-3.3921138258668293,12.444178104400635
500210.5,12.463256597518921,0.0,12.45227861404419,-3.3921138258668293,12.475234508514404
570984.5,12.494442820549011,0.0,12.483341455459595,-3.3921138258668293,12.506542205810547
506521.7,12.52562952041626,0.0,12.514651536941528,-3.3921138258668293,12.537637948989868
533802.8,12.55674958229065,0.0,12.545715570449829,-3.3921138258668293,12.568782091140747
528538.3,12.587886691093445,0.0,12.57685899734497,-3.3921138258668293,12.599883794784546
495178.2,12.619943618774414,0.0,12.608909606933594,-3.3921138258668293,12.63195514678955
393148.4,12.651047825813293,0.0,12.639972686767578,-3.3921138258668293,12.66309404373169
400000.0,12.682292342185974,0.0,12.671171188354492,-3.3921138258668293,12.694399118423462
335097.5,12.713504791259766,0.0,12.70247483253479,-3.3921138258668293,12.725551843643188
341416.9,12.744693160057068,0.0,12.733628273010254,-3.3921138258668293,12.756728172302246
397872.4,12.77581775188446,0.0,12.764753580093384,-3.3921138258668293,12.78788709640503
382200.7,12.806943774223328,0.0,12.79590916633606,-3.3921138258668293,12.818968296051025
367851.6,12.838588953018188,0.0,12.827971696853638,-3.3921138258668293,12.85017991065979
408970.1,12.869216084480286,0.0,12.858202457427979,-3.3921138258668293,12.882219314575195
352765.3,12.900842428207397,0.0,12.890209913253784,-3.3921138258668293,12.913474321365356
369771.0,12.932477951049805,0.0,12.9214448928833,-3.3921138258668293,12.944509267807007
369955.8,12.963614463806152,0.0,12.952592134475708,-3.3921138258668293,12.975637197494507
364242.4,12.994625926017761,0.0,12.983631372451782,-3.3921138258668293,13.006619930267334
419798.7,13.025612950325012,0.0,13.014618873596191,-3.3921138258668293,13.038601875305176
383102.9,13.057606220245361,0.0,13.046597480773926,-3.3921138258668293,13.069584369659424
385647.4,13.08859121799469,0.0,13.077584505081177,-3.3921138258668293,13.100564956665039
351846.4,13.119585037231445,0.0,13.108591079711914,-3.3921138258668293,13.132546663284302
351145.1,13.151537656784058,0.0,13.140544891357422,-3.3921138258668293,13.16352891921997
381562.5,13.18254828453064,0.0,13.171554565429688,-3.3921138258668293,13.195510625839233
381666.7,13.21555495262146,0.0,13.20450496673584,-3.3921138258668293,13.227605104446411
375923.0,13.246584296226501,0.0,13.235581159591675,-3.3921138258668293,13.258561372756958
412386.2,13.277637362480164,0.0,13.266582012176514,-3.3921138258668293,13.28969669342041
423593.5,13.308813214302063,0.0,13.297793865203857,-3.3921138258668293,13.321839809417725
421468.9,13.340515375137329,0.0,13.329939842224121,-3.3921138258668293,13.353066205978394
447698.8,13.37210988998413,0.0,13.361085176467896,-3.3921138258668293,13.384123086929321
655801.1,13.403141975402832,0.0,13.39214825630188,-3.3921138258668293,13.415104866027832
535849.1,13.434189915657043,0.0,13.423131227493286,-3.3921138258668293,13.446249723434448
555269.9,13.465294480323792,0.0,13.454245328903198,-3.3921138258668293,13.477314949035645
607692.3,13.496383309364319,0.0,13.485390663146973,-3.3921138258668293,13.50937557220459
485714.3,13.527922630310059,0.0,13.517370700836182,-3.3921138258668293,13.540441274642944
441666.7,13.558514833450317,0.0,13.547521352767944,-3.3921138258668293,13.571508169174194
459069.8,13.590512752532959,0.0,13.57950234413147,-3.3921138258668293,13.602489948272705
443722.9,13.621524810791016,0.0,13.61048436164856,-3.3921138258668293,13.633533954620361
435845.2,13.652595520019531,0.0,13.641561269760132,-3.3921138258668293,13.664605140686035
498855.8,13.683647394180298,0.0,13.67260217666626,-3.3921138258668293,13.695692777633667
552470.6,13.714804530143738,0.0,13.703770399093628,-3.3921138258668293,13.726808786392212
475776.4,13.74581229686737,0.0,13.734803915023804,-3.3921138258668293,13.757790327072144
483643.9,13.777294039726257,0.0,13.765816926956177,-3.3921138258668293,13.789802074432373
459882.6,13.80892789363861,0.0,13.797878742218018,-3.3921138258668293,13.820987701416016
420180.2,13.840035557746887,0.0,13.82900094985962,-3.3921138258668293,13.852038860321045
417465.8,13.87105917930603,0.0,13.860066175460815,-3.3921138258668293,13.883021593093872
434200.8,13.902162075042725,0.0,13.891084909439087,-3.3921138258668293,13.914238929748535
455731.2,13.93330466747284,0.0,13.922235488891602,-3.3921138258668293,13.945372819900513
410394.3,13.964432120323181,0.0,13.953345537185669,-3.3921138258668293,13.976487874984741
419538.2,13.995551228523254,0.0,13.984514474868774,-3.3921138258668293,14.007587194442749
419080.1,14.026574611663818,0.0,14.015583276748657,-3.3921138258668293,14.038565397262573
431818.2,14.057610988616943,0.0,14.046591758728027,-3.3921138258668293,14.070632934570312
433695.7,14.089353084564209,0.0,14.078818798065186,-3.3921138258668293,14.101856470108032
468343.8,14.120903134346008,0.0,14.10988163948059,-3.3921138258668293,14.132920980453491
504672.9,14.152038097381592,0.0,14.140946865081787,-3.3921138258668293,14.164098739624023
437247.0,14.183232545852661,0.0,14.172175645828247,-3.3921138258668293,14.195287942886353
443153.5,14.215381860733032,0.0,14.204307079315186,-3.3921138258668293,14.227426290512085
550246.3,14.246428608894348,0.0,14.235419988632202,-3.3921138258668293,14.25840711593628
445378.2,14.277417540550232,0.0,14.266433477401733,-3.3921138258668293,14.28938889503479
557181.6,14.30845034122467,0.0,14.297415733337402,-3.3921138258668293,14.321455955505371
477849.5,14.3407644033432,0.0,14.329643487930298,-3.3921138258668293,14.352879285812378
491315.1,14.37151050567627,0.0,14.360879898071289,-3.3921138258668293,14.384140729904175
443379.0,14.402671337127686,0.0,14.392136812210083,-3.3921138258668293,14.415204286575317
480952.4,14.433718919754028,0.0,14.423168659210205,-3.3921138258668293,14.446237802505493
500668.2,14.464945673942566,0.0,14.4543137550354,-3.3921138258668293,14.477576971054077
482352.9,14.496566653251648,0.0,14.485572576522827,-3.3921138258668293,14.508536577224731
471291.8,14.527671694755554,0.0,14.516636610031128,-3.3921138258668293,14.53967571258545
517994.1,14.558857917785645,0.0,14.54778265953064,-3.3921138258668293,14.570910930633545
498708.0,14.59007215499878,0.0,14.57909369468689,-3.3921138258668293,14.602083444595337
578915.7,14.621097922325134,0.0,14.610077142715454,-3.3921138258668293,14.633093357086182
466165.4,14.652148842811584,0.0,14.641113042831421,-3.3921138258668293,14.664151906967163
532544.4,14.683200240135193,0.0,14.672153949737549,-3.3921138258668293,14.695222854614258
642570.3,14.714264392852783,0.0,14.703218698501587,-3.3921138258668293,14.726279020309448
900552.5,14.745826244354248,0.0,14.735278844833374,-3.3921138258668293,14.758350372314453
2068293.0,14.776903629302979,0.0,14.766369104385376,-3.3921138258668293,14.7894127368927
1158571.0,14.80794107913971,0.0,14.797402143478394,-3.3921138258668293,14.820470809936523
3188889.0,14.83915889263153,0.0,14.828583717346191,-3.3921138258668293,14.85170292854309
1557576.0,14.870379328727722,0.0,14.859728813171387,-3.3921138258668293,14.883007764816284
1415254.0,14.901543617248535,0.0,14.891024827957153,-3.3921138258668293,14.914062976837158
1133775.0,14.93262267112732,0.0,14.922088623046875,-3.3921138258668293,14.945155620574951
915151.5,14.964130401611328,0.0,14.953151941299438,-3.3921138258668293,14.9761381149292
803375.6,14.99509584903717,0.0,14.98410177230835,-3.3921138258668293,15.00711965560913
1244578.0,15.02607798576355,0.0,15.015084028244019,-3.3921138258668293,15.038104057312012
594886.4,15.057104587554932,0.0,15.04606580734253,-3.3921138258668293,15.069143295288086
545901.7,15.108400702476501,0.0,15.07721471786499,-3.3921138258668293,15.140616178512573
651875.1,15.159615993499756,0.0,15.148581981658936,-3.3921138258668293,15.17165756225586
546524.1,15.190695524215698,0.0,15.179676532745361,-3.3921138258668293,15.202721357345581
557029.2,15.221720576286316,0.0,15.210739135742188,-3.3921138258668293,15.23370099067688
527363.2,15.252743482589722,0.0,15.241697072982788,-3.3921138258668293,15.264789581298828
509213.5,15.283851385116577,0.0,15.272786378860474,-3.3921138258668293,15.295891523361206
483944.9,15.314931035041809,0.0,15.303881406784058,-3.3921138258668293,15.326950550079346
542288.6,15.346995830535889,0.0,15.33594536781311,-3.3921138258668293,15.359044075012207
480272.1,15.37901747226715,0.0,15.368008852005005,-3.3921138258668293,15.390994310379028
486621.3,15.410080790519714,0.0,15.399071455001831,-3.3921138258668293,15.422060012817383
413207.5,15.440684795379639,0.0,15.430165529251099,-3.3921138258668293,15.453203439712524
502991.5,15.472263813018799,0.0,15.46122932434082,-3.3921138258668293,15.484268426895142
369422.8,15.503391027450562,0.0,15.492294788360596,-3.3921138258668293,15.515496253967285
403832.8,15.534536719322205,0.0,15.52352237701416,-3.3921138258668293,15.54659104347229
365705.6,15.565717458724976,0.0,15.5546395778656,-3.3921138258668293,15.577791929244995
370862.8,15.596929550170898,0.0,15.585788011550903,-3.3921138258668293,15.609040975570679
330400.0,15.629086375236511,0.0,15.618035793304443,-3.3921138258668293,15.64110541343689
312403.1,15.660149455070496,0.0,15.649130582809448,-3.3921138258668293,15.672168731689453
332253.3,15.691389799118042,0.0,15.68027400970459,-3.3921138258668293,15.703505992889404
327148.7,15.722632646560669,0.0,15.711613893508911,-3.3921138258668293,15.73465085029602
349228.6,15.753638863563538,0.0,15.742645740509033,-3.3921138258668293,15.76563310623169
380877.7,15.784772753715515,0.0,15.773711204528809,-3.3921138258668293,15.796830892562866
335564.9,15.815989971160889,0.0,15.804858684539795,-3.3921138258668293,15.828111171722412
351651.7,15.84717571735382,0.0,15.836084604263306,-3.3921138258668293,15.8592369556427
398092.2,15.878321290016174,0.0,15.867230892181396,-3.3921138258668293,15.890381097793579
386806.6,15.909519672393799,0.0,15.898541688919067,-3.3921138258668293,15.921497344970703
326439.8,15.940517663955688,0.0,15.929523706436157,-3.3921138258668293,15.95248031616211
346875.0,15.971500277519226,0.0,15.960505962371826,-3.3921138258668293,15.984461069107056
352407.2,16.002981543540955,0.0,15.99248743057251,-3.3921138258668293,16.01545214653015
343741.9,16.034462690353394,0.0,16.02346897125244,-3.3921138258668293,16.046433925628662
403539.8,16.06547498703003,0.0,16.05445885658264,-3.3921138258668293,16.077523946762085
344791.7,16.09660816192627,0.0,16.085493803024292,-3.3921138258668293,16.108692169189453
340777.9,16.127777338027954,0.0,16.11676859855652,-3.3921138258668293,16.140761852264404
306349.2,16.158800959587097,0.0,16.14778208732605,-3.3921138258668293,16.170825719833374
289989.3,16.19000232219696,0.0,16.178926944732666,-3.3921138258668293,16.203046798706055
334566.5,16.222132444381714,0.0,16.211071491241455,-3.3921138258668293,16.234192609786987
334669.8,16.253211498260498,0.0,16.242218017578125,-3.3921138258668293,16.265178680419922
318112.0,16.284233689308167,0.0,16.27316975593567,-3.3921138258668293,16.296273231506348
311186.4,16.315353512763977,0.0,16.30426263809204,-3.3921138258668293,16.327418565750122
292747.3,16.346542596817017,0.0,16.335495471954346,-3.3921138258668293,16.358561277389526
308053.7,16.377685070037842,0.0,16.366634607315063,-3.3921138258668293,16.38973355293274
300829.9,16.408748745918274,0.0,16.39772939682007,-3.3921138258668293,16.420767545700073
302702.7,16.439868330955505,0.0,16.42879319190979,-3.3921138258668293,16.451943159103394
298828.6,16.470973014831543,0.0,16.459939002990723,-3.3921138258668293,16.483980894088745
296835.4,16.50310254096985,0.0,16.492002248764038,-3.3921138258668293,16.51523232460022
327376.9,16.534263372421265,0.0,16.52322793006897,-3.3921138258668293,16.5462965965271
299343.6,16.565366744995117,0.0,16.55429196357727,-3.3921138258668293,16.57741141319275
306768.6,16.596415638923645,0.0,16.585407495498657,-3.3921138258668293,16.60839319229126
297339.3,16.62743854522705,0.0,16.61638879776001,-3.3921138258668293,16.640456676483154
285434.8,16.659445643424988,0.0,16.648451328277588,-3.3921138258668293,16.671470165252686
328534.7,16.690428972244263,0.0,16.67943501472473,-3.3921138258668293,16.702420949935913
291013.8,16.721466302871704,0.0,16.71041750907898,-3.3921138258668293,16.734485387802124
335575.7,16.753543496131897,0.0,16.742509365081787,-3.3921138258668293,16.76557755470276
319638.3,16.784677982330322,0.0,16.77365469932556,-3.3921138258668293,16.79672408103943
348201.4,16.8157799243927,0.0,16.804718732833862,-3.3921138258668293,16.827848196029663
345327.8,16.84691309928894,0.0,16.835838079452515,-3.3921138258668293,16.85899043083191
356148.2,16.878175973892212,0.0,16.867092609405518,-3.3921138258668293,16.890233993530273
340197.5,16.909233808517456,0.0,16.898256301879883,-3.3921138258668293,16.922210454940796
337853.1,16.940303206443787,0.0,16.929320812225342,-3.3921138258668293,16.95327615737915
385737.0,16.971574187278748,0.0,16.960469245910645,-3.3921138258668293,16.983686208724976
364045.0,17.002678871154785,0.0,16.991698503494263,-3.3921138258668293,17.01465892791748
403333.3,17.033743262290955,0.0,17.022653818130493,-3.3921138258668293,17.045807123184204
414869.9,17.064847469329834,0.0,17.053797960281372,-3.3921138258668293,17.07686972618103
401489.8,17.095935940742493,0.0,17.084869623184204,-3.3921138258668293,17.1080105304718
448235.3,17.127015352249146,0.0,17.11600685119629,-3.3921138258668293,17.139012336730957
465168.6,17.158985495567322,0.0,17.147993087768555,-3.3921138258668293,17.17197346687317
346628.4,17.190282344818115,0.0,17.1791672706604,-3.3921138258668293,17.202372312545776
376452.1,17.221454858779907,0.0,17.210474252700806,-3.3921138258668293,17.234429121017456
359659.1,17.25343692302704,0.0,17.242455005645752,-3.3921138258668293,17.26541757583618
371297.7,17.29041361808777,0.0,17.279433727264404,-3.3921138258668293,17.302391529083252
408205.2,17.321483969688416,0.0,17.31041693687439,-3.3921138258668293,17.3335280418396
395772.3,17.35256850719452,0.0,17.341522693634033,-3.3921138258668293,17.36458683013916
386296.9,17.38360285758972,0.0,17.372609615325928,-3.3921138258668293,17.396595001220703
393620.4,17.414610385894775,0.0,17.403560638427734,-3.3921138258668293,17.426629781723022
373991.0,17.445668578147888,0.0,17.434632778167725,-3.3921138258668293,17.458725690841675
409286.9,17.477907538414,0.0,17.466771841049194,-3.3921138258668293,17.490018367767334
414457.8,17.50905954837799,0.0,17.498036861419678,-3.3921138258668293,17.52107524871826
354285.7,17.54028344154358,0.0,17.529263734817505,-3.3921138258668293,17.552302598953247
348266.7,17.570929169654846,0.0,17.560296297073364,-3.3921138258668293,17.58353614807129
338881.7,17.602739095687866,0.0,17.591615438461304,-3.3921138258668293,17.614832162857056
336476.4,17.63383662700653,0.0,17.62285852432251,-3.3921138258668293,17.645813941955566
341191.4,17.66480302810669,0.0,17.653810262680054,-3.3921138258668293,17.677796125411987
344819.0,17.696287631988525,0.0,17.68579125404358,-3.3921138258668293,17.70877981185913
342420.4,17.729766368865967,0.0,17.71877360343933,-3.3921138258668293,17.74176001548767
316121.5,17.761748909950256,0.0,17.750755071640015,-3.3921138258668293,17.774739742279053
294156.6,17.793744683265686,0.0,17.782736778259277,-3.3921138258668293,17.80572199821472
295022.7,17.824938416481018,0.0,17.81382942199707,-3.3921138258668293,17.83701753616333
294130.0,17.856119394302368,0.0,17.845125913619995,-3.3921138258668293,17.868080854415894
306073.8,17.887141942977905,0.0,17.876107454299927,-3.3921138258668293,17.899149894714355
281579.0,17.91814911365509,0.0,17.907140731811523,-3.3921138258668293,17.93015694618225
339036.2,17.94926929473877,0.0,17.938122272491455,-3.3921138258668293,17.96138572692871
316745.3,17.981109023094177,0.0,17.970385551452637,-3.3921138258668293,17.992807626724243
303636.4,18.01193594932556,0.0,18.000887632369995,-3.3921138258668293,18.023958444595337
316077.6,18.043954849243164,0.0,18.03294610977173,-3.3921138258668293,18.056933403015137
298692.8,18.075995683670044,0.0,18.064927101135254,-3.3921138258668293,18.088062524795532
320588.3,18.107192993164062,0.0,18.096168994903564,-3.3921138258668293,18.119243144989014
309818.2,18.13837993144989,0.0,18.12740135192871,-3.3921138258668293,18.15035891532898
322474.8,18.169361114501953,0.0,18.158382892608643,-3.3921138258668293,18.181371450424194
328791.8,18.200432181358337,0.0,18.189366340637207,-3.3921138258668293,18.21247363090515
309582.3,18.23152494430542,0.0,18.220470190048218,-3.3921138258668293,18.243555068969727
312628.9,18.262678742408752,0.0,18.251631021499634,-3.3921138258668293,18.27470874786377
313654.1,18.294751167297363,0.0,18.283721446990967,-3.3921138258668293,18.308774948120117
356143.1,18.328768014907837,0.0,18.31777024269104,-3.3921138258668293,18.34175705909729
318169.6,18.360761642456055,0.0,18.349751949310303,-3.3921138258668293,18.3727388381958
310282.8,18.394731879234314,0.0,18.383739471435547,-3.3921138258668293,18.406723022460938
336223.8,18.42671036720276,0.0,18.41572117805481,-3.3921138258668293,18.4386990070343
320572.9,18.457708954811096,0.0,18.44670295715332,-3.3921138258668293,18.46971368789673
336389.7,18.488826751708984,0.0,18.477792024612427,-3.3921138258668293,18.500831365585327
331764.7,18.51984965801239,0.0,18.508856296539307,-3.3921138258668293,18.532814025878906
393949.6,18.551831245422363,0.0,18.54083752632141,-3.3921138258668293,18.56382417678833
344964.5,18.582854509353638,0.0,18.571820497512817,-3.3921138258668293,18.59485912322998
355274.3,18.613886952400208,0.0,18.602860927581787,-3.3921138258668293,18.625935077667236
324734.0,18.644948601722717,0.0,18.63391923904419,-3.3921138258668293,18.656991481781006
346010.7,18.67703127861023,0.0,18.66601276397705,-3.3921138258668293,18.689080715179443
324171.8,18.70804011821747,0.0,18.697046041488647,-3.3921138258668293,18.720032215118408
306727.5,18.739022970199585,0.0,18.72802734375,-3.3921138258668293,18.752014636993408
296391.2,18.771002531051636,0.0,18.76000714302063,-3.3921138258668293,18.783996105194092
283295.7,18.80300009250641,0.0,18.791990518569946,-3.3921138258668293,18.814984798431396
294218.9,18.83405900001526,0.0,18.82300305366516,-3.3921138258668293,18.846128940582275
289771.4,18.86523139476776,0.0,18.85414981842041,-3.3921138258668293,18.877311944961548
306563.7,18.896369457244873,0.0,18.885278463363647,-3.3921138258668293,18.90843105316162
343258.4,18.927651405334473,0.0,18.916455268859863,-3.3921138258668293,18.93985605239868
309635.4,18.959038496017456,0.0,18.947906732559204,-3.3921138258668293,18.971174001693726
290140.8,18.990384221076965,0.0,18.979294300079346,-3.3921138258668293,19.00244450569153
338239.2,19.02103042602539,0.0,19.010551929473877,-3.3921138258668293,19.033539056777954
320433.0,19.052550077438354,0.0,19.041504621505737,-3.3921138258668293,19.064579248428345
368085.1,19.08371412754059,0.0,19.072599411010742,-3.3921138258668293,19.095804929733276
353120.7,19.11484670639038,0.0,19.103825330734253,-3.3921138258668293,19.126868963241577
319647.4,19.1459002494812,0.0,19.134864330291748,-3.3921138258668293,19.157904863357544
365963.4,19.177047848701477,0.0,19.16601276397705,-3.3921138258668293,19.18905806541443
311031.2,19.208055019378662,0.0,19.19704532623291,-3.3921138258668293,19.220062971115112
338157.9,19.239051938056946,0.0,19.228058099746704,-3.3921138258668293,19.25102210044861
317142.9,19.270142078399658,0.0,19.259122371673584,-3.3921138258668293,19.28216314315796
313425.3,19.301148295402527,0.0,19.290154457092285,-3.3921138258668293,19.313141584396362
314496.3,19.332646369934082,0.0,19.321167469024658,-3.3921138258668293,19.3451247215271
350137.8,19.364142537117004,0.0,19.353148937225342,-3.3921138258668293,19.376136302947998
332432.4,19.395742654800415,0.0,19.385132789611816,-3.3921138258668293,19.407363653182983
320680.6,19.427000880241394,0.0,19.41640877723694,-3.3921138258668293,19.43959331512451
308046.0,19.45864713191986,0.0,19.447638273239136,-3.3921138258668293,19.471626043319702
298653.6,19.490246653556824,0.0,19.479701280593872,-3.3921138258668293,19.502771377563477
296268.7,19.521414875984192,0.0,19.51087975502014,-3.3921138258668293,19.533918380737305
334488.2,19.55309009552002,0.0,19.542107343673706,-3.3921138258668293,19.56506657600403
408187.2,19.58406913280487,0.0,19.573089838027954,-3.3921138258668293,19.597045421600342
477619.1,19.617034077644348,0.0,19.60603952407837,-3.3921138258668293,19.62905716896057
424489.8,19.648030638694763,0.0,19.6370210647583,-3.3921138258668293,19.66003942489624
466485.0,19.678998112678528,0.0,19.66800594329834,-3.3921138258668293,19.69098949432373
614492.8,19.709980487823486,0.0,19.698988914489746,-3.3921138258668293,19.722971200942993
604743.1,19.741977214813232,0.0,19.730968713760376,-3.3921138258668293,19.753962993621826
758974.4,19.77396309375763,0.0,19.762980699539185,-3.3921138258668293,19.785967350006104
1134228.0,19.804940938949585,0.0,19.793962001800537,-3.3921138258668293,19.817918062210083
2202899.0,19.83690643310547,0.0,19.82591199874878,-3.3921138258668293,19.848901510238647
1200000.0,19.86790359020233,0.0,19.856894493103027,-3.3921138258668293,19.879883766174316
1277520.0,19.89888620376587,0.0,19.88790798187256,-3.3921138258668293,19.910864114761353
968862.3,19.92988395690918,0.0,19.918891191482544,-3.3921138258668293,19.941853046417236
1376000.0,19.961849689483643,0.0,19.950840711593628,-3.3921138258668293,19.97382926940918
785046.8,19.99383306503296,0.0,19.98282504081726,-3.3921138258668293,20.00581121444702
1082432.0,20.02582859992981,0.0,20.014835119247437,-3.3921138258668293,20.037821054458618
1080000.0,20.056782960891724,0.0,20.04578709602356,-3.3921138258668293,20.069777250289917
977272.8,20.088760137557983,0.0,20.077766180038452,-3.3921138258668293,20.100755214691162
