"[27407.075548586523, 1842.888700662714]",0.4712345600128174,0,0.0029926300048828125,0.49954103777572795,1.1123745441436768
"[28006.160123202466, 1946.5089301786036]",1.1468321084976196,0,1.1133546829223633,0.48959990410225857,1.180309534072876
"[27988.58776034297, 1974.9914748209712]",1.2173012495040894,-1.82,1.184307336807251,0.49019214185301846,1.2512714862823486
"[28149.462989259784, 1995.2799055981118]",1.2862743139266968,-1.932,1.2532932758331299,0.49587127885584087,1.3322172164916992
"[28289.96579931598, 2021.830436608732]",1.3691948652267456,-2.052,1.3362133502960205,0.5060556530340866,1.4591448307037354
"[28547.542403305666, 2064.3592228252337]",1.4936227798461914,-2.188,1.4601428508758545,0.7479001688265312,1.6380729675292969
"[29154.65393842483, 2129.6204627887932]",1.6775485277175903,-2.396,1.6440682411193848,0.7154116979277036,1.7200241088867188
"[29199.05478204086, 2157.991001829035]",1.7549877166748047,-2.696,1.7219910621643066,0.6814955110225798,1.8019447326660156
"[29419.129544331798, 2176.7091807652537]",1.8389244079589844,-2.832,1.8059446811676025,0.6616449706980032,1.8838987350463867
"[29257.955901162124, 1557.129585462124]",1.9973481893539429,-2.968,1.8848974704742432,0.6619939679439868,2.1607463359832764
"[29222.926012668227, 1562.448124066233]",2.1972227096557617,-3.0,2.163740396499634,0.7528178572926624,2.35563325881958
"[29075.610587822346, 1569.0629503219568]",2.3911049365997314,-3.0,2.3576250076293945,0.7548483867238391,2.4345791339874268
"[29020.309426497955, 1551.3925792441642]",2.4715750217437744,-3.0,2.4385783672332764,0.7535475788069915,2.5155389308929443
"[28975.279505590108, 1553.1910638212764]",2.5515202283859253,-3.0,2.5175631046295166,0.7568366134585329,2.597487449645996
"[28931.4918353612, 1554.1964213391627]",2.6344958543777466,-3.0,2.6015145778656006,0.7517074115099875,2.7224154472351074
"[28908.733631004463, 1550.7332609989148]",2.757894992828369,-3.0,2.724414587020874,0.7388896944756844,2.9133098125457764
"[28956.93435401531, 1541.1831177467661]",2.9498002529144287,-3.0,2.916306734085083,0.7403385618302221,2.9942567348480225
"[28939.678793575873, 1553.2310646212925]",3.02974271774292,-3.0,2.996263265609741,0.7408461941880162,3.078216552734375
"[28937.820880775853, 1562.5981267662817]",3.1147072315216064,-3.0,3.0812392234802246,0.7400741699772042,3.1591696739196777
"[28856.975140676826, 1556.2102307329994]",3.1951587200164795,-3.0,3.1621603965759277,0.7408356185138956,3.2840969562530518
"[28885.491053347905, 1556.9564682599603]",3.3220704793930054,-3.0,3.2890868186950684,0.7291389229363879,3.5219531059265137
"[28706.716720900975, 1560.9580972457504]",3.556941032409668,-3.0,3.5239522457122803,0.7298157660801134,3.5999388694763184
"[28700.04530086072, 1558.7796168127195]",3.637889266014099,-3.0,3.604912519454956,0.7324491089361709,3.6808931827545166
"[28636.715460878295, 1569.1082439483912]",3.7158437967300415,-3.0,3.6828677654266357,0.7298897957989585,3.7618138790130615
"[28695.71652289741, 1559.4380698852578]",3.7993123531341553,-3.0,3.7658438682556152,0.7324385332620501,3.879744529724121
"[28750.046250878768, 1565.9997539953258]",3.9147404432296753,-3.0,3.8817434310913086,0.7259027666554501,4.0616724491119385
"[28650.473009460187, 1565.8213164263284]",4.098713397979736,-3.0,4.065639019012451,0.727298755639384,4.142813444137573
"[28630.00123002583, 1553.3526204050286]",4.1777650117874146,-3.0,4.1447813510894775,0.7247077154798096,4.220738887786865
"[28691.10167542346, 1560.2218431058036]",4.260729908943176,-3.0,4.2277655601501465,0.7246865641315682,4.302689075469971
"[28646.87293745875, 1551.2910258205163]",4.339169859886169,-3.0,4.30569052696228,0.7267911232815898,4.425649881362915
"[28657.301803337872, 1573.3430402038443]",4.462612986564636,-3.0,4.42964768409729,0.7215984672883202,4.609518527984619
"[28563.099883398372, 1579.912118769663]",4.644495487213135,-3.0,4.611517429351807,0.7175162570777254,4.6874706745147705
"[28576.185795158515, 1572.6567351644976]",4.726461172103882,-3.0,4.693497180938721,0.7211331376270089,4.770423173904419
"[28576.94296191628, 1569.5298210666003]",4.806399703025818,-3.0,4.773418664932251,0.7211965916717331,4.849405527114868
"[28605.10070711485, 1575.6430885048585]",4.886369228363037,-3.0,4.853373289108276,0.7232376967770306,4.9743335247039795
"[28567.971359427185, 1581.9816396327926]",5.010283827781677,-3.0,4.977305889129639,0.7208793214481117,5.164223909378052
"[28478.612615027072, 1574.4183395301118]",5.200670480728149,-3.0,5.167189359664917,0.7181613731990888,5.243145704269409
"[28515.52773291599, 1577.0236553548302]",5.279126286506653,-3.0,5.246145725250244,0.7156126357359971,5.325130939483643
"[28547.2138498493, 1562.2381202861652]",5.362397074699402,-3.0,5.329129219055176,0.7166279004515855,5.405653476715088
"[28489.58432293349, 1577.176812005804]",5.440631866455078,-3.0,5.407650947570801,0.7169874733716897,5.520691633224487
"[28483.45573529177, 1577.6352421638749]",5.558670878410339,-3.0,5.52565860748291,0.7173893489882768,5.702819347381592
"[28447.683610621378, 1578.1668288360902]",5.739297151565552,-3.0,5.705816984176636,0.7169240193269655,5.78277325630188
"[28423.04003776072, 1569.819826576705]",5.820753216743469,-3.0,5.787768602371216,0.7141003143367353,5.867729187011719
"[28414.740976891724, 1570.478845746149]",5.903707146644592,-3.0,5.870727062225342,0.71892282173578,5.947679758071899
"[28411.468229364586, 1593.2118642372845]",5.985657811164856,-3.0,5.952678918838501,0.7175797111224496,6.068607330322266
"[28468.64162369949, 1573.6788841466098]",6.1045897006988525,-3.0,6.071605205535889,0.7084529043562751,6.287482023239136
"[28508.68464763901, 1565.6666163324776]",6.324458837509155,-3.0,6.291477680206299,0.711837120074903,6.368434906005859
"[28473.18473184732, 1566.4156641566415]",6.4044129848480225,-3.0,6.371432542800903,0.7120909362537999,6.45538592338562
"[28514.213656350217, 1578.4273627009895]",6.492380380630493,-3.0,6.459385871887207,0.7121543902985243,6.540337085723877
"[28475.284079829355, 1585.1669478381132]",6.576332211494446,-3.0,6.543339490890503,0.7124716605221456,6.661263942718506
"[28415.939902858157, 1580.3000257004883]",6.69827401638031,-3.0,6.665292978286743,0.7093306853082941,6.838169813156128
"[28405.511299203386, 1565.2181739271307]",6.873215675354004,-3.0,6.840160131454468,0.7106526445733832,6.9182634353637695
"[28400.682811607792, 1556.6064623098591]",6.958756923675537,-3.0,6.925259828567505,0.7117419390078166,7.004215717315674
"[28424.512669639367, 1575.7173328906617]",7.0457059144973755,-3.0,7.012239933013916,0.7096056528354326,7.093163013458252
"[28385.512240634645, 1575.7473332206653]",7.136137843132019,-3.0,7.103157997131348,0.710367101372124,7.22311806678772
"[28327.068251887275, 1565.6203530645898]",7.265079498291016,-3.0,7.231113433837891,0.7110968228864532,7.412977695465088
"[28391.911054398977, 1578.6884163914951]",7.455953121185303,-3.0,7.422972679138184,0.7100498311485026,7.504924774169922
"[28406.268125362505, 1566.1013220264404]",7.5464078187942505,-3.0,7.512928009033203,0.708897082669345,7.591881990432739
"[28377.825667385012, 1576.7536513047696]",7.635864734649658,-3.0,7.602868556976318,0.711392941761833,7.6798577308654785
"[28374.81074659344, 1576.5283775107953]",7.722814440727234,-3.0,7.689850330352783,0.7089922637364314,7.81775164604187
"[28352.453639258227, 1573.7451799228788]",7.860235214233398,-3.0,7.8267388343811035,0.7048254481328708,8.01063346862793
"[28376.21077179389, 1572.1582988493794]",8.052623987197876,-3.0,8.019628047943115,0.7081356341326537,8.099581718444824
"[28354.16708334167, 1576.9715394307884]",8.14206349849701,-3.0,8.108583450317383,0.706284891161529,8.184539318084717
"[28342.966859337186, 1578.3315666313324]",8.226525902748108,-3.0,8.19353199005127,0.7042014833597487,8.274486064910889
"[28328.066561331227, 1567.6813536270724]",8.315461277961731,-3.0,8.282480716705322,0.7069300072828925,8.411402463912964
"[28332.924993874905, 1570.2835542533137]",8.453879594802856,-3.0,8.420397281646729,0.7077020314937045,8.60429573059082
"[28375.739139043642, 1564.5297260647953]",8.645784974098206,-3.0,8.612291097640991,0.7067396451487197,8.690271377563477
"[28356.296988157836, 1568.2819559473835]",8.732218623161316,-3.0,8.699235200881958,0.7047091157175429,8.778190851211548
"[28376.524283534232, 1568.644510179224]",8.82066559791565,-3.0,8.787184715270996,0.7050475372894057,8.866138696670532
"[28391.711050798913, 1565.1881733871212]",8.908130288124084,-3.0,8.875133752822876,0.7070780667205825,8.988099098205566
"[28349.338637434113, 1569.2898165065137]",9.031066060066223,-3.0,8.998093605041504,0.703239097014764,9.194955587387085
"[28281.365627312545, 1584.4816896337927]",9.236939787864685,-3.0,9.203943490982056,0.700817267641121,9.280898094177246
"[28260.0934619627, 1573.2630385238092]",9.322874665260315,-3.0,9.289894580841064,0.7048465994811122,9.365849018096924
"[28278.980742672626, 1591.0370476298096]",9.406841516494751,-3.0,9.373845100402832,0.7074693666630488,9.450809717178345
"[28325.19482909141, 1585.043285909004]",9.491792917251587,-3.0,9.458796501159668,0.7034188834748161,9.583755016326904
"[28302.637750117257, 1594.6102975956544]",9.624719858169556,-3.0,9.591727495193481,0.7011768405612251,9.763619899749756
"[28303.394371281796, 1599.9935998655972]",9.805097579956055,-3.0,9.771615982055664,0.7022872863438999,9.855567216873169
"[28296.296148146077, 1583.0221623102725]",9.898043632507324,-3.0,9.864562511444092,0.7025622538710384,9.94554591178894
"[28290.13948167378, 1573.9988879866562]",9.98699426651001,-3.0,9.953510284423828,0.7027208889828491,10.029468059539795
"[28291.365827316546, 1578.8615772315447]",10.070969820022583,-3.0,10.037492752075195,0.7078712422796358,10.160422563552856
"[28250.90851635329, 1589.6786142150559]",10.202382802963257,-3.0,10.169417381286621,0.6997914272514119,10.360283136367798
"[28294.881012977217, 1586.2969670484397]",10.402751564979553,-3.0,10.369271993637085,0.701145113538863,10.450227975845337
"[28250.608510953196, 1588.9886017948322]",10.492215514183044,-3.0,10.459218502044678,0.6982579545039085,10.53720474243164
"[28258.208647755662, 1585.6185411337403]",10.578166365623474,-3.0,10.545170068740845,0.6947574063699529,10.626153707504272
"[28244.023660354906, 1581.1037165557482]",10.668602108955383,-3.0,10.635116815567017,0.6973801735518894,10.754053592681885
"[28256.208611755013, 1570.1082619487152]",10.79503059387207,-3.0,10.762049198150635,0.702213256625055,10.95093584060669
"[28269.824047360707, 1579.3436901553523]",10.992925882339478,-3.0,10.95992922782898,0.699199189500652,11.037893056869507
"[28311.639739676877, 1569.7988375860514]",11.078891634941101,-3.0,11.045910596847534,0.7005528757881031,11.122836589813232
"[28274.75239603834, 1572.515160242564]",11.164814114570618,-3.0,11.131836414337158,0.6968302384976124,11.21178412437439
"[28310.081271381612, 1572.0767253043298]",11.253768801689148,-3.0,11.220783948898315,0.6993260975901006,11.347711563110352
"[28225.4669310701, 1568.4503898550684]",11.389699220657349,-3.0,11.356731176376343,0.7001298488232746,11.530600547790527
"[28308.99448888427, 1579.2431641064463]",11.573078274726868,-3.0,11.539601564407349,0.7012085675835873,11.622548818588257
"[28310.637902120143, 1577.109965089337]",11.665537476539612,-3.0,11.632541179656982,0.7015892918519329,11.709501504898071
"[28290.79410667624, 1582.1432250077253]",11.751476526260376,-3.0,11.718495845794678,0.7012825973024323,11.793449878692627
"[28275.508959161263, 1570.8882759889677]",11.835439682006836,-3.0,11.8024423122406,0.7001298488232746,11.927374839782715
"[28285.009130164344, 1575.848365270575]",11.96984601020813,-3.0,11.936365365982056,0.6963543331621804,12.120265007019043
"[28240.336566394762, 1584.670108732066]",12.162254095077515,-3.0,12.129258871078491,0.7010182054494144,12.207241535186768
"[28314.49640294964, 1577.2820819491476]",12.249185800552368,-3.0,12.216204404830933,0.6993260975901006,12.293190479278564
"[28204.264085281702, 1580.3316066321327]",12.33514153957367,-3.0,12.302162408828735,0.696735057430526,12.381110191345215
"[28227.93633079029, 1584.8901129121455]",12.423100113868713,-3.0,12.390103101730347,0.6963120304656976,12.505037307739258
"[28215.864317286345, 1586.6017320346407]",12.548028349876404,-3.0,12.515032291412354,0.7007009352257931,12.69293737411499
"[28233.879975959586, 1588.1969993489886]",12.734408617019653,-3.0,12.700932264328003,0.6985329220310471,12.781878232955933
"[28239.608312949633, 2102.9278527013485]",12.825353145599365,-3.0,12.791871786117554,0.6970523276541474,12.858834505081177
"[28193.00747413453, 2099.6277933002793]",12.90132462978363,-2.908,12.86882758140564,0.697729170797873,12.934820175170898
"[28195.979331648636, 2102.3557400475806]",12.976780891418457,-2.78,12.943784236907959,0.6988184652323063,13.049753427505493
"[28204.05126482024, 2092.3034768556295]",13.09072232246399,-2.588,13.057748794555664,0.4937984467281813,13.23361611366272
"[28285.85257364118, 2085.7833725339606]",13.275609016418457,-2.284,13.242611646652222,0.5134586249185851,13.323568105697632
"[28346.41023538424, 2083.097495754924]",13.365539908409119,-2.132,13.332558870315552,0.5476286280026059,13.40752387046814
"[28349.481941193, 2083.015411261991]",13.449494361877441,-1.992,13.416510343551636,0.5803709150803307,13.494478225708008
"[28260.123901858526, 2078.031170467557]",13.535473704338074,-1.848,13.502492427825928,0.5977678990089021,13.614402532577515
"[28511.056176898834, 2069.5231123697977]",13.65640377998352,-1.648,13.623422861099243,0.32923038173578006,13.804288148880005
"[28382.09734936289, 2051.8487258821624]",13.846766829490662,-1.332,13.813289403915405,0.29594873527789906,13.890236377716064
"[28243.451895230326, 2041.1126578025248]",13.93121337890625,-1.188,13.89823293685913,0.27184677395679613,13.973188400268555
"[28039.220588308825, 2023.360350405256]",14.015164732933044,-1.048,13.982184171676636,0.25056851762592336,14.058139562606812
"[28158.950543208688, 2003.492055872894]",14.10013461112976,-0.908,14.067140102386475,0.2537200685138956,14.191094636917114
"[28194.651114417833, 1969.211507384118]",14.233060359954834,-0.684,14.200066328048706,0.12319509851606669,14.378962755203247
"[28167.15067441079, 1908.8505416086657]",14.420450687408447,-0.372,14.386958599090576,0.13844522059813358,14.464905500411987
"[28005.12007680115, 1881.3782206733101]",14.507882952690125,-0.228,14.47490406036377,0.13255457011289692,14.556854486465454
"[28155.65049040785, 1851.3096209539353]",14.598831534385681,-0.076,14.5658540725708,0.09942098309270586,14.640808820724487
"[28023.720355805337, 1227.568413526203]",14.684781432151794,0.0,14.651804685592651,0.05147087662939714,14.770734071731567
"[27887.54620073921, 1192.2090753452055]",14.812220454216003,0.0,14.779754638671875,-0.005362796095309763,14.960620164871216
"[27811.80061241102, 1175.811164600963]",15.002610445022583,0.0,14.969613313674927,-0.006991449909899427,15.046600580215454
"[27690.54304868878, 1178.2388518216292]",15.088563680648804,0.0,15.055595636367798,-0.007985563277246366,15.135519742965698
"[27704.84327749244, 1184.9589593433495]",15.177993655204773,0.0,15.14451289176941,-0.006695331034519487,15.22847056388855
"[27581.775817758175, 1187.941879418794]",15.26994264125824,0.0,15.236464977264404,-0.0023910316673896592,15.363388776779175
"[27561.123661349568, 1181.8524551966489]",15.404394030570984,0.0,15.371412754058838,0.012531244516935134,15.546288967132568
"[27358.78302296232, 1189.6366549131687]",15.5882728099823,0.0,15.55527639389038,0.011018923117673302,15.635260581970215
"[27374.210613159194, 1190.4678570178553]",15.676236867904663,0.0,15.643255949020386,0.008142339756839607,15.720187902450562
"[27336.764725000325, 1177.4100159702714]",15.762171387672424,0.0,15.729206562042236,0.00851248835106453,15.80516242980957
"[27285.06384608538, 1185.080146362488]",15.866127490997314,0.0,15.8131582736969,0.009041272057100137,15.972066402435303
"[27222.962790367434, 1199.8603976267595]",16.03399884700775,0.0,15.981029748916626,0.011748644632002436,16.195910453796387
"[27157.525890310684, 1200.9344112129345]",16.237385272979736,0.0,16.203902006149292,0.013081179571212163,16.28386378288269
"[27169.871698716986, 1204.692046920469]",16.324851870536804,0.0,16.291857719421387,0.009210482843031529,16.369836807250977
"[27097.99807797886, 1192.6931196243158]",16.411800861358643,0.0,16.378830909729004,0.008914363967651592,16.45778512954712
"[27072.960240324082, 1200.2904049368838]",16.499232411384583,0.0,16.465749502182007,0.009358542280721499,16.581713914871216
"[27079.62495549947, 1194.2543310519727]",16.623177886009216,0.0,16.589709997177124,0.022683891672818764,16.76660680770874
"[27110.679549513694, 1199.3567909950739]",16.807583808898926,0.0,16.774603128433228,0.019416008369518716,16.851558446884155
"[27041.405621084312, 1205.3680805212077]",16.893505811691284,0.0,16.860528230667114,0.02196474583261034,16.93550968170166
"[26956.104341565122, 1197.1579573693605]",16.97847294807434,0.0,16.94548010826111,0.021044662184108387,17.02142882347107
"[26927.61542092337, 1190.3495227961823]",17.063420176506042,0.0,17.030455112457275,0.02431254548740843,17.14635705947876
"[26924.469244692442, 1198.5219852198522]",17.18733239173889,0.0,17.154351711273193,0.021383083755971175,17.33025097846985
"[26940.057980985675, 1211.920602650245]",17.371757984161377,0.0,17.33827781677246,0.020621635219279896,17.416200160980225
"[26901.684230316143, 1199.2015856285414]",17.45717680454254,0.0,17.424196004867554,0.021499416171299003,17.505181312561035
"[26909.557462476863, 1196.7503447558609]",17.54612946510315,0.0,17.51315188407898,0.020917754094659843,17.589102268218994
"[26925.211579020004, 1219.063162200082]",17.631108283996582,0.0,17.598127603530884,0.01911988949413878,17.72405457496643
"[26803.636072721456, 1205.0041000820015]",17.76503050327301,0.0,17.732049465179443,0.02784482064372628,17.911928415298462
"[26937.68487832781, 1202.101637829481]",17.953396201133728,0.0,17.919915676116943,0.027707336880157016,18.000894784927368
"[26861.110361096864, 1198.9727804828292]",18.041839361190796,0.0,18.008859157562256,0.02637480194094729,18.085816383361816
"[26853.610218594156, 1208.6929651663384]",18.126795887947083,0.0,18.093817949295044,0.028310150305037605,18.169766664505005
"[26790.062591314418, 1197.5451484481175]",18.211745142936707,0.0,18.178760051727295,0.03031952838797291,18.30172038078308
"[26758.73517470349, 1199.2739854797096]",18.34267008304596,0.0,18.309690475463867,0.026290196547981592,18.532588958740234
"[26810.828973263575, 1208.3293332693322]",18.573535561561584,0.0,18.540551900863647,0.031176157991750587,18.617511510849
"[26863.90295854438, 1201.9080286204294]",18.659499645233154,0.0,18.62650442123413,0.03269905506513314,18.702459812164307
"[26814.502217533263, 1202.498037470562]",18.744439721107483,0.0,18.71146321296692,0.03099637153169848,18.787410736083984
"[26791.648291427788, 1200.0456005928077]",18.829384446144104,0.0,18.796403884887695,0.02948405013243665,18.91233777999878
"[26742.081357464434, 1200.7916142490565]",18.953344583511353,0.0,18.920363664627075,0.03618902752496813,19.11222767829895
"[26726.547445116787, 1201.9956259431374]",19.15320324897766,0.0,19.120222568511963,0.03554391140360469,19.198177576065063
"[26717.20075801137, 1200.7280109201638]",19.239150643348694,0.0,19.206172466278076,0.03241351186387391,19.28512215614319
"[26736.227779644472, 1195.5491287860607]",19.32709836959839,0.0,19.294118642807007,0.03259329832392601,19.369078397750854
"[26728.85439052464, 1203.3004561077537]",19.410057067871094,0.0,19.377077102661133,0.033143233378203046,19.487009525299072
"[26765.62118745425, 1208.12449749397]",19.527997493743896,0.0,19.49500060081482,0.03697162740990083,19.667900562286377
"[26704.100561508425, 1206.9281039215587]",19.709376573562622,0.0,19.67589545249939,0.03523721685410404,19.752853393554688
"[26671.97340762771, 1215.4270159782236]",19.794827103614807,0.0,19.7618465423584,0.03684471932045228,19.836803674697876
"[26724.554317423394, 1216.650683061612]",19.878809928894043,0.0,19.845829248428345,0.03524779252822475,19.925759315490723
"[26652.15308660247, 1221.6707684030628]",19.967745900154114,0.0,19.93475103378296,0.03391525758901503,20.050710678100586
"[26602.42563881022, 1211.0593769500313]",20.0916610956192,0.0,20.058684587478638,0.035935211346071035,20.233580350875854
"[26601.74582269569, 1220.4458657962552]",20.275581002235413,0.0,20.242599964141846,0.03421137646439497,20.31852674484253
"[26537.771528801404, 1216.5270313784395]",20.360504984855652,0.0,20.32752823829651,0.03368259275835936,20.403507471084595
"[26598.845784995206, 1222.2558893265611]",20.445469856262207,0.0,20.41250205039978,0.038547402853886935,20.488431692123413
"[26581.465814658146, 1222.7622276222762]",20.52940547466278,0.0,20.496422052383423,0.03366144141011794,20.6133873462677
"[26592.025472407557, 1222.0395526328423]",20.65436339378357,0.0,20.621382236480713,0.03999627020842449,20.827231645584106
"[26607.94590329674, 1213.6957780451146]",20.86870765686035,0.0,20.835228204727173,0.03812437588905845,20.91321349143982
"[26515.518186218236, 1212.9545554546655]",20.954174518585205,0.0,20.921178102493286,0.038737764988059746,20.999164581298828
"[26583.498752481286, 1209.578143672155]",21.041112542152405,0.0,21.00812816619873,0.038060921844334177,21.085090398788452
"[26584.319011828145, 1216.5145981751782]",21.127057433128357,0.0,21.09407663345337,0.036516873422710205,21.222037315368652
"[26565.751617777496, 1201.3504229571902]",21.262996077537537,0.0,21.230032205581665,0.03983763509661381,21.408902406692505
"[26457.949785146346, 1216.630682721606]",21.450374364852905,0.0,21.41689157485962,0.03979533240013096,21.498875379562378
"[26544.238898150084, 1221.950997558978]",21.53982126712799,0.0,21.50684142112732,0.03868488661745619,21.586824417114258
"[26511.87721378985, 1211.5818084725527]",21.62778866291046,0.0,21.594793796539307,0.04200564829135979,21.67577290534973
"[26561.67186340609, 1217.7670487386824]",21.716733813285828,0.0,21.68373680114746,0.04084232413808146,21.802669286727905
"[26561.171856405992, 1218.6870616188628]",21.8436439037323,0.0,21.81066346168518,0.035924635671950325,21.98955988883972
"[26541.718500622006, 1221.9746636959644]",22.031054258346558,0.0,21.997560501098633,0.03482476556339627,22.076509475708008
"[26503.744548679133, 1232.456021928285]",22.117501854896545,0.0,22.0845046043396,0.03702450578050438,22.161460399627686
"[26508.371117195642, 1220.107081499141]",22.20343804359436,0.0,22.170454740524292,0.03664378151215875,22.24641251564026
"[26466.064660646607, 1209.632096320963]",22.288389563560486,0.0,22.255411386489868,0.03506800606817265,22.379334449768066
"[26449.16449164491, 1227.8722787227873]",22.42181098461151,0.0,22.388330459594727,0.04112786733934069,22.56823229789734
"[26491.791409705507, 1216.1133772471496]",22.609720468521118,0.0,22.576226949691772,0.04057793228506366,22.658174753189087
"[26440.790848699336, 1216.8733856072417]",22.70066475868225,0.0,22.66719961166382,0.04118074570994425,22.744123458862305
"[26446.17024638345, 1211.6769634774887]",22.78511655330658,0.0,22.752119302749634,0.04209025368432549,22.829106330871582
"[26444.823117169875, 1211.429382870126]",22.87008309364319,0.0,22.837101936340332,0.03736292735236718,22.958007335662842
"[26423.79066169728, 1202.9132320455524]",22.999495029449463,0.0,22.966028451919556,0.043750634521277296,23.143893241882324
"[26405.522488359813, 1203.3892542280676]",23.18536901473999,0.0,23.151888132095337,0.04601382878310969,23.228843688964844
"[26415.549064334093, 1204.3304736180514]",23.270334482192993,0.0,23.236839532852173,0.040948080879288584,23.314796686172485
"[26433.975811564607, 1204.361678510213]",23.356778383255005,0.0,23.323798179626465,0.03917136762700895,23.400775909423828
"[26450.849664444297, 1197.6703603961266]",23.442723393440247,0.0,23.40973973274231,0.0419316185725148,23.534667491912842
"[26434.490779398577, 1200.4032044352487]",23.575659155845642,0.0,23.542662620544434,0.04573886125597117,23.7235586643219
"[26455.476198571574, 1217.6719180945256]",23.76456594467163,0.0,23.731584787368774,0.04692333675749093,23.810539484024048
"[26403.275258954658, 1230.932156778822]",23.851500153541565,0.0,23.818503856658936,0.044702445192141387,23.89445924758911
"[26432.555083656756, 1216.3455432564085]",23.93545162677765,0.0,23.90245485305786,0.04890098781806409,23.980409622192383
"[26423.42846856937, 1214.6842936858736]",24.021387815475464,0.0,23.988408088684082,0.048668322987408426,24.1143639087677
"[26439.955239060022, 1208.9353876431405]",24.1553316116333,0.0,24.122341632843018,0.041921042898394094,24.301231861114502
"[26461.302764752534, 1225.2532798123166]",24.343217134475708,0.0,24.310221195220947,0.04296803463634459,24.387175798416138
"[26417.32834656693, 1210.5742114842296]",24.428171157836914,0.0,24.39517879486084,0.04453323440620999,24.47212839126587
"[26453.49680245204, 1214.6882203233047]",24.513103008270264,0.0,24.480123043060303,0.04295745896222388,24.55810809135437
"[26460.94983614721, 1722.569283677822]",24.603051781654358,0.0,24.570070505142212,0.04159319700065202,24.677011966705322
"[26416.675500159003, 1722.5310055581]",24.718000769615173,-0.164,24.685036659240723,0.0740499408771175,24.871896028518677
"[26419.449130635217, 1736.15951471175]",24.914886951446533,-0.488,24.881890773773193,0.027527550420104907,24.94888210296631
"[26435.04939583973, 1744.6696593842096]",24.989843606948853,-0.616,24.95684576034546,-0.02227329901432843,25.03480100631714
"[26555.924894798314, 1764.468231491704]",25.075792908668518,-0.76,25.04279613494873,-0.08594943289513607,25.118754148483276
"[26696.153834615186, 1782.6503050551858]",25.159745454788208,-0.9,25.126749515533447,-0.13083259386343826,25.2376925945282
"[26990.158832700152, 1819.2109265857518]",25.279672384262085,-1.1,25.246684312820435,0.42280394635584084,25.421586513519287
"[27378.565435612403, 1879.7919564632598]",25.462572693824768,-1.404,25.429604530334473,0.45890929780395207,25.50852870941162
"[27686.870676801504, 1904.5323770504097]",25.55001986026764,-1.552,25.516523838043213,0.4676130776052981,25.593480825424194
"[27704.070969206474, 1933.2028644486954]",25.634470343589783,-1.692,25.601505041122437,0.46365777548415177,25.67746138572693
"[27681.69827056887, 1957.8652415743484]",25.718422055244446,-1.832,25.685425519943237,0.44543588897416475,25.801389932632446
"[27936.97492857378, 1995.3739213566628]",25.843350410461426,-2.04,25.809385299682617,0.6271153946938781,25.991281032562256
"[28123.57810082771, 2055.3349406939915]",26.032256841659546,-2.356,25.99927568435669,0.6138746506947466,26.0781991481781
"[28469.055504888078, 2080.713291412663]",26.120174646377563,-2.5,26.087194204330444,0.592078186331959,26.16315793991089
"[28709.05934494952, 2104.8536776588426]",26.205127954483032,-2.644,26.172150135040283,0.5766588534639607,26.25110149383545
"[28717.559480951695, 2126.9540312645]",26.292106866836548,-2.788,26.25912618637085,0.5692135788829793,26.379028797149658
"[29035.03552553288, 2145.6821852327785]",26.421017289161682,-2.992,26.388051748275757,0.7577989998035177,26.61991810798645
"[28795.916755084305, 1559.777157548733]",26.661393523216248,-3.0,26.627912759780884,0.7569529458738609,26.705835580825806
"[28657.358517736287, 1554.7748763980223]",26.747844338417053,-3.0,26.71486258506775,0.7582114510942255,26.79181933403015
"[28671.144751750286, 1564.4897253047811]",26.832781434059143,-3.0,26.799813508987427,0.7573759728386893,26.876741647720337
"[28692.187767192037, 1560.356526060943]",26.919713020324707,-3.0,26.886733055114746,0.7511574764557105,27.005664587020874
"[28565.485613255423, 1556.0864534697089]",27.046658158302307,-3.0,27.01369023323059,0.7389319971721673,27.192586660385132
"[28573.585750957765, 1553.526409948969]",27.235035061836243,-3.0,27.20155119895935,0.7385089702073389,27.278512001037598
"[28494.41289943219, 1556.938024884448]",27.320485949516296,-3.0,27.287503480911255,0.7373667974023019,27.363457441329956
"[28557.314130455434, 1566.2872291595208]",27.404947996139526,-3.0,27.371451377868652,0.7357804462841953,27.4474093914032
"[28620.17240344807, 1560.3612072241444]",27.489886164665222,-3.0,27.456403732299805,0.7400530186289629,27.582361459732056
"[28543.870877417547, 1549.2909858197163]",27.623338103294373,-3.0,27.590357303619385,0.7263469449685199,27.769229888916016
"[28570.599982599637, 1552.8226092747948]",27.811200857162476,-3.0,27.77821683883667,0.727668904233609,27.857203006744385
"[28596.043324823175, 1556.279569311817]",27.89816451072693,-3.0,27.86516809463501,0.7311694523675647,27.941147804260254
"[28473.140989678803, 1556.9495820420589]",27.983115553855896,-3.0,27.950119018554688,0.7283034446808516,28.02707529067993
"[28315.896422549915, 1564.1818985465795]",28.069068670272827,-3.0,28.036099672317505,0.7284726554667831,28.161028385162354
"[28441.797277742833, 1555.8426726961268]",28.2024884223938,-3.0,28.16899275779724,0.7201813269561448,28.350894451141357
"[28367.81062059117, 1553.8479692634467]",28.392378568649292,-3.0,28.358882904052734,0.7229415779016506,28.435868978500366
"[28386.982578703835, 1546.796295537024]",28.476829051971436,-3.0,28.44386386871338,0.721566740265958,28.521787643432617
"[28308.49447838405, 1552.2525973045435]",28.562779307365417,-3.0,28.52978253364563,0.7194833324641778,28.606769561767578
"[28254.26730547497, 1552.160178082315]",28.647746205329895,-3.0,28.614765405654907,0.722233007735563,28.736694812774658
"[28401.32482914624, 1556.7742490334786]",28.77867066860199,-3.0,28.745689868927002,0.7156655141066007,28.919567108154297
"[28319.053104849678, 1563.7350197603164]",28.961052775382996,-3.0,28.927584648132324,0.720244781000869,29.00650906562805
"[28225.336281389347, 1559.0996228928352]",29.048015117645264,-3.0,29.01453471183777,0.7194516054418156,29.091463088989258
"[28258.808658555852, 1561.8081125460258]",29.13393533229828,-3.0,29.100454330444336,0.7202976593714726,29.180407524108887
"[28213.19247704202, 1564.3928522498973]",29.2223984003067,-3.0,29.189433336257935,0.7193987270712121,29.301345348358154
"[28265.18050806863, 1566.526630952726]",29.342345714569092,-3.0,29.309364318847656,0.7150098223111165,29.483234167099
"[28362.010516189293, 1563.778148006664]",29.524714589118958,-3.0,29.491233587265015,0.7149886709628752,29.56818962097168
"[28332.15331445303, 1566.7250676010817]",29.610164284706116,-3.0,29.577183961868286,0.7149357925922715,29.654138326644897
"[28349.410289385207, 1564.6281633069395]",29.696624875068665,-3.0,29.66315984725952,0.7154857276465486,29.7400906085968
"[28262.039144469738, 1567.3088077056925]",29.782559633255005,-3.0,29.74907922744751,0.7165855977551027,29.864043712615967
"[28310.209583772506, 1571.4482860691494]",29.905020713806152,-3.0,29.872039079666138,0.7091085961517591,30.06889510154724
"[28303.237761517466, 1566.6597665355644]",30.11090123653412,-3.0,30.07792043685913,0.7111602769311773,30.15684938430786
"[28309.511404625453, 1564.197206169268]",30.198822259902954,-3.0,30.165844440460205,0.7144598872568395,30.24679398536682
"[28255.61081171893, 1571.2672839401234]",30.288798689842224,-3.0,30.255817890167236,0.7123130254103349,30.33174443244934
"[28217.351477623644, 1563.6650186402985]",30.373749613761902,-3.0,30.340768575668335,0.7144281602344773,30.457701444625854
"[28175.494456922395, 1564.3719012066172]",30.4996520280838,-3.0,30.46667218208313,0.7093412609824148,30.666550636291504
"[28144.806606518916, 1569.9482590686632]",30.707543969154358,-3.0,30.674575805664062,0.7080933314361708,30.751501321792603
"[28184.40731933175, 1560.2280841055137]",30.792476534843445,-3.0,30.75949501991272,0.7080298773914466,30.84048056602478
"[28183.735490974334, 1563.1597000343008]",30.882428526878357,-3.0,30.849445819854736,0.7118794227713858,30.9253990650177
"[28178.779039243665, 1548.6363268175558]",30.987379789352417,-3.0,30.934394598007202,0.7048994778517158,31.099299907684326
"[28205.8794999515, 1558.1364883203014]",31.160280227661133,-3.0,31.107295751571655,0.7061368317238391,31.32317590713501
"[28096.74954799277, 1557.9349269588315]",31.364651083946228,-3.0,31.331165075302124,0.7073953369442039,31.408122539520264
"[28105.5372664472, 1565.498785985432]",31.450101494789124,-3.0,31.417118310928345,0.7087701745798964,31.495101928710938
"[28094.32141482122, 1572.3935859037886]",31.53604781627655,-3.0,31.503066539764404,0.7046668130210602,31.57902455329895
"[28077.993091903292, 1569.851977927691]",31.620014905929565,-3.0,31.58704924583435,0.7064646776215813,31.706979990005493
"[28024.27641269901, 1561.0965386411567]",31.747956037521362,-3.0,31.714975118637085,0.7016738972448986,31.885871648788452
"[27968.0195202928, 1552.8932933994008]",31.926848530769348,-3.0,31.893866539001465,0.7055340182989585,31.968798398971558
"[28035.90464628363, 1547.687858381451]",32.00978982448578,-3.0,31.97679352760315,0.7076174261007387,32.054778814315796
"[28026.50829159121, 1550.9670606376671]",32.095739245414734,-3.0,32.06274199485779,0.7083894503115508,32.13873052597046
"[27993.26391243086, 1556.030228392969]",32.18069064617157,-3.0,32.147725343704224,0.7015364134813293,32.269654512405396
"[27941.575006775114, 1553.796414539047]",32.31163048744202,-3.0,32.27864956855774,0.7043601184715594,32.453524112701416
"[27973.363653727494, 1564.7303414944395]",32.494509100914,-3.0,32.461544036865234,0.7001192731491539,32.53946781158447
"[28081.221218318275, 1568.3435251528774]",32.58195912837982,-3.0,32.5484938621521,0.7040851509444209,32.625449895858765
"[27989.279892798928, 1570.9257092570924]",32.667393922805786,-3.0,32.63441324234009,0.7031016132511947,32.71037745475769
"[28018.876320897452, 1562.4265612515412]",32.752360105514526,-3.0,32.71939492225647,0.7040428482479382,32.83233022689819
"[28027.53633043597, 1569.8288379460555]",32.87380564212799,-3.0,32.840325117111206,0.6982896815262707,33.017192125320435
"[27991.191876686273, 1567.2519415271815]",33.05867040157318,-3.0,33.02518820762634,0.6989876760182376,33.102173805236816
"[28019.58019580196, 1565.8056580565803]",33.144134283065796,-3.0,33.11116862297058,0.7016421702225364,33.18809771537781
"[28092.180921809213, 1565.6056560565605]",33.231568336486816,-3.0,33.19808888435364,0.7003202109574475,33.276041746139526
"[28044.22066330995, 1568.1935229028434]",33.31755030155182,-3.0,33.284069538116455,0.7011979919094665,33.409996032714844
"[28007.520112801692, 1558.9633844507666]",33.45194053649902,-3.0,33.41895914077759,0.6991251597818069,33.59489035606384
"[28073.680736807364, 1568.9556895568953]",33.63635301589966,-3.0,33.602885007858276,0.6971369330471131,33.67881536483765
"[27967.975455582742, 1561.4665449312638]",33.72081708908081,-3.0,33.687835693359375,0.6969888736094232,33.764769077301025
"[28019.35217416957, 1559.074031666285]",33.80676734447479,-3.0,33.773786544799805,0.7012297189318286,33.85171127319336
"[28064.40870849579, 1562.3771861490477]",33.892701268196106,-3.0,33.859736919403076,0.699854881296136,33.972671031951904
"[28061.5648003424, 1562.3503105540372]",34.014631390571594,-3.0,33.98163461685181,0.6997914272514119,34.15753984451294
"[28030.12424099393, 1552.4024192193538]",34.19902491569519,-3.0,34.165528535842896,0.700373089328051,34.242515325546265
"[27990.2918640861, 1562.4918748862485]",34.28349196910858,-3.0,34.250510931015015,0.6991886138265312,34.3264365196228
"[27959.22367378939, 1559.5124760998087]",34.36842727661133,-3.0,34.33546161651611,0.6997702759031703,34.41641712188721
"[27928.423427387417, 1561.8524948199583]",34.45737838745117,-3.0,34.42441010475159,0.7012085675835873,34.55130624771118
"[27967.447479159666, 1554.7948767180274]",34.59328508377075,-3.0,34.560301303863525,0.6985540733792885,34.74119687080383
"[28027.996195973377, 1549.3908457359203]",34.782687306404114,-3.0,34.74922251701355,0.6973484465295274,34.830153465270996
"[27988.47988479885, 1560.2656026560264]",34.87162208557129,-3.0,34.838141679763794,0.7010499324717765,34.91709589958191
"[28020.164262135408, 1562.7303154941014]",34.95809042453766,-3.0,34.92512106895447,0.6992309165230142,35.00104641914368
"[27974.291640082964, 1557.4518043252606]",35.04303956031799,-3.0,35.010072231292725,0.697951259954408,35.13000297546387
"[27968.96359652675, 1554.580209542724]",35.17146599292755,-3.0,35.13799834251404,0.698903070625272,35.317864418029785
"[28034.56444933784, 1570.0204102653333]",35.359370708465576,-3.0,35.32588982582092,0.6954448251877992,35.40384483337402
"[28029.73635683628, 1570.5388464661576]",35.44679141044617,-3.0,35.413814067840576,0.6976762924272694,35.492767333984375
"[28042.908471993193, 1560.057160628767]",35.53375780582428,-3.0,35.50076460838318,0.6964495142292668,35.57674527168274
"[28007.780077800777, 1560.5156051560516]",35.618204832077026,-3.0,35.58474016189575,0.6958149737820241,35.70764136314392
"[27968.29155608179, 1554.7817669447372]",35.74863028526306,-3.0,35.715664863586426,0.6948843144594015,35.89053297042847
"[27942.463252022273, 1558.4002592033696]",35.932008266448975,-3.0,35.8985276222229,0.6985329220310471,35.97551465034485
"[27946.135353624246, 1558.2786993443922]",36.016489028930664,-3.0,35.98351001739502,0.6961428196797661,36.058436155319214
"[27922.3954567682, 1551.9908639360476]",36.09944009780884,-3.0,36.06645750999451,0.697179235743596,36.14038920402527
"[27951.979519795197, 1563.6356363563634]",36.18137812614441,-3.0,36.1483838558197,0.6973484465295273,36.26734161376953
"[27927.579275792756, 1562.0656206562066]",36.308318734169006,-3.0,36.27533769607544,0.6943555307533658,36.44024848937988
"[27938.67938679387, 2071.510715107151]",36.48271191120148,-3.0,36.449219942092896,0.6942815010345208,36.51720309257507
"[27937.735252823037, 2069.284831417977]",36.55817937850952,-2.908,36.525198221206665,0.6958149737820241,36.59215950965881
"[27926.307189379084, 2072.1927941207355]",36.63363587856293,-2.784,36.600154876708984,0.690601166440513,36.668087005615234
"[27889.46256301332, 2063.7768290987783]",36.71005952358246,-2.656,36.67707896232605,0.6959841845679555,36.80201077461243
"[27937.63525162302, 2062.434749216991]",36.84348213672638,-2.432,36.81000113487244,0.5976304152453329,36.98890471458435
"[28054.79276709874, 2056.7487944831228]",37.03037512302399,-2.12,36.99689483642578,0.630615942827834,37.07285118103027
"[28124.521867828018, 2057.680865212978]",37.11484456062317,-1.98,37.08185076713562,0.6421645789676516,37.1568329334259
"[28155.322329834944, 2055.1108266624]",37.19879460334778,-1.84,37.165799617767334,0.6280249026682594,37.24176049232483
"[28139.165809155522, 2050.5066565865354]",37.28325951099396,-1.7,37.249778747558594,0.5986033772644384,37.36371302604675
"[28031.792445094234, 2041.418579860118]",37.4056613445282,-1.496,37.372676372528076,0.2250176889502829,37.54957985877991
"[27812.48937485125, 2020.3282845959843]",37.59056901931763,-1.184,37.55757522583008,0.2646235885323498,37.63455677032471
"[27722.388113433593, 2004.0280563927895]",37.67650663852692,-1.044,37.643529176712036,0.2922366736615291,37.71950721740723
"[27712.787979031706, 1983.9777756888598]",37.76148331165314,-0.9,37.72850251197815,0.31034222775618825,37.80445885658264
"[27649.114736721047, 1962.7394410916165]",37.845407247543335,-0.76,37.812424421310425,0.31279578415219345,37.92535710334778
"[27729.888218435062, 1930.0970213582991]",37.96633505821228,-0.556,37.93335437774658,0.045918647716023275,38.12325048446655
"[27421.538744619913, 1867.6998831981314]",38.164734840393066,-0.228,38.13123846054077,0.06259648580438627,38.20719647407532
"[27597.441559064944, 1836.4093825501209]",38.24868702888489,-0.088,38.21519160270691,0.0473357880481987,38.29214572906494
"[27337.264733500466, 1206.9305178188029]",38.34261763095856,0.0,38.30913758277893,0.009770993571429274,38.38612246513367
"[27398.2479649593, 1176.3635272705453]",38.42758345603943,0.0,38.394087076187134,-0.02585845254124984,38.519020795822144
"[27239.035824573195, 1166.128658058529]",38.560009360313416,0.0,38.527015924453735,-0.006494393226225959,38.748881578445435
"[26971.731547704763, 1170.0287204595274]",38.79037308692932,0.0,38.756876707077026,-0.007826928165435686,38.83386540412903
"[26742.434848696976, 1157.5031500630012]",38.87531292438507,0.0,38.84182929992676,-0.006378060810898128,38.91881704330444
"[26825.42920686731, 1158.768540296645]",38.960760831832886,0.0,38.92777943611145,-0.007573111986538594,39.00374364852905
"[26840.236804736094, 1148.8429768595372]",39.04572629928589,0.0,39.01273012161255,-0.006578998619191659,39.129666328430176
"[26846.795314748462, 1160.6227668504353]",39.17066979408264,0.0,39.137688875198364,0.008248096498046725,39.319560050964355
"[26903.995943955386, 1168.7028557314131]",39.3605295419693,0.0,39.327548027038574,0.006111810325662881,39.40853238105774
"[26872.9030935464, 1173.5576033640505]",39.44949543476105,0.0,39.41652750968933,0.0055830266196272745,39.49345850944519
"[26937.557938484955, 1174.339963779384]",39.534446477890015,0.0,39.50147843360901,0.004419702466348943,39.583399295806885
"[26782.094603040634, 1176.562942192364]",39.62537610530853,0.0,39.59139633178711,0.006630018357577774,39.70732808113098
"[26692.153766614032, 1185.7401575826789]",39.74832105636597,0.0,39.715325117111206,0.015830854842597313,39.88822364807129
"[26750.781514067254, 1175.5111592008657]",39.9297159910202,0.0,39.89621901512146,0.014329109117456194,39.97417664527893
"[26811.028976463625, 1167.9186866989871]",40.01516628265381,0.0,39.98220109939575,0.014762711756405391,40.05812668800354
"[26705.747174713273, 1168.1351857574148]",40.099117398262024,0.0,40.06615233421326,0.014709833385801827,40.14308261871338
"[26740.487183410285, 1167.248170737195]",40.18407142162323,0.0,40.151103258132935,0.01345132816543709,40.27003479003906
"[26621.625946015138, 1174.3387894206307]",40.31098294258118,0.0,40.27799940109253,0.02188014043964464,40.45390439033508
"[26627.952675195476, 1176.5800018600314]",40.49540448188782,0.0,40.46192383766174,0.017903686970256887,40.53887939453125
"[26545.671639402954, 1181.2165370315186]",40.57985603809357,0.0,40.54687523841858,0.0148578928234918,40.622801780700684
"[26543.01234409875, 1179.5994367954943]",40.66380786895752,0.0,40.630826234817505,0.020219759602692837,40.706751346588135
"[26541.624665994656, 1174.7687963007409]",40.747759222984314,0.0,40.71477794647217,0.01891895168584525,40.8327100276947
"[26589.265892658925, 1174.961749617496]",40.87465679645538,0.0,40.841673851013184,0.024101032004994187,41.01760196685791
"[26491.964919649196, 1166.7616676166763]",41.05957877635956,0.0,41.02659797668457,0.01866513550694816,41.10353112220764
"[26568.439115952042, 1180.3306229756067]",41.14451813697815,0.0,41.111525774002075,0.02050530280395207,41.18747544288635
"[26551.865518655184, 1178.431784317843]",41.22846961021423,0.0,41.19547724723816,0.023466491557751462,41.27242588996887
"[26588.565885658852, 1179.8517985179851]",41.31341874599457,0.0,41.28045129776001,0.01953234078484655,41.39638423919678
"[26600.45220768753, 1185.6901567326643]",41.437360405921936,0.0,41.40437936782837,0.02894469075228033,41.60124135017395
"[26597.49896248444, 1192.8878933183998]",41.6427104473114,0.0,41.60922980308533,0.027538126094225623,41.68618655204773
"[26555.324885198163, 1176.1388182210915]",41.72819375991821,0.0,41.695213317871094,0.024481756273339816,41.77116823196411
"[26566.345362489712, 1184.325396230151]",41.81312811374664,0.0,41.78016257286072,0.025666231774859584,41.85608887672424
"[26514.397715965737, 1177.577663664955]",41.89706492424011,0.0,41.864084243774414,0.023223251052975083,41.989012002944946
"[26525.838732548593, 1183.9406554658992]",42.03051793575287,0.0,41.99703764915466,0.02953692850304021,42.17491006851196
"[26508.77112279572, 1184.606584492183]",42.216410875320435,0.0,42.18293023109436,0.02763330716131203,42.261884450912476
"[26463.46463464634, 1179.541795417954]",42.30286145210266,0.0,42.26987981796265,0.023614550995441422,42.34780430793762
"[26442.670197382766, 1181.2765378715303]",42.38978111743927,0.0,42.356802225112915,0.026945888343465743,42.43375587463379
"[26485.270793791115, 1179.8865184112578]",42.47473347187042,0.0,42.441749811172485,0.0297907446819373,42.5667085647583
"[26418.369857178004, 1191.1366759134628]",42.60865604877472,0.0,42.575679063797,0.03176839574251047,42.75157713890076
"[26506.77109479533, 1182.3865534117479]",42.7925626039505,0.0,42.75956606864929,0.030583920240990707,42.837552309036255
"[26476.11180889447, 1180.4494435955487]",42.878525614738464,0.0,42.845547676086426,0.02983304737842015,42.9214723110199
"[26469.67057538806, 1180.586528211395]",42.9619802236557,0.0,42.928499698638916,0.029515777154798792,43.006455183029175
"[26458.917507010086, 1180.4541654499856]",43.047399044036865,0.0,43.01441836357117,0.0316203363048205,43.12735939025879
"[26433.51720220643, 1182.8441941303297]",43.16833198070526,0.0,43.135348081588745,0.029885925749023712,43.31127882003784
"[26402.222435558968, 1183.558936942991]",43.35225546360016,0.0,43.319273948669434,0.0311021282729056,43.39622950553894
"[26368.948272120626, 1176.4399994799912]",43.43719303607941,0.0,43.40419960021973,0.027210280196483548,43.486178159713745
"[26382.574886347957, 1182.691288443192]",43.52763748168945,0.0,43.49414110183716,0.030414709455059315,43.5710973739624
"[26373.69560543408, 1188.7278309174637]",43.61208891868591,0.0,43.579123973846436,0.033333595512375865,43.7060227394104
"[26374.974749545494, 1187.271370884676]",43.74700164794922,0.0,43.71402144432068,0.037669621901867824,43.89391779899597
"[26344.91613899367, 1193.9543274519294]",43.93540573120117,0.0,43.90191292762756,0.036178451850847414,43.979867935180664
"[26305.663056630565, 1177.1517715177151]",44.02134084701538,0.0,43.98786234855652,0.030245498669127922,44.063843965530396
"[26302.61563138758, 1175.1441017292207]",44.10679364204407,0.0,44.07381582260132,0.033576836017152244,44.15076231956482
"[26269.120305924895, 1183.6589385430168]",44.191754937171936,0.0,44.15878891944885,0.03387295489253218,44.27069330215454
"[26287.194307914615, 1183.417751266269]",44.31167376041412,0.0,44.27869462966919,0.03507858174229336,44.45259404182434
"[26290.889199781195, 1193.123124354368]",44.49357998371124,0.0,44.460583448410034,0.03174724439426904,44.536540508270264
"[26294.38923828162, 1191.5431069741767]",44.57754731178284,0.0,44.54456639289856,0.034761311518672,44.621521949768066
"[26243.298622673832, 1187.8625693888184]",44.66248261928558,0.0,44.62948560714722,0.03306920365935806,44.7074408531189
"[26230.09345140177, 1199.6879953199298]",44.74794912338257,0.0,44.714468240737915,0.03433828455384351,44.831401109695435
"[26229.545902280337, 1197.7703620961556]",44.87235128879547,0.0,44.83936667442322,0.031059825576422756,45.01726198196411
"[26180.435623920614, 1193.750743756694]",45.05827009677887,0.0,45.0252890586853,0.03611499780612315,45.10124492645264
"[26178.34031842414, 1183.5953867400276]",45.14220595359802,0.0,45.1092095375061,0.034338284553843516,45.18616604804993
"[26166.592498887483, 1180.9177137657064]",45.22715711593628,0.0,45.1941602230072,0.03594578702019175,45.271122217178345
"[26196.09294139412, 1194.217913268699]",45.31262278556824,0.0,45.27914237976074,0.03595636269431247,45.394075870513916
"[26219.371948695076, 1185.0213303839469]",45.436023116111755,0.0,45.403045654296875,0.037764802968954236,45.583953857421875
"[26166.066324928546, 1175.0364505103073]",45.624929785728455,0.0,45.59196186065674,0.03722544358879792,45.66989302635193
"[26207.788285671144, 1176.042936472301]",45.710877656936646,0.0,45.67788124084473,0.03426425483499852,45.75583863258362
"[26178.214138569663, 1179.0941491297897]",45.7968430519104,0.0,45.76386213302612,0.03709853549934937,45.84179329872131
"[26200.793011895177, 1181.5477232158482]",45.88276183605194,0.0,45.84978103637695,0.0362524815696924,45.97071409225464
"[26176.044992764873, 1194.1002997050948]",46.03217935562134,0.0,45.97871375083923,0.03997511886018307,46.19958567619324
"[26111.517784284548, 1178.9088625418008]",46.261059403419495,0.0,46.20757460594177,0.0423546455373433,46.326507568359375
"[26210.366945137233, 1192.1866906136686]",46.368481397628784,0.0,46.335500717163086,0.04362372643182875,46.41145634651184
"[26136.42272845457, 1190.3738074761493]",46.45345115661621,0.0,46.420483112335205,0.04444862901324429,46.49940538406372
"[26144.744460655827, 1190.6102403740863]",46.540398359298706,0.0,46.50740170478821,0.04338048592705237,46.62836289405823
"[26117.19622672831, 1192.7026613505657]",46.670310616493225,0.0,46.6373336315155,0.04428999390143361,46.81123375892639
"[26131.165836321707, 1190.0366605132472]",46.85321795940399,0.0,46.82022166252136,0.04289400491749961,46.896177768707275
"[26096.39144587169, 1190.6278594178912]",46.939169049263,0.0,46.90620541572571,0.04110671599109927,46.98215913772583
"[26164.344793861495, 1215.1206570511697]",47.0246045589447,0.0,46.99112510681152,0.04333818323056952,47.06807780265808
"[26155.37079667434, 1210.471788492193]",47.10908555984497,0.0,47.07610464096069,0.04212198070668762,47.191038608551025
"[26161.070899276187, 1222.472004496081]",47.232014417648315,0.0,47.19903349876404,0.039023308189318984,47.37490749359131
"[26077.22154443089, 1187.8737574751494]",47.41587674617767,0.0,47.38289546966553,0.03928770004233678,47.463855266571045
"[26120.270164862966, 1167.361012498225]",47.50484549999237,0.0,47.47185182571411,0.04112786733934069,47.547802686691284
"[26024.894472994987, 1173.332293313573]",47.58879244327545,0.0,47.555826902389526,0.04163549969713487,47.633750200271606
"[26031.59460029741, 1178.7723966755368]",47.67474281787872,0.0,47.641777753829956,0.04102211059813357,47.754682779312134
"[26085.54345423872, 1176.8400062801065]",47.7956737279892,0.0,47.76270794868469,0.04033469178028728,47.94260549545288
"[25997.31196774361, 1190.9842918115019]",47.984549164772034,0.0,47.951568603515625,0.04474474788862423,48.029524087905884
"[26062.369122644206, 1181.4212655827805]",48.07099974155426,0.0,48.0375189781189,0.04264018873860252,48.11847138404846
"[26090.343535840108, 1712.329109594863]",48.16244554519653,0.0,48.129464864730835,0.04486108030395207,48.19642663002014
"[26060.916974671592, 1712.8274052384838]",48.23740327358246,-0.096,48.20442271232605,0.0420056482913598,48.31735682487488
"[26020.516328261256, 1713.4074145186325]",48.35983765125275,-0.296,48.326356410980225,0.05774225138297941,48.50524830818176
"[26139.192087881318, 1730.3759556393345]",48.54672360420227,-0.612,48.513243198394775,-0.010819843941597213,48.59222865104675
"[26236.99355490332, 1751.3362700440507]",48.63517439365387,-0.756,48.60219430923462,-0.040569215243160386,48.68017816543579
"[26325.521208339334, 1772.7283636538184]",48.72212731838226,-0.9,48.68915128707886,-0.009423854957663215,48.76609802246094
"[26646.626346021534, 1796.9387510200163]",48.80708074569702,-1.044,48.77409911155701,0.048002055517803566,48.89402770996094
"[27261.408921133818, 1837.8875683135245]",48.937002301216125,-1.26,48.9040253162384,0.4847456696808517,49.102909326553345
"[27552.14083425335, 1907.480519688315]",49.14639329910278,-1.608,49.11292839050293,0.44360629735128154,49.1928505897522
"[27628.26968058457, 1934.3228834890192]",49.23482799530029,-1.756,49.20184683799744,0.40907672134715656,49.2798068523407
"[27719.17122591084, 1959.5033115562962]",49.321781396865845,-1.904,49.288804054260254,0.39038950517585824,49.3647825717926
"[27851.44562312997, 1983.1617305876894]",49.40574359893799,-2.044,49.37274646759033,0.38296538194311835,49.4876823425293
"[27907.546520744334, 2021.7223475575609]",49.53015851974487,-2.248,49.49668025970459,0.7415018859835003,49.68757343292236
"[28397.854365669853, 2079.253268052289]",49.72905778884888,-2.584,49.69556188583374,0.7193775757229707,49.77454733848572
"[28438.983462718865, 2100.8757148871528]",49.81700670719147,-2.728,49.78354096412659,0.69159527980786,49.8604736328125
"[28653.187104180768, 2126.446149584543]",49.90345656871796,-2.872,49.87046027183533,0.6626179327171088,49.95241189002991
"[28749.488741308603, 2128.7361885152045]",49.99340546131134,-3.0,49.960408449172974,0.6323715047318721,50.08233690261841
"[28591.143093717128, 1549.1685900230805]",50.123812675476074,-3.0,50.09033203125,0.7515910790946598,50.28822565078735
"[28418.511533207595, 1564.5481618669137]",50.33070969581604,-3.0,50.29724431037903,0.7504277549413814,50.380165815353394
"[28360.382126496148, 1559.3365087206482]",50.42264270782471,-3.0,50.38916230201721,0.7484924065772911,50.46814703941345
"[28352.010336186053, 1560.4280877055787]",50.5100953578949,-3.0,50.47711420059204,0.7476992310182378,50.55709457397461
"[28494.298920184883, 1555.0117701647823]",50.59904503822327,-3.0,50.56606650352478,0.751654533139384,50.69101667404175
"[28393.667873357466, 1567.7813556271126]",50.733468532562256,-3.0,50.69998025894165,0.733580706067087,50.87691068649292
"[28298.081067378145, 1562.0865554714428]",50.91785907745361,-3.0,50.8848831653595,0.7318462955112902,50.960835218429565
"[28208.2667074672, 1567.2903747748721]",51.00282156467438,-3.0,50.96985578536987,0.7324914116326537,51.04481315612793
"[28299.494289380076, 1565.8028818605192]",51.087772488594055,-3.0,51.054808139801025,0.7344373356708647,51.13076305389404
"[28261.265225304505, 1576.7815356307126]",51.17170810699463,-3.0,51.13872694969177,0.7337816438753806,51.25366163253784
"[28229.610525715783, 1568.7472562198186]",51.2956360578537,-3.0,51.26265525817871,0.7230473346428578,51.44155287742615
"[28174.235310470904, 1578.0599831396798]",51.48454391956329,-3.0,51.45157766342163,0.7269497583934006,51.52753448486328
"[28215.80788454192, 1574.22833611005]",51.56951022148132,-3.0,51.53652882575989,0.7288110770386458,51.6124529838562
"[28123.96247924958, 1569.5813916278325]",51.653932094573975,-3.0,51.62044906616211,0.7277640853006954,51.698406457901
"[28106.465384049992, 1582.6605745874697]",51.73941206932068,-3.0,51.70643091201782,0.727668904233609,51.83235764503479
"[28195.235709478482, 1569.0598121364308]",51.87333428859711,-3.0,51.84035301208496,0.7241049020549291,52.015221118927
"[28161.39425951964, 1573.892034488483]",52.05721735954285,-3.0,52.02422285079956,0.7254057099717766,52.10217213630676
"[28150.206703720665, 1571.7182909292367]",52.14417207241058,-3.0,52.11119818687439,0.7236924507642212,52.18715262413025
"[28089.461789235782, 1579.1515830316605]",52.22813010215759,-3.0,52.195148944854736,0.7228886995310471,52.27207851409912
"[28091.861837236745, 1574.1114822296445]",52.31556308269501,-3.0,52.282066822052,0.7222118563873215,52.394033432006836
"[28062.036744440935, 1574.9888998667984]",52.436009645462036,-3.0,52.40302848815918,0.7155597573653936,52.581902742385864
"[28038.920583808755, 1587.7938169072536]",52.62290132045746,-3.0,52.58992028236389,0.7171355328093797,52.66784381866455
"[28077.47731711439, 1586.7769752085783]",52.70935142040253,-3.0,52.67587065696716,0.7191977892629186,52.75382614135742
"[28073.70532669588, 1570.4982689688413]",52.79478693008423,-3.0,52.76179099082947,0.7151684574229273,52.83875250816345
"[28076.149218387494, 1581.4453031248502]",52.87972140312195,-3.0,52.84674072265625,0.7182882812885374,52.959675788879395
"[28017.03232361415, 1570.1898336068386]",53.001683473587036,-3.0,52.96870279312134,0.7111285499088152,53.20254182815552
"[28045.304815486677, 1579.898438171887]",53.24401783943176,-3.0,53.21053719520569,0.7094998960942256,53.28751754760742
"[28058.064754841813, 1581.9505653573497]",53.3294620513916,-3.0,53.296481132507324,0.7146819764133745,53.3724684715271
"[28057.720865812986, 1590.1938529077936]",53.41442894935608,-3.0,53.381463050842285,0.7143858575379946,53.45838713645935
"[28034.804626483277, 1588.388590994638]",53.50038206577301,-3.0,53.467414140701294,0.7124505091739042,53.582316637039185
"[27990.835890030685, 1582.9589955079462]",53.623324275016785,-3.0,53.5903434753418,0.7111497012570567,53.76921606063843
"[28010.84817357078, 1593.0754892078273]",53.810216307640076,-3.0,53.77723503112793,0.711318912042988,53.85316491127014
"[27982.175696986844, 1586.4469695984828]",53.89513838291168,-3.0,53.8621609210968,0.7096902582283984,53.939141511917114
"[27973.30351946335, 1587.09856777422]",53.9810893535614,-3.0,53.948105812072754,0.7138464981578383,54.02509140968323
"[27971.24753996064, 1592.5054800876815]",54.0670360326767,-3.0,54.03405523300171,0.7105574635062968,54.14499020576477
"[27972.375530384015, 1593.7770942106015]",54.18598651885986,-3.0,54.15299367904663,0.7074905180112903,54.328885555267334
"[27963.879638796385, 1593.0959309593093]",54.36986255645752,-3.0,54.33688187599182,0.7065492830145468,54.413841009140015
"[27946.647146354342, 1593.395494327909]",54.45582711696625,-3.0,54.42286252975464,0.7051004156600094,54.4997935295105
"[27925.851332661994, 1584.7742629683667]",54.54179310798645,-3.0,54.50881218910217,0.7049417805481986,54.589765787124634
"[27906.73488081857, 1593.619123429481]",54.63171029090881,-3.0,54.59872889518738,0.7040639995961795,54.72368860244751
"[27887.54620073921, 1588.4454151266423]",54.764641880989075,-3.0,54.731661319732666,0.7059147425673041,54.94453430175781
"[27898.674277462716, 1595.0571159709714]",54.98603665828705,-3.0,54.952556133270264,0.7103459500238825,55.03148150444031
"[27895.078950789502, 1594.8859488594885]",55.07347047328949,-3.0,55.0404736995697,0.7044764508868873,55.11742973327637
"[27868.50163302939, 1600.258804658484]",55.15942072868347,-3.0,55.126455307006836,0.7034400348230575,55.20341110229492
"[27869.145906334503, 1602.0856333701338]",55.245874643325806,-3.0,55.212406158447266,0.7028160700499355,55.330312728881836
"[27855.245683930945, 1608.0657290516651]",55.371288657188416,-3.0,55.33830785751343,0.703715002350196,55.5162308216095
"[27951.44722315557, 1599.425590809453]",55.55817687511444,-3.0,55.52422571182251,0.7020757728614857,55.603180170059204
"[27961.591462280478, 1597.3123623730735]",55.6441251039505,-3.0,55.61114430427551,0.7026680106122455,55.68809938430786
"[27925.14680234884, 1613.835821373142]",55.7300763130188,-3.0,55.69709587097168,0.7030804619029534,55.77605390548706
"[27925.679256792566, 1607.1160711607113]",55.81802475452423,-3.0,55.78504395484924,0.705734956107252,55.91000556945801
"[27949.935399224796, 1611.5293383520604]",55.95147955417633,-3.0,55.917999029159546,0.7035669429125061,56.099894523620605
"[27835.76186490424, 1597.3007649099436]",56.141340136528015,-3.0,56.10785698890686,0.6992520678712555,56.186843156814575
"[27887.47408705948, 1600.9672164426795]",56.228819727897644,-3.0,56.19583773612976,0.7032602483630054,56.2717649936676
"[27862.50152502745, 1610.2889852017338]",56.31374204158783,-3.0,56.28076481819153,0.7038313347655238,56.35674524307251
"[27884.101913834445, 1603.558864059553]",56.39869165420532,-3.0,56.365708112716675,0.6992520678712555,56.48664379119873
"[27905.39067546946, 1606.2424873948235]",56.52863109111786,-3.0,56.49563479423523,0.7028160700499355,56.674538373947144
"[27946.047136754187, 1602.0456327301235]",56.71602475643158,-3.0,56.68255662918091,0.7056503507142864,56.75950312614441
"[27907.874433865374, 1606.647313004321]",56.8004732131958,-3.0,56.767508029937744,0.6999500623632225,56.842432498931885
"[27923.030537580216, 1616.3607108535061]",56.884440779685974,-3.0,56.851460218429565,0.7010076297752937,56.92839312553406
"[27898.00216403895, 1624.7792460264286]",56.96989119052887,-3.0,56.936410903930664,0.698977100344117,57.050313234329224
"[27855.30139542512, 1612.8990321825793]",57.0913211107254,-3.0,57.05833983421326,0.7039265158326102,57.2362380027771
"[27940.191162676278, 1611.8425657959212]",57.278189301490784,-3.0,57.24520254135132,0.7008066919670002,57.32115888595581
"[27880.901856233413, 1611.0589990619833]",57.36313307285309,-3.0,57.330151319503784,0.6966716033858018,57.40611028671265
"[27827.20088961601, 1621.7091907654337]",57.448099851608276,-3.0,57.41513395309448,0.698903070625272,57.49305701255798
"[27871.557431148623, 1624.9324986499728]",57.53406524658203,-3.0,57.50108456611633,0.6988290409064271,57.611989974975586
"[27913.474529066993, 1621.9375729387398]",57.652981758117676,-3.0,57.6199848651886,0.6994847327019111,57.79688382148743
"[27892.678926789267, 1611.3661136611365]",57.83788979053497,-3.0,57.804908990859985,0.7031016132511947,57.88183403015137
"[27852.98994185919, 1620.092681297538]",57.92384052276611,-3.0,57.89085912704468,0.7009547514046901,57.96981406211853
"[27892.078920789205, 1625.9762597625975]",58.01177394390106,-3.0,57.97877740859985,0.6998760326443776,58.05776262283325
"[27860.445767132274, 1627.2360357765726]",58.09872364997864,-3.0,58.06575798988342,0.6974436275966137,58.19266128540039
"[27802.200439607914, 1629.7993363880548]",58.23466074466705,-3.0,58.201679706573486,0.6971157816988716,58.37755513191223
"[27761.344181506905, 1630.1360821773148]",58.41954255104065,-3.0,58.38654923439026,0.6971369330471131,58.464497327804565
"[27800.61700925514, 1624.7843717655765]",58.50550425052643,-3.0,58.47252345085144,0.6941968956415552,58.55044889450073
"[27777.127765427547, 1623.6108486061237]",58.59342348575592,-3.0,58.56044363975525,0.6970946303506302,58.63640308380127
"[27798.533582402993, 1628.4695416344998]",58.67839181423187,-3.0,58.64539813995361,0.6965446952963532,58.770320892333984
"[27790.583602255647, 1630.3842380689994]",58.81332814693451,-3.0,58.77931880950928,0.6935729308684331,58.9552206993103
"[27815.772868138756, 1631.847741411604]",58.996721029281616,-3.0,58.963239908218384,0.693615233564916,59.03919744491577
"[27791.661291596793, 1629.651185465411]",59.08116006851196,-3.0,59.048166275024414,0.696957146587061,59.125115156173706
"[27806.083927762484, 1624.6241171064594]",59.166107058525085,-3.0,59.13311052322388,0.6960793656350419,59.21106576919556
"[27795.37252133286, 1620.017540298185]",59.25204861164093,-3.0,59.21906900405884,0.6960053359161968,59.3310272693634
"[27757.89964219356, 1628.0993057875041]",59.372971415519714,-3.0,59.33999061584473,0.6941228659227101,59.52791380882263
"[27750.216253243798, 1628.7244308664629]",59.56989002227783,-3.0,59.536909103393555,0.6977926248425972,59.613863945007324
"[27737.47153701613, 1625.3676312497312]",59.65582513809204,-3.0,59.622859954833984,0.6968090871493711,59.699814796447754
"[27748.599474790542, 1640.4095273714927]",59.74175989627838,-3.0,59.708779096603394,0.696735057430526,59.786739110946655
"[27725.171327912576, 1634.9077934324882]",59.82872474193573,-3.0,59.795759439468384,0.6952544630536264,59.910664319992065
"[27852.645642330277, 2059.672954767276]",59.95366811752319,-3.0,59.920687437057495,0.6786718060323498,60.08356809616089
"[27743.316149742244, 2052.9407941119116]",60.12604355812073,-2.748,60.092562437057495,0.6686460669659147,60.15952467918396
"[27746.516197742967, 2053.870808062121]",60.20149302482605,-2.62,60.16851234436035,0.6454536136191931,60.23550581932068
"[27722.943567097074, 2046.2027392438279]",60.27745056152344,-2.492,60.243478298187256,0.6228745493714727,60.32443046569824
"[27796.144738315816, 2043.222691563065]",60.36543035507202,-2.344,60.332449197769165,0.6020404713536698,60.45837688446045
"[27839.4454311269, 2042.4726795628728]",60.50033676624298,-2.12,60.46733999252319,0.4293925913330445,60.64124822616577
"[27640.042240675848, 2040.3726459623354]",60.682732343673706,-1.816,60.64923644065857,0.4329671691858452,60.725199937820435
"[27824.900848215268, 2035.1066319193744]",60.7661988735199,-1.676,60.73321795463562,0.43101066947351346,60.8111732006073
"[27807.600536809663, 2028.8465192373462]",60.85214936733246,-1.532,60.81916832923889,0.42260300854754734,60.89812254905701
"[27878.52969206415, 2021.4684078997502]",60.939083099365234,-1.388,60.90608596801758,0.408875783538863,61.02105116844177
"[27672.59810676592, 2006.766121790192]",61.061999797821045,-1.184,61.02901649475098,0.2832261993106824,61.20294666290283
"[27511.64018624298, 1962.0613929822878]",61.264379262924194,-0.88,61.21091032028198,0.2915704061919242,61.33084201812744
"[27220.735531768507, 1938.1510104161669]",61.392322182655334,-0.668,61.33883762359619,0.2809841563970914,61.45577049255371
"[27244.43591097458, 1903.610457767324]",61.49676537513733,-0.456,61.463773012161255,0.2568927707501092,61.539721965789795
"[27355.93769500312, 1875.1600025600408]",61.58072888851166,-0.316,61.54774737358093,0.21595433622883262,61.660682678222656
"[27460.039360629773, 1837.3993983903742]",61.7021427154541,-0.116,61.66864633560181,-0.02865043050911784,61.8505482673645
"[27286.509297639466, 1196.1479422191333]",61.89152121543884,0.0,61.85853672027588,-0.03748111839991245,61.93452453613281
"[27097.433558936944, 1208.7093393494295]",61.97646927833557,0.0,61.94348859786987,-0.04174311507055943,62.01847553253174
"[26939.104086561296, 1200.7880118201772]",62.06043565273285,0.0,62.02743911743164,-0.04727419263569187,62.103426933288574
"[26933.457868783767, 1192.910279474751]",62.145371198654175,0.0,62.112390756607056,-0.04578302258467146,62.223326444625854
"[26794.855512543712, 1191.550256354358]",62.26481783390045,0.0,62.23135280609131,-0.003533204472426568,62.42921447753906
"[26658.026528424452, 1191.039056624906]",62.47019946575165,0.0,62.43720316886902,-0.004759982670429173,62.51416015625
"[26592.505257599896, 1207.9929518660856]",62.556137919425964,0.0,62.523154735565186,-0.004273501660876415,62.599114418029785
"[26636.179451230124, 1209.811776611979]",62.6410858631134,0.0,62.60810446739197,-0.004495590817411372,62.68406558036804
"[26662.70659142524, 1195.342711511519]",62.72605121135712,0.0,62.69308638572693,-9.293161087192692e-07,62.81601524353027
"[26654.646510404633, 1198.805584472598]",62.85696077346802,0.0,62.823978900909424,0.011166982555363268,63.00088334083557
"[26628.87931982776, 1204.9216885903948]",63.04235363006592,0.0,63.008872270584106,0.012044763507382376,63.08582949638367
"[26647.653010101167, 1210.8105837799242]",63.12680804729462,0.0,63.09383153915405,0.010680501545810513,63.1698112487793
"[26494.04442257749, 1207.8657022541292]",63.210787773132324,0.0,63.17780661582947,0.007518374983717591,63.25373291969299
"[26445.19667795017, 1204.8680730210954]",63.29572153091431,0.0,63.26272511482239,0.01255239586517656,63.379690170288086
"[26455.03809534286, 1212.22090998819]",63.421635389328,0.0,63.38865566253662,0.016158700740339385,63.562586545944214
"[26418.8113504908, 1194.1295530364243]",63.60354495048523,0.0,63.570547342300415,0.013980111871472693,63.64750576019287
"[26415.969823577532, 1192.6066964937509]",63.689481139183044,0.0,63.656501054763794,0.015376100855406694,63.73345613479614
"[26458.723339573437, 1191.129058064929]",63.77443599700928,0.0,63.741456031799316,0.015904884561442297,63.817436933517456
"[26384.342996458956, 1198.5055805725474]",63.859381437301636,0.0,63.82640099525452,0.015418403551889542,63.941333532333374
"[26367.442776756096, 1204.7256614335986]",63.98232674598694,0.0,63.949361085891724,0.018538227417499616,64.12625813484192
"[26263.020208323338, 1196.3091409462552]",64.16723549365997,0.0,64.13425397872925,0.021795535046678943,64.21120929718018
"[26223.719579513272, 1198.1391702267235]",64.25218605995178,0.0,64.2192051410675,0.01872858955167243,64.29612898826599
"[26309.242020146263, 1208.0757049841648]",64.33810710906982,0.0,64.3051278591156,0.024724996778116203,64.38111114501953
"[26343.27417893522, 1215.5418797538355]",64.42306172847748,0.0,64.39007759094238,0.022059926899696748,64.5200080871582
"[26389.44862062655, 1207.090520538849]",64.56147992610931,0.0,64.52800393104553,0.024904783238168304,64.70390176773071
"[26456.517478209742, 1213.8345660147922]",64.74640130996704,0.0,64.71292066574097,0.027072796432914284,64.79084992408752
"[26452.064520645203, 1210.982109821098]",64.83233869075775,0.0,64.79884505271912,0.023413613187147894,64.87679314613342
"[26374.848372422326, 1204.650479058144]",64.91776967048645,0.0,64.88478899002075,0.025243204810031096,64.96274495124817
"[26409.44896063233, 1205.5904950384156]",65.0047355890274,0.0,64.97173929214478,0.025634504752497442,65.08270621299744
"[26404.622473959585, 1209.2893486295782]",65.12366688251495,0.0,65.09070134162903,0.03060507158923214,65.26857352256775
"[26444.696670450056, 1211.3981709725645]",65.3095600605011,0.0,65.27656388282776,0.029737866311333745,65.35452675819397
"[26436.07010498147, 1214.9970099581394]",65.39552545547485,0.0,65.362544298172,0.028479361090969005,65.43946981430054
"[26426.00209403979, 1216.4331122291326]",65.48047649860382,0.0,65.44749546051025,0.02948405013243665,65.52944874763489
"[26418.749118735017, 1215.6706664013288]",65.57139372825623,0.0,65.53841257095337,0.027760215250760577,65.66237139701843
"[26404.190446094908, 1218.9834088174969]",65.70331692695618,0.0,65.67033529281616,0.027612155813070603,65.84726452827454
"[26347.437126934143, 1219.0909718187463]",65.88822531700134,0.0,65.85526037216187,0.03272020641337456,65.9321837425232
"[26354.921678746858, 1226.609625754012]",65.97366344928741,0.0,65.9401867389679,0.028838934011073215,66.01616716384888
"[26249.09373640605, 1222.7683415251229]",66.05762791633606,0.0,66.02413201332092,0.030298377039731483,66.10008811950684
"[26202.7716498897, 1216.3818948741077]",66.14157903194427,0.0,66.10808277130127,0.029822471704299434,66.22201943397522
"[26183.37130068341, 1228.6121150180704]",66.26350820064545,0.0,66.23004341125488,0.027591004464829184,66.4069414138794
"[26160.792411886177, 1224.6183692755392]",66.44840443134308,0.0,66.41493701934814,0.030182044624403652,66.49485945701599
"[26195.061950619507, 1228.792287922879]",66.53683733940125,0.0,66.50385451316833,0.030160893276162226,66.57984185218811
"[26150.170703072654, 1226.2020716372895]",66.62078714370728,0.0,66.58780670166016,0.02852166378745185,66.66379308700562
"[26137.092056380847, 1223.0383455751835]",66.70573711395264,0.0,66.67275619506836,0.031123279621147026,66.7856993675232
"[26172.39258588879, 1229.7784466767002]",66.8266841173172,0.0,66.79368805885315,0.03561794112244968,67.02458667755127
"[26114.71337656052, 1222.604671256055]",67.0655620098114,0.0,67.03258180618286,0.0357236978636568,67.11251139640808
"[26141.522830456604, 1224.0244804896097]",67.15347898006439,0.0,67.12049794197083,0.03905503521168111,67.19648575782776
"[26122.2134665616, 1232.964795577547]",67.23843657970428,0.0,67.20545601844788,0.03605154376139887,67.28243565559387
"[26158.418534696553, 1231.3997023952384]",67.3234132528305,0.0,67.2904314994812,0.03661205448979662,67.41236066818237
"[26087.521750435008, 1222.5244504890097]",67.4533087015152,0.0,67.42032504081726,0.03743695707121216,67.61921715736389
"[26167.423348466968, 1230.9446188923778]",67.66070532798767,0.0,67.62721180915833,0.03426425483499852,67.7061607837677
"[26093.417494679914, 1223.6295780732491]",67.74713802337646,0.0,67.7141547203064,0.03744753274533287,67.79011249542236
"[26101.69152537288, 1222.8283424251363]",67.83110439777374,0.0,67.79810738563538,0.03756386516066071,67.87506437301636
"[26069.764976709674, 1220.9570933993077]",67.91605412960052,0.0,67.88308906555176,0.03568139516717395,68.00298857688904
"[26078.591178867682, 1216.7682515237727]",68.04399621486664,0.0,68.01101541519165,0.03102809855406062,68.19187998771667
"[26028.0863089494, 1212.3833362166984]",68.23385560512543,0.0,68.20087456703186,0.0364216923556238,68.27782964706421
"[25996.54592746448, 1212.4754619847017]",68.3193211555481,0.0,68.28585648536682,0.035374700617673296,68.36178588867188
"[26028.26850883316, 1214.6318633735407]",68.40276622772217,0.0,68.36978459358215,0.03757444083478142,68.44574093818665
"[26049.542842228315, 1226.830856124554]",68.48772382736206,0.0,68.45472693443298,0.035914059997829616,68.56667041778564
"[26070.573552618156, 1235.6471842380531]",68.60817039012909,0.0,68.57469010353088,0.03696105173578011,68.75258302688599
"[26011.220224404486, 1228.3645672913458]",68.79356396198273,0.0,68.7605836391449,0.03661205448979662,68.83850598335266
"[25984.937804191457, 1227.9959639475314]",68.87949883937836,0.0,68.84650254249573,0.035681395167173946,68.92345690727234
"[25997.737970593615, 1230.3459944979284]",68.96496450901031,0.0,68.93148422241211,0.038198405607903434,69.00843906402588
"[25950.441157499678, 1224.2408120938055]",69.04988431930542,0.0,69.01640439033508,0.03382007652192862,69.13037014007568
"[25993.667886021947, 1227.9221025978468]",69.17131400108337,0.0,69.1383330821991,0.035628516796570385,69.31523776054382
"[26042.342719826236, 1210.7205822498981]",69.35772240161896,0.0,69.32425832748413,0.03641111668150308,69.40218877792358
"[26006.012072144866, 1226.964723576683]",69.44317317008972,0.0,69.41020894050598,0.03752156246417786,69.4901340007782
"[26048.56887423974, 1230.7121528187508]",69.53112232685089,0.0,69.4981575012207,0.03509973309053478,69.57608008384705
"[26027.368492632864, 1223.5320235764243]",69.61756420135498,0.0,69.58408451080322,0.035850605953105345,69.70603728294373
"[25964.18946284194, 1219.9582993744905]",69.74750113487244,0.0,69.71400809288025,0.03835704071971412,69.9219126701355
"[25992.463894494525, 1233.1772644817029]",69.96287262439728,0.0,69.92990827560425,0.037426381397091445,70.00986194610596
"[25990.785898644885, 1234.6935816293978]",70.0518091917038,0.0,70.01883244514465,0.038610856898611205,70.09478259086609
"[25997.719954399086, 1239.7647952959057]",70.13576090335846,0.0,70.1027762889862,0.03964727296244099,70.17876362800598
"[26004.342073815256, 1229.6009032153547]",70.21972417831421,0.0,70.18672800064087,0.03731004898176362,70.30169248580933
"[25991.09383078279, 1226.7633085028615]",70.34266889095306,0.0,70.30968809127808,0.03579772758250178,70.48855972290039
"[25923.888858332873, 1211.1281669225039]",70.52954518795013,0.0,70.49654841423035,0.03823013263026557,70.58149909973145
"[25961.467306411516, 1218.4819326747881]",70.62247574329376,0.0,70.58949518203735,0.04030296475792514,70.66545104980469
"[25941.392886464844, 1232.7134215550095]",70.70644426345825,0.0,70.67344760894775,0.03842049476443839,70.75041055679321
"[25982.441701508924, 1208.7205482493202]",70.79139494895935,0.0,70.75839805603027,0.03723601926291863,70.87933373451233
"[25953.56716420896, 1210.9117964123354]",70.92032217979431,0.0,70.8873541355133,0.03967899998480313,71.0642204284668
"[25956.211474537697, 1206.9144829737957]",71.10521304607391,0.0,71.07221555709839,0.038906975773991145,71.1481785774231
"[25939.289089336336, 1206.9481042215632]",71.18916451931,0.0,71.15616750717163,0.038928127122232564,71.23312854766846
"[25943.211318535825, 1207.8244938939267]",71.27411890029907,0.0,71.24112629890442,0.04081059711571933,71.32207441329956
"[26009.642163916782, 1207.280523768904]",71.36305117607117,0.0,71.3300666809082,0.042619037390361096,71.44303345680237
"[25914.066453196156, 1218.7019366348593]",71.4839940071106,0.0,71.4510293006897,0.041910467224273384,71.63090109825134
"[25899.61799235985, 1225.7745154903098]",71.67190206050873,0.0,71.638920545578,0.041847013179549114,71.71684455871582
