"[21942.2, 0]",0.09994542598724365,0,0.0029973983764648438,1.4285505552355628,0.35880088806152344
"[25062.7, 0]",0.37177157402038574,0,0.35979413986206055,1.4397078914329142,0.3827798366546631
"[24855.9, 0]",0.40329837799072266,-0.772,0.3888065814971924,1.4568722105308298,0.418759822845459
"[24227.8, 0]",0.4327811002731323,-0.828,0.420788049697876,1.4740682566511079,0.4447743892669678
"[23763.4, 0]",0.45973634719848633,-0.912,0.4477729797363281,1.489085713902519,0.5057401657104492
"[22028.1, 0]",0.5197237730026245,-0.972,0.5087065696716309,1.6138363658304393,0.6336743831634521
"[24472.1, 0]",0.6526591777801514,-1.116,0.6416671276092529,1.6315717713308735,0.6646504402160645
"[23791.1, 0]",0.678644061088562,-1.416,0.6666498184204102,1.6434588290425538,0.6906430721282959
"[25281.1, 0]",0.7066560983657837,-1.484,0.6946651935577393,1.6338349655927058,0.7186505794525146
"[23779.6, 0]",0.731631875038147,-1.548,0.7206501960754395,1.6183098759835004,0.7875864505767822
"[26499.4, 0]",0.8045781850814819,-1.612,0.7926065921783447,1.7555821260703437,0.9311707019805908
"[25815.8, 0]",0.9456571340560913,-1.772,0.9331667423248291,1.7590720985301787,0.9591476917266846
"[26281.3, 0]",0.9751425981521606,-2.108,0.964148759841919,1.752663240013027,0.9871349334716797
"[24404.5, 0]",1.001124620437622,-2.176,0.9891300201416016,1.7415059038156757,1.0121204853057861
"[26140.6, 0]",1.0281095504760742,-2.24,1.017117977142334,1.7348538047937478,1.0840790271759033
"[25057.3, 0]",1.0980732440948486,-2.3,1.0860798358917236,1.827761101944204,1.2090013027191162
"[28709.5, 0]",1.2249916791915894,-2.464,1.2139980792999268,1.8126696149739476,1.236985683441162
"[29702.5, 0]",1.2519713640213013,-2.76,1.2399866580963135,1.8009940707446814,1.2639784812927246
"[28252.2, 0]",1.2799779176712036,-2.824,1.2679994106292725,1.790619334432263,1.291961431503296
"[30539.1, 0]",1.3059651851654053,-2.884,1.2939841747283936,1.7772939850401657,1.364943504333496
"[29285.3, 0]",1.3819209337234497,-2.952,1.3699407577514648,1.8441216698089455,1.4928462505340576
"[126517.0, 0]",1.7666820287704468,-3.0,1.494842290878296,1.8464800451378642,2.0385234355926514
"[121230.0, 0]",2.055513620376587,-3.0,2.043551445007324,1.845348448006948,2.0675086975097656
"[127259.0, 0]",2.0814989805221558,-3.0,2.069514036178589,1.8500863500130271,2.0924928188323975
"[128850.0, 0]",2.1085036993026733,-3.0,2.0975210666656494,1.8451792372210165,2.161451578140259
"[126020.0, 0]",2.1754437685012817,-3.0,2.16444993019104,1.825254667177595,2.2933835983276367
"[124746.0, 0]",2.311366558074951,-3.0,2.3003721237182617,1.8225895972991757,2.3243589401245117
"[127430.0, 0]",2.3408732414245605,-3.0,2.326378345489502,1.8214580001682594,2.3563623428344727
"[126246.0, 0]",2.3723509311676025,-3.0,2.3613576889038086,1.8190361707946163,2.3853442668914795
"[127034.0, 0]",2.3993407487869263,-3.0,2.3883438110351562,1.823710618755971,2.4593284130096436
"[124958.0, 0]",2.483312726020813,-3.0,2.4633243083953857,1.8198081950054283,2.6072442531585693
"[114664.0, 0]",2.621242880821228,-3.0,2.609240770339966,1.8171537008011296,2.6332457065582275
"[115793.0, 0]",2.6482343673706055,-3.0,2.6372427940368652,1.8205061894973955,2.661223888397217
"[114206.0, 0]",2.676219344139099,-3.0,2.6642277240753174,1.8155567740089023,2.6902146339416504
"[112058.0, 0]",2.7087002992630005,-3.0,2.6962108612060547,1.8188881113569262,2.772035837173462
"[113370.0, 0]",2.788003921508789,-3.0,2.7760326862335205,1.8141502093508475,2.89898943901062
"[117503.0, 0]",2.9129775762557983,-3.0,2.9009878635406494,1.8176401818106824,2.9249684810638428
"[106982.0, 0]",2.942459464073181,-3.0,2.9289653301239014,1.816000952321972,2.9559519290924072
"[110033.0, 0]",2.970941185951233,-3.0,2.9589481353759766,1.8142665417661752,2.9829342365264893
"[108107.0, 0]",2.9989250898361206,-3.0,2.986931800842285,1.815810590187799,3.0518946647644043
"[109501.0, 0]",3.0659245252609253,-3.0,3.054893970489502,1.8140127255872782,3.1817870140075684
"[110306.0, 0]",3.197775721549988,-3.0,3.1857850551605225,1.811633198910118,3.209765672683716
"[110620.0, 0]",3.2227762937545776,-3.0,3.2117958068847656,1.8068318428593146,3.2347562313079834
"[112550.0, 0]",3.253232002258301,-3.0,3.2417469024658203,1.8088729479646122,3.264746904373169
"[113668.0, 0]",3.277730107307434,-3.0,3.266740322113037,1.809793031613114,3.3336994647979736
"[116228.0, 0]",3.3511916399002075,-3.0,3.339700937271118,1.81166492593248,3.4766106605529785
"[120945.0, 0]",3.4911211729049683,-3.0,3.4796411991119385,1.8063876645462447,3.5035958290100098
"[120230.0, 0]",3.5215914249420166,-3.0,3.510598659515381,1.8105016017792015,3.5335841178894043
"[117460.0, 0]",3.5465747117996216,-3.0,3.5355844497680664,1.81255328255862,3.5585641860961914
"[119616.0, 0]",3.575054883956909,-3.0,3.562561511993408,1.80928539925532,3.6295225620269775
"[118335.0, 0]",3.645515561103821,-3.0,3.6335203647613525,1.809570942456579,3.7575809955596924
"[121340.0, 0]",3.7725868225097656,-3.0,3.7615771293640137,1.8073288995429881,3.7845661640167236
"[119858.0, 0]",3.7995731830596924,-3.0,3.787565231323242,1.8094651857153718,3.811549186706543
"[125185.0, 0]",3.8265578746795654,-3.0,3.815579414367676,1.8064511185909689,3.838534355163574
"[120209.0, 0]",3.8530445098876953,-3.0,3.841538667678833,1.809095037121147,3.91152286529541
"[122188.0, 0]",3.9295010566711426,-3.0,3.918519973754883,1.803468778488928,4.055497646331787
"[122946.0, 0]",4.069443106651306,-3.0,4.058451175689697,1.8051080079776385,4.081435441970825
"[120066.0, 0]",4.096437096595764,-3.0,4.08542799949646,1.8018083976519763,4.108421802520752
"[119052.0, 0]",4.1224247217178345,-3.0,4.1114184856414795,1.8051080079776385,4.1344006061553955
"[118100.0, 0]",4.151996493339539,-3.0,4.140402317047119,1.8065357239839346,4.207533359527588
"[118203.0, 0]",4.221529960632324,-3.0,4.210531949996948,1.8032678406806346,4.3315370082855225
"[118585.0, 0]",4.347528338432312,-3.0,4.336535692214966,1.8025381191663055,4.360520362854004
"[116328.0, 0]",4.373512268066406,-3.0,4.362519025802612,1.7992385088406433,4.385504484176636
"[113949.0, 0]",4.403494358062744,-3.0,4.391501426696777,1.8017660949554934,4.415487766265869
"[111531.0, 0]",4.430481672286987,-3.0,4.418485403060913,1.8027390569745991,4.489847660064697
"[109750.0, 0]",4.508333444595337,-3.0,4.496841907501221,1.8019141543931836,4.632788896560669
"[105781.0, 0]",4.646268725395203,-3.0,4.6347856521606445,1.8016180355178033,4.658775568008423
"[102750.0, 0]",4.674742579460144,-3.0,4.662771463394165,1.8005075897351288,4.6867289543151855
"[99942.3, 0]",4.7017247676849365,-3.0,4.689733505249023,1.7968166794670002,4.713716506958008
"[104705.0, 0]",4.728708982467651,-3.0,4.7177135944366455,1.8003383789491973,4.787677526473999
"[101214.0, 0]",4.801676392555237,-3.0,4.790667533874512,1.800348954623318,4.911628007888794
"[101979.0, 0]",4.9295865297317505,-3.0,4.916594743728638,1.8015863084954413,4.943577527999878
"[97807.3, 0]",4.957569718360901,-3.0,4.946575880050659,1.7960658066044295,4.970564603805542
"[97083.4, 0]",4.985553860664368,-3.0,4.974560737609863,1.7982761224956585,4.9985456466674805
"[98785.5, 0]",5.012553572654724,-3.0,5.000545024871826,1.798878935920539,5.067538261413574
"[94213.4, 0]",5.084483504295349,-3.0,5.07250452041626,1.7980646090132444,5.243404388427734
"[90931.6, 0]",5.257396221160889,-3.0,5.245403528213501,1.7965945903104652,5.269391775131226
"[85873.1, 0]",5.28541374206543,-3.0,5.273419141769409,1.7994923250195405,5.297405958175659
"[90372.8, 0]",5.311399817466736,-3.0,5.299404144287109,1.7989106629429013,5.323390960693359
"[90325.1, 0]",5.338366389274597,-3.0,5.327388048171997,1.7980117306426406,5.397316217422485
"[87372.1, 0]",5.412307381629944,-3.0,5.401313543319702,1.7979271252496751,5.521252870559692
"[88226.2, 0]",5.537242889404297,-3.0,5.52527379989624,1.7944794554863228,5.549260139465332
"[86440.7, 0]",5.56527578830719,-3.0,5.55126166343689,1.797334887498915,5.580267667770386
"[85451.8, 0]",5.597775459289551,-3.0,5.584283351898193,1.7974300685660016,5.612267017364502
"[79514.7, 0]",5.62674355506897,-3.0,5.614265441894531,1.7991962061441604,5.678225755691528
"[81921.5, 0]",5.6932244300842285,-3.0,5.682245254516602,1.7963619254798096,5.806150436401367
"[81847.8, 0]",5.820154428482056,-3.0,5.808150053024292,1.7973983415436394,5.832127332687378
"[80605.8, 0]",5.847132563591003,-3.0,5.836127281188965,1.7971551010388631,5.859136343002319
"[82662.6, 0]",5.873127818107605,-3.0,5.861134767532349,1.7951457229559278,5.885117053985596
"[79687.7, 0]",5.902110934257507,-3.0,5.891117572784424,1.7963196227833267,5.959099292755127
"[77229.6, 0]",5.974087476730347,-3.0,5.9620959758758545,1.7931363448729924,6.087022304534912
"[77843.0, 0]",6.103010296821594,-3.0,6.091017484664917,1.797779065811985,6.115003824234009
"[75589.6, 0]",6.129996299743652,-3.0,6.118000745773315,1.7960975336267917,6.141993761062622
"[75998.8, 0]",6.157992243766785,-3.0,6.14599084854126,1.7964888335692581,6.1699910163879395
"[74155.0, 0]",6.189989924430847,-3.0,6.171997547149658,1.7957802634031705,6.2549402713775635
"[71557.3, 0]",6.270931005477905,-3.0,6.259937286376953,1.791856688304386,6.380900859832764
"[75947.5, 0]",6.39689028263092,-3.0,6.382898330688477,1.795759112054929,6.411852598190308
"[78476.8, 0]",6.427850246429443,-3.0,6.415855884552002,1.7946380905981334,6.439840078353882
"[77293.5, 0]",6.452841281890869,-3.0,6.44183874130249,1.79473327166522,6.464843511581421
"[79925.9, 0]",6.481818318367004,-3.0,6.469835519790649,1.7966263173328274,6.536805629730225
"[75620.8, 0]",6.55079197883606,-3.0,6.539802074432373,1.791423085665437,6.669719934463501
"[78124.1, 0]",6.686241984367371,-3.0,6.674748420715332,1.7918778396526278,6.6987035274505615
"[79745.9, 0]",6.712715268135071,-3.0,6.701709985733032,1.7937920366684765,6.72469162940979
"[77264.1, 0]",6.741191387176514,-3.0,6.728717565536499,1.792417199032784,6.753671884536743
"[78152.7, 0]",6.767679214477539,-3.0,6.756701946258545,1.794331396048633,6.816643238067627
"[78340.7, 0]",6.834610819816589,-3.0,6.822633981704712,1.7939295204320458,6.951670408248901
"[77226.8, 0]",6.967223763465881,-3.0,6.955717325210571,1.7935382204895793,6.978703260421753
"[77308.4, 0]",6.992678880691528,-3.0,6.98070216178894,1.7914653883619198,7.004658222198486
"[78701.5, 0]",7.0226662158966064,-3.0,7.01168417930603,1.7947438473393407,7.035640001296997
"[79333.1, 0]",7.049630641937256,-3.0,7.037637710571289,1.7912856019018677,7.098609447479248
"[79045.5, 0]",7.115592360496521,-3.0,7.104598760604858,1.7923325936398182,7.232550859451294
"[79760.4, 0]",7.247550845146179,-3.0,7.235544919967651,1.7964888335692581,7.259553670883179
"[86412.5, 0]",7.274542689323425,-3.0,7.263551235198975,1.791200996508902,7.286534309387207
"[87151.5, 0]",7.300528168678284,-3.0,7.289539098739624,1.7911163911159365,7.312516689300537
"[88212.9, 0]",7.328508257865906,-3.0,7.316514492034912,1.794109306892098,7.381477355957031
"[90081.8, 0]",7.396473288536072,-3.0,7.384477615356445,1.790143429096831,7.531912088394165
"[90508.8, 0]",7.548923850059509,-3.0,7.537934303283691,1.7919095666749898,7.560891389846802
"[89987.0, 0]",7.575896859169006,-3.0,7.563919544219971,1.7922479882468525,7.588873624801636
"[93657.3, 0]",7.6088627576828,-3.0,7.596869945526123,1.792522955773991,7.620855808258057
"[91178.0, 0]",7.636845231056213,-3.0,7.624852895736694,1.792089353135042,7.693812131881714
"[91368.4, 0]",7.708805084228516,-3.0,7.696811676025391,1.7880705969691713,7.8349363803863525
"[93366.8, 0]",7.851899027824402,-3.0,7.839903831481934,1.7894983129754674,7.863924026489258
"[88306.8, 0]",7.877182126045227,-3.0,7.865943908691406,1.789149315729484,7.8894202709198
"[88864.3, 0]",7.905335783958435,-3.0,7.894443035125732,1.793294979984803,7.918195962905884
"[91586.6, 0]",7.932705879211426,-3.0,7.921200275421143,1.7873091484324801,7.989161252975464
"[90892.8, 0]",8.007663488388062,-3.0,7.996181011199951,1.7930517394800267,8.117080688476562
"[88791.1, 0]",8.131074905395508,-3.0,8.119079828262329,1.791824961282024,8.143069744110107
"[88628.7, 0]",8.15855884552002,-3.0,8.147069215774536,1.790651061454625,8.171047449111938
"[89989.8, 0]",8.185039520263672,-3.0,8.173046350479126,1.7893502535377774,8.197033405303955
"[93887.6, 0]",8.213028311729431,-3.0,8.202030897140503,1.7905981830840214,8.272020816802979
"[89495.0, 0]",8.284998416900635,-3.0,8.273988246917725,1.7897521291543645,8.395938873291016
"[89044.6, 0]",8.413910865783691,-3.0,8.401915311813354,1.7857439486626148,8.425907611846924
"[87546.8, 0]",8.439895987510681,-3.0,8.428903818130493,1.7879225375314813,8.452886819839478
"[89673.5, 0]",8.467896342277527,-3.0,8.45691728591919,1.7910846640935743,8.479875326156616
"[91662.9, 0]",8.492868185043335,-3.0,8.481874227523804,1.7889483779211903,8.553858518600464
"[86234.1, 0]",8.56883442401886,-3.0,8.557857036590576,1.7871505133206693,8.68075442314148
"[82244.8, 0]",8.695744514465332,-3.0,8.683752059936523,1.7928296503234917,8.707738876342773
"[83257.8, 0]",8.722733855247498,-3.0,8.711735010147095,1.7908625749370393,8.7347252368927
"[85100.8, 0]",8.748717665672302,-3.0,8.736722707748413,1.7899742183108995,8.76071286201477
"[82674.0, 0]",8.775717496871948,-3.0,8.764711141586304,1.7861775513015639,8.834665060043335
"[83369.4, 0]",8.849656224250793,-3.0,8.837663888931274,1.7901857317933136,8.993605136871338
"[82023.1, 0]",9.00956678390503,-3.0,8.997570276260376,1.7864102161322195,9.02056360244751
"[82093.5, 0]",9.034555554389954,-3.0,9.023561954498291,1.7870659079277038,9.046547889709473
"[80898.0, 0]",9.064535975456238,-3.0,9.053539276123047,1.788366715844551,9.076531171798706
"[84871.8, 0]",9.090551853179932,-3.0,9.078530311584473,1.7900165210073822,9.144517660140991
"[80803.1, 0]",9.160497069358826,-3.0,9.148518085479736,1.7875418132631355,9.289984941482544
"[80759.0, 0]",9.304959774017334,-3.0,9.292983293533325,1.788377291518672,9.31696367263794
"[80970.2, 0]",9.332968831062317,-3.0,9.320960998535156,1.7902914885345207,9.344956159591675
"[81528.8, 0]",9.359955549240112,-3.0,9.348947286605835,1.7873514511289628,9.371963262557983
"[77711.6, 0]",9.389938473701477,-3.0,9.378959655761719,1.7904078209498486,9.441922903060913
"[80520.1, 0]",9.456896185874939,-3.0,9.444921016693115,1.787055332253583,9.567818880081177
"[77452.8, 0]",9.583812475204468,-3.0,9.57281494140625,1.7870236052312207,9.595833778381348
"[79079.3, 0]",9.611799120903015,-3.0,9.599807024002075,1.7874254808478078,9.62279224395752
"[75419.9, 0]",9.63679814338684,-3.0,9.625791788101196,1.7861987026498052,9.648774147033691
"[75724.6, 0]",9.667764544487,-3.0,9.655769109725952,1.789043558988277,9.724760055541992
"[75601.1, 0]",9.740745544433594,-3.0,9.72675895690918,1.7845383218128534,9.857657194137573
"[71410.7, 0]",9.872663259506226,-3.0,9.861680507659912,1.7865900025922716,9.884637832641602
"[73482.8, 0]",9.89866018295288,-3.0,9.887666940689087,1.7848450163623542,9.910625457763672
"[71957.5, 0]",9.926615238189697,-3.0,9.915618896484375,1.7835759354678686,9.938611030578613
"[73958.5, 0]",9.951602578163147,-3.0,9.940609216690063,1.7898684615696925,10.005573987960815
"[74648.6, 0]",10.022063136100769,-3.0,10.010568857192993,1.7841681732186285,10.148483514785767
"[72725.8, 0]",10.163979411125183,-3.0,10.152481317520142,1.7876475700043428,10.176469564437866
"[72075.9, 0]",10.190459489822388,-3.0,10.178466796875,1.7865476998957888,10.203451871871948
"[74026.0, 0]",10.219434142112732,-3.0,10.207448720932007,1.7868226674229273,10.231436967849731
"[71148.9, 0]",10.246429800987244,-3.0,10.234435796737671,1.78656885124403,10.304399251937866
"[72304.4, 0]",10.320387721061707,-3.0,10.308396816253662,1.7814925276660882,10.43332839012146
"[71821.8, 0]",10.48081111907959,-3.0,10.436337232589722,1.786759213378203,10.525286197662354
"[72388.7, 0]",10.543276309967041,-3.0,10.532283306121826,1.789138740055363,10.555269241333008
"[68282.5, 0]",10.57125997543335,-3.0,10.559266328811646,1.7850988325412511,10.583254098892212
"[68148.9, 0]",10.599243879318237,-3.0,10.588250160217285,1.789149315729484,10.64621615409851
"[68026.0, 0]",10.922337412834167,-3.0,10.650216341018677,1.7852363163048204,11.294498920440674
"[67955.2, 0]",11.30896282196045,-3.0,11.297466278076172,1.7853420730460274,11.321451902389526
"[65543.7, 0]",11.367918968200684,-3.0,11.32345461845398,1.7858179783814596,11.411406755447388
"[78312.3, 0]",11.689278483390808,-3.0,11.417402267456055,1.7846017758575776,11.961148262023926
"[79639.0, 0]",11.976638436317444,-3.0,11.964145421981812,1.7859977648415115,12.035111665725708
"[79920.7, 0]",12.054096102714539,-3.0,12.04210376739502,1.7795466036278773,12.195719003677368
"[83324.5, 0]",12.2127103805542,-3.0,12.200717210769653,1.7825077923816766,12.224703311920166
"[87867.5, 0]",12.242693066596985,-3.0,12.23169994354248,1.780731079129397,12.254685640335083
"[83767.9, 0]",12.268674850463867,-3.0,12.25668454170227,1.7826135491228838,12.280672550201416
"[83743.9, 0]",12.296665906906128,-3.0,12.28567624092102,1.780910865589449,12.348633527755737
"[79741.0, 0]",12.3671213388443,-3.0,12.352628231048584,1.785617040573166,12.48356318473816
"[79146.6, 0]",12.499545812606812,-3.0,12.487551212310791,1.7815136790143298,12.511538028717041
"[82098.5, 0]",12.529043436050415,-3.0,12.517534732818604,1.785479556809597,12.541520833969116
"[81023.1, 0]",12.555514574050903,-3.0,12.544523000717163,1.7826135491228838,12.567505598068237
"[79428.0, 0]",12.583495736122131,-3.0,12.572502136230469,1.7839672354103349,12.630470037460327
"[78178.5, 0]",12.64595878124237,-3.0,12.63346791267395,1.78256067075228,12.76139235496521
"[77921.2, 0]",12.778383255004883,-3.0,12.76738977432251,1.7822962788992625,12.790376663208008
"[79920.5, 0]",12.80436897277832,-3.0,12.792375326156616,1.7798215711550158,12.816362380981445
"[80422.9, 0]",12.832351446151733,-3.0,12.821357488632202,1.7817357681708648,12.844344854354858
"[79557.6, 0]",12.859337210655212,-3.0,12.847344636917114,1.7809743196341734,12.912306785583496
"[79057.2, 0]",12.930300831794739,-3.0,12.918301582336426,1.7815031033402091,13.045937299728394
"[81187.7, 0]",13.060931324958801,-3.0,13.04993486404419,1.7832057868736437,13.0739266872406
"[82963.9, 0]",13.089920997619629,-3.0,13.077924013137817,1.7796417846949637,13.101935863494873
"[78621.6, 0]",13.114898085594177,-3.0,13.103903532028198,1.7811435304201049,13.127888917922974
"[83604.3, 0]",13.144879817962646,-3.0,13.132887125015259,1.7802657494680858,13.193883419036865
"[83759.5, 0]",13.208859920501709,-3.0,13.19784951210022,1.7827298815382118,13.319810390472412
"[85466.0, 0]",13.332803010940552,-3.0,13.3218092918396,1.781101227723622,13.344765663146973
"[87585.1, 0]",13.361762404441833,-3.0,13.34977102279663,1.7805301413211034,13.372754096984863
"[91249.5, 0]",13.386744141578674,-3.0,13.375753402709961,1.7830577274359536,13.398733615875244
"[85535.0, 0]",13.413723707199097,-3.0,13.402729988098145,1.7845065947904915,13.472698211669922
"[85344.0, 0]",13.488685131072998,-3.0,13.476694822311401,1.7831423328289193,13.617614030838013
"[92394.6, 0]",13.636097192764282,-3.0,13.623604774475098,1.779779268458533,13.648590087890625
"[91745.7, 0]",13.665079832077026,-3.0,13.651587009429932,1.7843479596786807,13.678572416305542
"[90427.5, 0]",13.699076056480408,-3.0,13.687567234039307,1.782909667998264,13.712553977966309
"[84321.4, 0]",13.736043095588684,-3.0,13.721554517745972,1.782973122042988,13.787540197372437
"[86613.2, 0]",13.808501362800598,-3.0,13.797504425048828,1.7796946630655675,13.92348575592041
"[87065.7, 0]",13.943440675735474,-3.0,13.93244743347168,1.7815665573849335,13.955433130264282
"[86564.9, 0]",13.97742474079132,-3.0,13.96543574333191,1.779514876605515,13.989413976669312
"[90259.0, 0]",14.01040244102478,-3.0,13.99841022491455,1.7825395194040388,14.022394895553589
"[88290.5, 0]",14.04238748550415,-3.0,14.031398296356201,1.779409119864308,14.10038161277771
"[90152.7, 0]",14.121382236480713,-3.0,14.109376668930054,1.7815242546884504,14.24233889579773
"[88864.1, 0]",14.263332724571228,-3.0,14.251334428787231,1.7838509029950071,14.27432656288147
"[92312.3, 0]",14.295280933380127,-3.0,14.283293008804321,1.7808156845223628,14.306269645690918
"[90645.4, 0]",14.326258659362793,-3.0,14.31526494026184,1.7808685628929664,14.338251829147339
"[100930.0, 0]",14.359740257263184,-3.0,14.348247528076172,1.7789120631806346,14.412212133407593
"[90711.0, 0]",14.433541297912598,-3.0,14.421544075012207,1.7760566311680424,14.54647421836853
"[89905.3, 0]",14.567448735237122,-3.0,14.555474519729614,1.7764479311105088,14.579454898834229
"[90004.1, 0]",14.599441766738892,-3.0,14.587448835372925,1.7787957307653068,14.611435651779175
"[91210.0, 0]",14.632425665855408,-3.0,14.620429515838623,1.7777275876791148,14.64343523979187
"[89413.1, 0]",14.663436651229858,-3.0,14.652443170547485,1.7781717659921847,14.725129127502441
"[90331.8, 0]",14.746617317199707,-3.0,14.735123634338379,1.7830894544583158,14.858028411865234
"[84856.5, 0]",14.878028631210327,-3.0,14.867022275924683,1.7788697604841517,14.89000391960144
"[81751.7, 0]",14.910006165504456,-3.0,14.898996353149414,1.7795783306502395,14.922015905380249
"[84104.8, 0]",14.942984461784363,-3.0,14.930984735488892,1.7817146168226232,14.954966068267822
"[83023.7, 0]",14.975955605506897,-3.0,14.963966846466064,1.78018114407512,15.037925720214844
"[81968.7, 0]",15.058922290802002,-3.0,15.046914100646973,1.7823174302475038,15.169872522354126
"[88106.5, 0]",15.210835576057434,-3.0,15.178838729858398,1.7808156845223628,15.242805480957031
"[85449.7, 0]",15.263286590576172,-3.0,15.251793384552002,1.7798004198067745,15.275779247283936
"[88135.8, 0]",15.29578447341919,-3.0,15.283774852752686,1.7807522304776384,15.308768272399902
"[82336.1, 0]",15.328755140304565,-3.0,15.317761421203613,1.7799061765479816,15.380720615386963
"[83384.2, 0]",15.401732563972473,-3.0,15.389745950698853,1.7821587951356932,15.511652708053589
"[86516.3, 0]",15.536149382591248,-3.0,15.520646810531616,1.7803820818834135,15.552622079849243
"[81769.7, 0]",15.573626637458801,-3.0,15.561646223068237,1.7788380334617897,15.585608720779419
"[83567.2, 0]",15.606106162071228,-3.0,15.594597578048706,1.7795783306502395,15.617591857910156
"[83479.6, 0]",15.637587308883667,-3.0,15.625609874725342,1.7772939850401657,15.692538738250732
"[80314.2, 0]",15.713519811630249,-3.0,15.701533555984497,1.7775795282414248,15.823495388031006
"[79519.8, 0]",15.844968557357788,-3.0,15.832489967346191,1.7795466036278773,15.858444690704346
"[73385.0, 0]",15.880447506904602,-3.0,15.869439363479614,1.7805618683434656,15.892425060272217
"[79165.4, 0]",15.912453293800354,-3.0,15.901449918746948,1.7807733818258797,15.92444896697998
"[75652.9, 0]",15.944456577301025,-3.0,15.933449268341064,1.7750519421265747,16.006433725357056
"[75130.6, 0]",16.027963638305664,-3.0,16.016469478607178,1.7768603824012164,16.138442754745483
"[77695.3, 0]",16.159430265426636,-3.0,16.148436069488525,1.7817146168226232,16.171393632888794
"[79395.6, 0]",16.192395329475403,-3.0,16.18138599395752,1.77632102302106,16.20440435409546
"[77951.3, 0]",16.225386023521423,-3.0,16.214367866516113,1.777431468803735,16.237401723861694
"[73702.9, 0]",16.258387327194214,-3.0,16.24739146232605,1.7819261303050375,16.318392038345337
"[74347.3, 0]",16.3403879404068,-3.0,16.328388452529907,1.7790283955959625,16.455363988876343
"[73058.1, 0]",16.475351214408875,-3.0,16.46435785293579,1.782127068113331,16.48731303215027
"[69436.7, 0]",16.508336424827576,-3.0,16.496306657791138,1.7775901039155455,16.52133560180664
"[69941.2, 0]",16.54233145713806,-3.0,16.530362367630005,1.777611255263787,16.553324222564697
"[69398.3, 0]",16.574365973472595,-3.0,16.562342882156372,1.7781717659921847,16.630286693572998
"[76719.2, 0]",16.652289867401123,-3.0,16.640281438827515,1.7786899740240996,16.77124834060669
"[72817.5, 0]",16.792245626449585,-3.0,16.780251502990723,1.7802022954233614,16.80323839187622
"[74759.6, 0]",16.824235558509827,-3.0,16.812233209609985,1.7789226388547554,16.835238456726074
"[68577.8, 0]",16.857226371765137,-3.0,16.845234155654907,1.7790178199218416,16.86922001838684
"[69628.4, 0]",16.889217257499695,-3.0,16.87820792198181,1.7816300114296575,16.944080352783203
"[72788.0, 0]",16.964067339897156,-3.0,16.95207381248474,1.7769767148165443,17.094024658203125
"[75747.4, 0]",17.113995671272278,-3.0,17.101988077163696,1.779197606381894,17.12601923942566
"[77628.4, 0]",17.146024465560913,-3.0,17.13501787185669,1.7782986740816331,17.157999515533447
"[76920.5, 0]",17.18001651763916,-3.0,17.16802453994751,1.7776218309379077,17.191987991333008
"[76076.8, 0]",17.212008714675903,-3.0,17.201005458831787,1.77691326077182,17.27198076248169
"[78585.4, 0]",17.29198408126831,-3.0,17.281002283096313,1.7735396207273129,17.40794587135315
"[80778.4, 0]",17.42900288105011,-3.0,17.417009830474854,1.7774843471743385,17.440978527069092
"[79884.2, 0]",17.4609637260437,-3.0,17.448992490768433,1.7787111253723409,17.47295355796814
"[79201.1, 0]",17.492966651916504,-3.0,17.48197293281555,1.7764902338069914,17.504930019378662
"[78965.5, 0]",17.525980949401855,-3.0,17.51500177383423,1.7753480610019547,17.58295750617981
"[79322.4, 0]",17.60398018360138,-3.0,17.59192180633545,1.775295182631351,17.716893911361694
"[79768.8, 0]",17.740891337394714,-3.0,17.72589087486267,1.775221152912506,17.756866693496704
"[81275.4, 0]",17.777860403060913,-3.0,17.765867710113525,1.7739837990403826,17.789851427078247
"[81790.7, 0]",17.8108491897583,-3.0,17.799846649169922,1.7757710879667832,17.822851181030273
"[84158.5, 0]",17.842838644981384,-3.0,17.831846952438354,1.7796629360432052,17.896809101104736
"[80317.0, 0]",17.917333483695984,-3.0,17.90580463409424,1.7778862227909256,18.03478980064392
"[77932.3, 0]",18.05577778816223,-3.0,18.04378581047058,1.7788168821135482,18.06777048110962
"[79969.4, 0]",18.08875262737274,-3.0,18.076759815216064,1.7714244859031703,18.100745916366577
"[78605.3, 0]",18.12176215648651,-3.0,18.11074447631836,1.7760989338645252,18.13380217552185
"[85633.9, 0]",18.155256986618042,-3.0,18.1437726020813,1.7745231584205392,18.208728551864624
"[81848.1, 0]",18.23227286338806,-3.0,18.218796491622925,1.7759297230785938,18.348689317703247
"[87619.1, 0]",18.371675848960876,-3.0,18.359683513641357,1.778753428068824,18.383670330047607
"[83345.8, 0]",18.40465772151947,-3.0,18.393664360046387,1.7784678848675646,18.417649269104004
"[85563.9, 0]",18.438154220581055,-3.0,18.426645517349243,1.7756230285290933,18.450632095336914
"[88533.1, 0]",18.47262454032898,-3.0,18.46063208580017,1.7757922393150245,18.52161455154419
"[83779.0, 0]",18.54160225391388,-3.0,18.530608654022217,1.7795994819984808,18.673564910888672
"[85340.4, 0]",18.693540334701538,-3.0,18.682533740997314,1.7734127126378643,18.705546140670776
"[83441.8, 0]",18.72555637359619,-3.0,18.714565992355347,1.7757922393150247,18.737515687942505
"[85094.4, 0]",18.7585186958313,-3.0,18.747509479522705,1.777093047231872,18.77050280570984
"[87746.1, 0]",18.791479349136353,-3.0,18.779497146606445,1.7784890362158061,18.84898591041565
"[79684.1, 0]",18.869972109794617,-3.0,18.85897707939148,1.7793879685160667,18.981526136398315
"[79781.7, 0]",19.001515746116638,-3.0,18.9905207157135,1.7797581171102916,19.01353359222412
"[80287.6, 0]",19.033510208129883,-3.0,19.022504806518555,1.779747541436171,19.04548454284668
"[83932.7, 0]",19.066471457481384,-3.0,19.054486751556396,1.777717012004994,19.07847285270691
"[81039.2, 0]",19.099458694458008,-3.0,19.08746647834778,1.778192917340426,19.162421703338623
"[80464.9, 0]",19.18891990184784,-3.0,19.171416997909546,1.7788486091359101,19.312337636947632
"[78927.2, 0]",19.332322597503662,-3.0,19.321332454681396,1.7784996118899268,19.344318628311157
"[76633.7, 0]",19.365180373191833,-3.0,19.35330605506897,1.7767863526823713,19.377114057540894
"[78144.4, 0]",19.39811372756958,-3.0,19.38611888885498,1.7766488689188022,19.41010308265686
"[80907.7, 0]",19.431086659431458,-3.0,19.419097185134888,1.775369212350196,19.491053819656372
"[76718.0, 0]",19.512027382850647,-3.0,19.500043869018555,1.774597188139384,19.62200379371643
"[77403.5, 0]",19.641980409622192,-3.0,19.630999088287354,1.7766488689188022,19.653955459594727
"[78357.8, 0]",19.67397403717041,-3.0,19.662980556488037,1.7740155260627448,19.68593692779541
"[74362.4, 0]",19.708454132080078,-3.0,19.69496178627014,1.7767017472894056,19.722915410995483
"[72485.3, 0]",19.74292266368866,-3.0,19.731940746307373,1.7768921094235786,19.802873373031616
"[77267.3, 0]",19.822862029075623,-3.0,19.81186819076538,1.7717100291044297,19.933823823928833
"[78243.4, 0]",19.95828115940094,-3.0,19.942792892456055,1.7753163339795925,19.975769996643066
"[79579.5, 0]",19.995757460594177,-3.0,19.983763217926025,1.7757816636409038,20.007750511169434
"[77521.8, 0]",20.0287367105484,-3.0,20.016744136810303,1.7739414963439,20.040733575820923
"[22204.4, 0]",20.094210028648376,-3.0,20.050724029541016,1.77661714189644,20.176658630371094
"[20037.0, 0]",20.198641896247864,-2.756,20.18565344810486,1.6939365216207127,20.31458044052124
"[19882.2, 0]",20.33456552028656,-2.432,20.323569297790527,1.6880564468095969,20.34656023979187
"[21305.2, 0]",20.36654841899872,-2.356,20.355555057525635,1.6744138271938782,20.379536867141724
"[21449.4, 0]",20.40001153945923,-2.284,20.38753581047058,1.6582859241597923,20.41152548789978
"[18279.1, 0]",20.4320068359375,-2.208,20.42051100730896,1.6494235092466356,20.490479707717896
"[21355.1, 0]",20.510491132736206,-2.02,20.499497413635254,1.5241123465903175,20.621427297592163
"[18350.0, 0]",20.642391443252563,-1.716,20.63042187690735,1.526047694954408,20.653385162353516
"[18350.8, 0]",20.674304246902466,-1.64,20.662403345108032,1.5256352436637002,20.686227321624756
"[17511.0, 0]",20.70624089241028,-1.568,20.695247650146484,1.5270100812993928,20.718202590942383
"[21283.1, 0]",20.74020767211914,-1.488,20.728197813034058,1.5195013526736871,20.78716802597046
"[23871.1, 0]",20.807153940200806,-1.328,20.7961642742157,1.4313742602257933,20.919086456298828
"[24969.9, 0]",20.94007956981659,-1.02,20.928086757659912,1.4324318276378643,20.952067613601685
"[20724.8, 0]",20.972073793411255,-0.944,20.961092948913574,1.4327279465132443,20.984054565429688
"[21212.9, 0]",21.004042863845825,-0.868,20.993049383163452,1.4324212519637436,21.016036987304688
"[21634.1, 0]",21.037026286125183,-0.796,21.02503275871277,1.428402495797873,21.08402419090271
"[21416.0, 0]",21.105000019073486,-0.636,21.094018697738647,1.26232210940621,21.215946912765503
"[21212.4, 0]",21.236902832984924,-0.328,21.224910736083984,1.2844252683184982,21.24889636039734
"[21880.2, 0]",21.269883632659912,-0.252,21.257890462875366,1.297591982598785,21.280877113342285
"[21321.2, 0]",21.301881432533264,-0.176,21.29087233543396,1.3091829214350854,21.31389021873474
"[19941.1, 0]",21.334846019744873,-0.1,21.323853254318237,1.3126200155243168,21.3958101272583
"[18787.1, 0]",21.425814151763916,0.0,21.413832426071167,1.2310921437277471,21.538728952407837
"[106459.0, 0]",21.818087577819824,0.0,21.546732664108276,1.2276021712679122,22.090413093566895
"[100465.0, 0]",22.110417366027832,0.0,22.099436283111572,1.226470574136996,22.12239408493042
"[105423.0, 0]",22.1433846950531,0.0,22.131392002105713,1.228300165759879,22.15537405014038
"[103038.0, 0]",22.17538070678711,0.0,22.164398431777954,1.2260792741945297,22.224342584609985
"[106805.0, 0]",22.244323015213013,0.0,22.232359409332275,1.2516195271960493,22.35820174217224
"[102552.0, 0]",22.37919330596924,0.0,22.367193460464478,1.2524127027551026,22.39019465446472
"[108367.0, 0]",22.411182284355164,0.0,22.39918851852417,1.2516935569148941,22.42317509651184
"[105930.0, 0]",22.44366228580475,0.0,22.432169198989868,1.248732368161095,22.45515751838684
"[105454.0, 0]",22.475144624710083,0.0,22.46415114402771,1.252846305394052,22.53714084625244
"[98675.8, 0]",22.557122945785522,0.0,22.54613733291626,1.2563891562244904,22.687047004699707
"[93941.8, 0]",22.70703685283661,0.0,22.695043087005615,1.2551412266782465,22.718030214309692
"[93985.0, 0]",22.738019227981567,0.0,22.72702646255493,1.254379778141555,22.750011444091797
"[92021.7, 0]",22.77000916004181,0.0,22.759007453918457,1.2578062965566659,22.782010078430176
"[92095.8, 0]",22.803024172782898,0.0,22.79103112220764,1.2570448480199747,22.865989208221436
"[96362.4, 0]",22.885990142822266,0.0,22.875011205673218,1.2628403174381249,23.000951051712036
"[95839.4, 0]",23.021938920021057,0.0,23.009945392608643,1.2586629261604436,23.033899545669556
"[99288.5, 0]",23.054907202720642,0.0,23.04292631149292,1.2556488590360406,23.06688642501831
"[97619.0, 0]",23.08637762069702,0.0,23.075401782989502,1.261550085195398,23.09833025932312
"[99333.3, 0]",23.11932671070099,0.0,23.107320547103882,1.257065999368216,23.177090644836426
"[91841.7, 0]",23.197079062461853,0.0,23.18509078025818,1.2613914500835874,23.3110408782959
"[93091.1, 0]",23.331020951271057,0.0,23.31903576850891,1.2607674853104653,23.343021869659424
"[92578.6, 0]",23.362983226776123,0.0,23.35099458694458,1.2618462040707779,23.374971628189087
"[92005.3, 0]",23.394946813583374,0.0,23.382967233657837,1.2596253125054284,23.40695595741272
"[90189.2, 0]",23.426458954811096,0.0,23.41498041152954,1.2609261204222761,23.474913835525513
"[94941.9, 0]",23.495905876159668,0.0,23.483908653259277,1.2644055172079902,23.63083291053772
"[89353.9, 0]",23.65181612968445,0.0,23.63982105255127,1.2642151550738174,23.663810968399048
"[91719.7, 0]",23.683311343193054,0.0,23.67180323600769,1.2628191660898835,23.69578790664673
"[90912.5, 0]",23.715776205062866,0.0,23.704784154891968,1.265219844115285,23.72776770591736
"[92212.6, 0]",23.748772263526917,0.0,23.73676347732544,1.263094133617022,23.801725149154663
"[86313.4, 0]",23.82171380519867,0.0,23.809720277786255,1.2684242733738609,23.93368124961853
"[83970.3, 0]",23.990622758865356,0.0,23.942652463912964,1.2652515711376473,24.03858971595764
"[90977.1, 0]",24.317748546600342,0.0,24.046590089797974,1.267504189725359,24.58990788459778
"[87607.4, 0]",24.610886335372925,0.0,24.59890127182007,1.2631893146841082,24.622920989990234
"[88533.9, 0]",24.642894625663757,0.0,24.630915641784668,1.2642045793996965,24.691854000091553
"[95241.8, 0]",24.71185541152954,0.0,24.700848817825317,1.2704653784791584,24.835798025131226
"[93018.9, 0]",24.855759024620056,0.0,24.844765424728394,1.272199789034955,24.86775231361389
"[92893.2, 0]",24.88774287700653,0.0,24.875749826431274,1.2715546729135916,24.899734258651733
"[93364.9, 0]",24.91972255706787,0.0,24.907729387283325,1.2678954896678252,24.930716037750244
"[94008.6, 0]",24.950703263282776,0.0,24.93970537185669,1.2703490460638305,25.006673336029053
"[93073.4, 0]",25.028173565864563,0.0,25.015668392181396,1.2694289624153283,25.13959050178528
"[95417.5, 0]",25.16008198261261,0.0,25.14759087562561,1.2674195843323932,25.172571659088135
"[96053.2, 0]",25.19356143474579,0.0,25.181597471237183,1.270613437916848,25.205552339553833
"[97145.2, 0]",25.22454607486725,0.0,25.21355652809143,1.271512370217109,25.237534523010254
"[97994.5, 0]",25.25752890110016,0.0,25.245535373687744,1.2696510515718633,25.319488525390625
"[95272.9, 0]",25.33949315547943,0.0,25.32748579978943,1.2727602997633527,25.46141028404236
"[97104.5, 0]",25.482412457466125,0.0,25.471407413482666,1.2752667345299615,25.494394063949585
"[88932.4, 0]",25.515381813049316,0.0,25.503388166427612,1.2714277648241432,25.527371883392334
"[93368.5, 0]",25.547354698181152,0.0,25.536361694335938,1.2728872078528015,25.55934739112854
"[91358.9, 0]",25.579352855682373,0.0,25.568341970443726,1.273669807737734,25.631305694580078
"[95665.1, 0]",25.652294158935547,0.0,25.64030146598816,1.2721151836419895,25.77427363395691
"[91739.1, 0]",25.793251395225525,0.0,25.7822687625885,1.2729083592010428,25.806238412857056
"[91595.5, 0]",25.826260685920715,0.0,25.814250469207764,1.2755205507088587,25.838212490081787
"[90967.3, 0]",25.858206748962402,0.0,25.847205638885498,1.273267932121147,25.870206356048584
"[91719.9, 0]",25.891193747520447,0.0,25.87920594215393,1.2750446453734265,25.943196058273315
"[91040.6, 0]",25.964168906211853,0.0,25.953158855438232,1.271723883699523,26.08013153076172
"[88663.8, 0]",26.101612448692322,0.0,26.089104175567627,1.2702432893226234,26.11509108543396
"[91032.7, 0]",26.13509738445282,0.0,26.124114513397217,1.2735111726259234,26.14707064628601
"[90236.6, 0]",26.167078375816345,0.0,26.15607213973999,1.2713854621276601,26.179051637649536
"[89506.3, 0]",26.200055956840515,0.0,26.188061237335205,1.2736486563894927,26.256006956100464
"[92340.2, 0]",26.2759792804718,0.0,26.264001846313477,1.2741880157696488,26.388569831848145
"[85334.1, 0]",26.40956997871399,0.0,26.397571802139282,1.2776674125553633,26.42155170440674
"[88147.6, 0]",26.441550850868225,0.0,26.429576635360718,1.27687423699631,26.45353412628174
"[87808.9, 0]",26.473520517349243,0.0,26.46152639389038,1.2746533454309603,26.485515117645264
"[88101.3, 0]",26.50550866127014,0.0,26.494514226913452,1.2768213586257062,26.553505897521973
"[90767.6, 0]",26.572468519210815,0.0,26.561474800109863,1.277931804408381,26.684399127960205
"[95564.4, 0]",26.70541799068451,0.0,26.694424152374268,1.2770117207598792,26.717411041259766
"[96154.6, 0]",26.73737394809723,0.0,26.726379871368408,1.272823753808077,26.749366283416748
"[95216.6, 0]",26.76987385749817,0.0,26.758380651474,1.2743043481849767,26.781367301940918
"[95048.9, 0]",26.801342010498047,0.0,26.78935718536377,1.2759330019995665,26.850353002548218
"[92596.0, 0]",26.870343446731567,0.0,26.85934853553772,1.2773395666576213,26.981245040893555
"[92233.7, 0]",27.002233505249023,0.0,26.990241527557373,1.272538210606818,27.014227628707886
"[91946.5, 0]",27.034247875213623,0.0,27.02225375175476,1.273965926613114,27.045241594314575
"[95666.3, 0]",27.065240025520325,0.0,27.05421209335327,1.2759541533478078,27.07723593711853
"[98986.7, 0]",27.098223090171814,0.0,27.087228775024414,1.2786615259227103,27.147202014923096
"[93594.4, 0]",27.168224215507507,0.0,27.15623140335083,1.2739870779613556,27.28021240234375
"[91623.6, 0]",27.300161480903625,0.0,27.28817582130432,1.276356028964395,27.312193155288696
"[93080.4, 0]",27.332156777381897,0.0,27.320165157318115,1.2769165396927926,27.34415078163147
"[95036.4, 0]",27.363457202911377,0.0,27.352147579193115,1.274843707565133,27.37575912475586
"[95197.0, 0]",27.397749304771423,0.0,27.385751724243164,1.2760704857631358,27.458742380142212
"[93715.5, 0]",27.478700876235962,0.0,27.467710971832275,1.2758166695842386,27.593663215637207
"[96816.8, 0]",27.616135001182556,0.0,27.602627515792847,1.2802584527149379,27.63061237335205
"[98922.2, 0]",27.65359938144684,0.0,27.639606714248657,1.276652147839775,27.66859793663025
"[99707.6, 0]",27.688608646392822,0.0,27.67761492729187,1.2805968742868004,27.70157265663147
"[101449.0, 0]",27.721603393554688,0.0,27.709596157073975,1.2792749150217115,27.771560668945312
"[101544.0, 0]",27.791518688201904,0.0,27.77953314781189,1.2781433178907955,27.903454303741455
"[98591.9, 0]",27.92344856262207,0.0,27.911457538604736,1.2793806717629186,27.935434579849243
"[99717.9, 0]",27.95592713356018,0.0,27.944434642791748,1.2797719717053848,27.9674174785614
"[99354.2, 0]",27.987409949302673,0.0,27.976415634155273,1.2806603283315248,27.99940276145935
"[99345.8, 0]",28.021390557289124,0.0,28.009397745132446,1.277424172050587,28.069357872009277
"[100612.0, 0]",28.089346766471863,0.0,28.077352046966553,1.2771915072199311,28.20613670349121
"[100107.0, 0]",28.226114988327026,0.0,28.214130401611328,1.279296066369953,28.238109350204468
"[98933.6, 0]",28.25813400745392,0.0,28.246114492416382,1.2788624637310038,28.270135164260864
"[100987.0, 0]",28.290619134902954,0.0,28.278138399124146,1.2756686101465486,28.303120851516724
"[98351.9, 0]",28.32260537147522,0.0,28.311108589172363,1.2786297989003481,28.38107705116272
"[99131.8, 0]",28.401063561439514,0.0,28.39007067680359,1.2808506904656976,28.516042947769165
"[96385.9, 0]",28.537029504776,0.0,28.52604055404663,1.279592185245333,28.549025297164917
"[95076.9, 0]",28.569068551063538,0.0,28.558064222335815,1.278196196261399,28.581050395965576
"[94973.9, 0]",28.60103750228882,0.0,28.590043783187866,1.2815804119800267,28.613054513931274
"[94680.0, 0]",28.633030772209167,0.0,28.62204933166504,1.2783865583955716,28.69504952430725
"[98020.7, 0]",28.71501636505127,0.0,28.70302391052246,1.283737849500652,28.82796835899353
"[92760.7, 0]",28.847978830337524,0.0,28.836957693099976,1.2785028908108995,28.859986066818237
"[96166.9, 0]",28.8804771900177,0.0,28.86898112297058,1.2780164098013467,28.892972469329834
"[98058.2, 0]",28.913961052894592,0.0,28.90196943283081,1.280469966197352,28.92595338821411
"[93293.4, 0]",28.94697678089142,0.0,28.935948133468628,1.2818765308554068,29.00495219230652
"[90920.9, 0]",29.02743136882782,0.0,29.014938592910767,1.2813054444528884,29.15290355682373
"[92873.7, 0]",29.17265033721924,0.0,29.161672353744507,1.2804065121526276,29.184633016586304
"[96672.2, 0]",29.207114338874817,0.0,29.194621086120605,1.2829446739415986,29.219608306884766
"[94840.3, 0]",29.239596128463745,0.0,29.228602170944214,1.280395936478507,29.252597332000732
"[92400.3, 0]",29.2725830078125,0.0,29.260592699050903,1.282458192932046,29.33254384994507
"[90441.2, 0]",29.358533024787903,0.0,29.342541694641113,1.2807237823762492,29.492449283599854
"[95704.0, 0]",29.512439250946045,0.0,29.5004460811615,1.2810093255775084,29.524495601654053
"[90412.8, 0]",29.544919967651367,0.0,29.533427238464355,1.2777943206448117,29.55741286277771
"[94113.1, 0]",29.57939350605011,0.0,29.567408084869385,1.282193801079028,29.591399431228638
"[94560.2, 0]",29.614869117736816,0.0,29.600395679473877,1.282193801079028,29.67834186553955
"[89493.2, 0]",29.69934916496277,0.0,29.687368869781494,1.2808824174880598,29.808292865753174
"[91317.1, 0]",29.83027732372284,0.0,29.818281888961792,1.280649752657404,29.84127378463745
"[91169.6, 0]",29.86275839805603,0.0,29.85126280784607,1.2829023712451157,29.87427067756653
"[88295.3, 0]",29.89526057243347,0.0,29.883265733718872,1.282119771360183,29.907257318496704
"[92722.4, 0]",29.927242517471313,0.0,29.916245698928833,1.2791162799099007,29.975234508514404
"[95842.5, 0]",30.000218510627747,0.0,29.98423171043396,1.2808189634433353,30.134146213531494
"[91984.1, 0]",30.1541348695755,0.0,30.142138242721558,1.2796662149641778,30.166139125823975
"[91585.4, 0]",30.186131238937378,0.0,30.175137758255005,1.2825956766956152,30.19912075996399
"[93787.2, 0]",30.220606803894043,0.0,30.20811939239502,1.2803853608043863,30.23309898376465
"[92338.8, 0]",30.27409076690674,0.0,30.24209976196289,1.2809352958586633,30.350083589553833
"[88286.1, 0]",30.37158453464508,0.0,30.35909342765808,1.2803430581079034,30.487064123153687
"[79191.5, 0]",30.539533734321594,0.0,30.496058702468872,1.2783971340696922,30.58500623703003
"[82999.3, 0]",30.60651934146881,0.0,30.593026876449585,1.2837272738265313,30.62098455429077
"[83076.6, 0]",30.640973329544067,0.0,30.6299786567688,1.281136233666957,30.65396547317505
"[81818.7, 0]",30.674683690071106,0.0,30.662689208984375,1.280395936478507,30.7236807346344
"[85692.4, 0]",30.74464476108551,0.0,30.733651399612427,1.284911749328051,30.862574100494385
"[82132.0, 0]",30.882556796073914,0.0,30.871562480926514,1.2833148225358235,30.894550323486328
"[81115.8, 0]",30.91553771495819,0.0,30.90454387664795,1.2834734576476343,30.9275324344635
"[80268.7, 0]",30.948518872261047,0.0,30.937525510787964,1.2821409227084244,30.960511922836304
"[79623.5, 0]",30.981998920440674,0.0,30.970505714416504,1.278925917775728,31.036476850509644
"[82921.4, 0]",31.05746030807495,0.0,31.04547119140625,1.2831773387722543,31.170419216156006
"[81065.8, 0]",31.190382599830627,0.0,31.178387880325317,1.2783231043508474,31.202373266220093
"[79640.4, 0]",31.221864342689514,0.0,31.210373878479004,1.2816121390023887,31.235354900360107
"[77235.0, 0]",31.255826115608215,0.0,31.243348360061646,1.2839493629830663,31.268335103988647
"[80541.2, 0]",31.28882908821106,0.0,31.276338815689087,1.2824370415838044,31.3502995967865
"[78305.5, 0]",31.370320320129395,0.0,31.359325647354126,1.2813371714752504,31.482327699661255
"[81638.1, 0]",31.503270030021667,0.0,31.491292476654053,1.2829552496157193,31.51527714729309
"[81327.0, 0]",31.53627038002014,0.0,31.523279190063477,1.2847636898903612,31.54925847053528
"[77606.9, 0]",31.570293426513672,0.0,31.559302806854248,1.281675593047113,31.583282709121704
"[77676.1, 0]",31.603270769119263,0.0,31.5912766456604,1.2824370415838042,31.661112070083618
"[80066.0, 0]",31.684605717658997,0.0,31.670129537582397,1.2785874962038652,31.800029754638672
"[73702.7, 0]",31.820014119148254,0.0,31.808025121688843,1.2833888522546686,31.832005262374878
"[73302.5, 0]",31.855507850646973,0.0,31.842031002044678,1.2830187036604437,31.868985176086426
"[75305.9, 0]",31.889971256256104,0.0,31.87897801399231,1.2855991681458971,31.90196442604065
"[75236.9, 0]",31.921956658363342,0.0,31.910958528518677,1.2813371714752504,31.972929000854492
"[73144.3, 0]",31.99391496181488,0.0,31.981918811798096,1.285165565506948,32.11185073852539
"[75581.6, 0]",32.13134169578552,0.0,32.11984825134277,1.2834417306252721,32.14382576942444
"[72981.3, 0]",32.163833141326904,0.0,32.15285110473633,1.2817073200694753,32.175814628601074
"[73530.9, 0]",32.19681465625763,0.0,32.184808015823364,1.2827437361333052,32.20879530906677
"[73220.4, 0]",32.22977876663208,0.0,32.21878218650818,1.284848295283327,32.28774166107178
"[69837.2, 0]",32.30773067474365,0.0,32.296738386154175,1.2814217768682161,32.41869854927063
"[66827.5, 0]",32.43865919113159,0.0,32.42766857147217,1.2806286013091626,32.45167899131775
"[69001.1, 0]",32.47165513038635,0.0,32.460649251937866,1.28296582528984,32.483630418777466
"[69555.2, 0]",32.50463914871216,0.0,32.49265480041504,1.2834205792770308,32.516615867614746
"[76548.7, 0]",32.53810012340546,0.0,32.52460503578186,1.283663819781807,32.598570346832275
"[74038.7, 0]",32.62005269527435,0.0,32.60756325721741,1.2831456117498923,32.77446174621582
"[75150.3, 0]",32.795448303222656,0.0,32.78345561027527,1.2845204493855846,32.8074426651001
"[74685.9, 0]",32.82844531536102,0.0,32.816468238830566,1.2828389172003916,32.840423822402954
"[77499.9, 0]",32.860427498817444,0.0,32.8494188785553,1.2839282116348247,32.87340974807739
"[77416.6, 0]",32.893397092819214,0.0,32.88240718841553,1.281717895743596,32.94336414337158
"[80652.3, 0]",32.964351654052734,0.0,32.95235848426819,1.2797613960312644,33.08229160308838
"[80808.6, 0]",33.101773381233215,0.0,33.09027934074402,1.2842983602290499,33.11426544189453
"[79662.1, 0]",33.134257435798645,0.0,33.12326669692993,1.2808929931621804,33.147247314453125
"[80275.7, 0]",33.16914081573486,0.0,33.15714621543884,1.2862442842672608,33.18113350868225
"[81465.9, 0]",33.20212388038635,0.0,33.190134048461914,1.2823735875390803,33.25708818435669
"[80560.7, 0]",33.278061628341675,0.0,33.26608324050903,1.2816227146765096,33.39008545875549
"[84620.1, 0]",33.41007423400879,0.0,33.399080753326416,1.2831350360757714,33.42203712463379
"[82722.1, 0]",33.442039489746094,0.0,33.43106198310852,1.2835580630406,33.45401668548584
"[85123.6, 0]",33.47500479221344,0.0,33.4630126953125,1.281421776868216,33.48700428009033
"[81080.1, 0]",33.50698757171631,0.0,33.49599480628967,1.2820986200119417,33.569950580596924
"[82446.0, 0]",33.590941309928894,0.0,33.57894492149353,1.2838118792194968,33.74786710739136
"[86835.4, 0]",33.76789999008179,0.0,33.75593638420105,1.284615630452671,33.77989363670349
"[81906.0, 0]",33.79988634586334,0.0,33.78789234161377,1.2814746552388196,33.81187295913696
"[83362.5, 0]",33.83186101913452,0.0,33.82086730003357,1.2836849711300484,33.8448531627655
"[84559.4, 0]",33.8647483587265,0.0,33.85387992858887,1.2835263360182378,33.91258955001831
"[82137.1, 0]",33.93357694149017,0.0,33.92158365249634,1.2849329006762926,34.04352045059204
"[84072.1, 0]",34.06350111961365,0.0,34.052507400512695,1.2845204493855849,34.076494216918945
"[89394.5, 0]",34.09548556804657,0.0,34.08448910713196,1.285165565506948,34.10748076438904
"[86601.3, 0]",34.12846398353577,0.0,34.11647129058838,1.2852713222481553,34.14045715332031
"[84461.2, 0]",34.161444902420044,0.0,34.15045118331909,1.2852501708999138,34.21041703224182
"[83348.5, 0]",34.23040473461151,0.0,34.21941137313843,1.2843089359031703,34.34434628486633
"[86994.1, 0]",34.3643434047699,0.0,34.35333323478699,1.2859904680883636,34.37632942199707
"[91129.3, 0]",34.39782428741455,0.0,34.385348320007324,1.284880022305689,34.411301136016846
"[95318.9, 0]",34.69217336177826,0.0,34.420294761657715,1.2832513684910993,34.96404194831848
"[91930.5, 0]",34.98552906513214,0.0,34.97303605079651,1.2858952870212774,35.036999225616455
"[93609.4, 0]",35.05897128582001,0.0,35.04699349403381,1.2848905979798095,35.170968770980835
"[97451.5, 0]",35.19097316265106,0.0,35.179967641830444,1.2834417306252721,35.20397591590881
"[93299.1, 0]",35.223952889442444,0.0,35.212947845458984,1.2864452220755542,35.23592805862427
"[100428.0, 0]",35.25845146179199,0.0,35.24592208862305,1.2855357141011732,35.27195620536804
"[96308.6, 0]",35.29195690155029,0.0,35.28095197677612,1.2840762710725149,35.34890532493591
"[95275.5, 0]",35.3704479932785,0.0,35.357951402664185,1.285715500561225,35.53274869918823
"[98109.1, 0]",35.55573606491089,0.0,35.541743516922,1.282489919954408,35.569727659225464
"[96753.3, 0]",35.5907176733017,0.0,35.57872247695923,1.2847425385421196,35.6027135848999
"[94527.1, 0]",35.62271320819855,0.0,35.61170482635498,1.283039855008685,35.63472080230713
"[95074.4, 0]",35.65519368648529,0.0,35.64369177818298,1.2810093255775084,35.70868968963623
"[98983.4, 0]",35.72871232032776,0.0,35.717721939086914,1.285842408650674,35.84163451194763
"[100836.0, 0]",35.86163508892059,0.0,35.84963345527649,1.284583903430309,35.8736846446991
"[101313.0, 0]",35.89364755153656,0.0,35.88165473937988,1.2858635599989152,35.904640913009644
"[99627.1, 0]",35.92563223838806,0.0,35.913636207580566,1.2861173761778124,35.93761730194092
"[101408.0, 0]",35.95860409736633,0.0,35.94661211967468,1.2853665033152417,36.00757575035095
"[99849.5, 0]",36.02856409549713,0.0,36.01657176017761,1.2883805704396445,36.14450454711914
"[102995.0, 0]",36.16448473930359,0.0,36.15249180793762,1.2905062809379078,36.17647886276245
"[101221.0, 0]",36.196486592292786,0.0,36.18548059463501,1.2902313134107692,36.20847010612488
"[101967.0, 0]",36.22946321964264,0.0,36.2184534072876,1.2878412110594883,36.241442918777466
"[105050.0, 0]",36.26144194602966,0.0,36.24943661689758,1.2921560861007388,36.31744861602783
"[109302.0, 0]",36.33743715286255,0.0,36.3254451751709,1.2861808302225364,36.46237325668335
"[106183.0, 0]",36.48336160182953,0.0,36.471368074417114,1.2870691868486763,36.495354652404785
"[104118.0, 0]",36.516342639923096,0.0,36.504348278045654,1.2837272738265313,36.52833557128906
"[101901.0, 0]",36.54932415485382,0.0,36.53732991218567,1.2866250085356064,36.56131649017334
"[98298.8, 0]",36.58230674266815,0.0,36.57131052017212,1.2861491032001744,36.63228130340576
"[99126.6, 0]",36.6530282497406,0.0,36.641276597976685,1.2857683789318286,36.76658058166504
"[100244.0, 0]",36.78656876087189,0.0,36.77457547187805,1.2851444141587067,36.79856204986572
"[98228.8, 0]",36.82005035877228,0.0,36.80755686759949,1.287777757014764,36.832542419433594
"[94175.3, 0]",36.853567004203796,0.0,36.84153699874878,1.288105602912506,36.86459755897522
"[101958.0, 0]",36.88456189632416,0.0,36.87356877326965,1.2881373299348682,36.942522048950195
"[94897.3, 0]",36.96251022815704,0.0,36.95151662826538,1.2866778869062099,37.0784432888031
"[93373.7, 0]",37.09843182563782,0.0,37.08643889427185,1.286783643647417,37.11042499542236
"[93308.9, 0]",37.130412340164185,0.0,37.11941885948181,1.286487524772037,37.143412351608276
"[98674.8, 0]",37.16439747810364,0.0,37.152406215667725,1.285176141181069,37.178394079208374
"[97385.3, 0]",37.199376821517944,0.0,37.18738651275635,1.2864134950531922,37.255860567092896
"[96218.4, 0]",37.27635610103607,0.0,37.26486396789551,1.2820563173154587,37.39181399345398
"[90667.5, 0]",37.41279149055481,0.0,37.40078639984131,1.2878306353853675,37.424763917922974
"[91831.6, 0]",37.445805311203,0.0,37.4337899684906,1.287227821960487,37.456820011138916
"[94015.7, 0]",37.47780978679657,0.0,37.46681261062622,1.2854193816858452,37.48977017402649
"[93801.5, 0]",37.541741251945496,0.0,37.497769594192505,1.2865298274685202,37.63069415092468
"[87878.4, 0]",37.651679039001465,0.0,37.63968300819397,1.2866673112320894,37.78868842124939
"[87370.0, 0]",37.808676958084106,0.0,37.79768395423889,1.2826168280438566,37.82166886329651
"[86274.7, 0]",37.84165847301483,0.0,37.82966470718384,1.2870163084780728,37.85361957550049
"[90889.3, 0]",37.872655630111694,0.0,37.86166024208069,1.2837166981524106,37.88465118408203
"[94565.3, 0]",37.9056339263916,0.0,37.89364194869995,1.2833148225358235,37.9576780796051
"[86532.2, 0]",37.977641224861145,0.0,37.96564841270447,1.2836532441076862,38.08860158920288
"[93049.8, 0]",38.10857653617859,0.0,38.09756946563721,1.2854405330340866,38.12055325508118
"[91657.9, 0]",38.14155840873718,0.0,38.13055181503296,1.2879046651042125,38.15353345870972
"[78957.8, 0]",38.467095255851746,0.0,38.162437915802,1.2859587410660016,38.771748542785645
"[78299.3, 0]",38.79273045063019,0.0,38.779751777648926,1.2863394653343472,38.84873557090759
"[77994.4, 0]",38.869712591171265,0.0,38.857717514038086,1.2846685088232745,38.98269295692444
"[74012.5, 0]",39.00269436836243,0.0,38.99068856239319,1.2867307652768136,39.01466965675354
"[72541.8, 0]",39.03717625141144,0.0,39.0226731300354,1.2881161785866269,39.052647829055786
"[76791.0, 0]",39.07269823551178,0.0,39.06169319152832,1.2886132352703004,39.08470273017883
"[75904.8, 0]",39.1046804189682,0.0,39.093674421310425,1.2875345165099876,39.16167497634888
"[73937.0, 0]",39.18216073513031,0.0,39.17066955566406,1.2850069303951375,39.292619466781616
"[69110.6, 0]",39.31260561943054,0.0,39.30161190032959,1.2857049248871046,39.32559537887573
"[72994.2, 0]",39.34459030628204,0.0,39.33359122276306,1.2858847113471565,39.35659170150757
"[66958.0, 0]",39.376580357551575,0.0,39.36558699607849,1.2881373299348682,39.388569593429565
"[73548.5, 0]",39.40857148170471,0.0,39.39656376838684,1.2873441543758148,39.45957827568054
"[78604.0, 0]",39.479565501213074,0.0,39.46857190132141,1.2885815082479382,39.59051299095154
"[78713.3, 0]",39.61053264141083,0.0,39.59853982925415,1.2876402732511947,39.62250256538391
"[80939.3, 0]",39.64150309562683,0.0,39.63049793243408,1.2824687686061664,39.653483152389526
"[78525.6, 0]",39.67451727390289,0.0,39.66352295875549,1.2880633002160233,39.68651008605957
"[82857.0, 0]",39.706480503082275,0.0,39.69547247886658,1.2857683789318286,39.7565131187439
"[79652.6, 0]",39.77599048614502,0.0,39.76448583602905,1.2867413409509343,39.904470443725586
"[76547.1, 0]",39.92544496059418,0.0,39.91346573829651,1.2897871350976993,39.93642592430115
"[75385.1, 0]",39.95642387866974,0.0,39.9454231262207,1.2925685373914466,39.968425273895264
"[78066.6, 0]",39.988412976264954,0.0,39.97741961479187,1.2878306353853677,40.00040602684021
"[78637.5, 0]",40.02151024341583,0.0,40.00963354110718,1.2875133651617463,40.06843566894531
"[75120.3, 0]",40.0894091129303,0.0,40.07843089103699,1.2902736161072519,40.20335054397583
