207650.3,0.03355896472930908,0,0.002027750015258789,-3.3921138258668293,0.28751611709594727
189316.6,0.2995297908782959,0,0.2884862422943115,-3.3921138258668293,0.3115701675415039
203091.9,0.32658958435058594,0.0,0.3155946731567383,-3.3921138258668293,0.3385801315307617
188495.6,0.3525630235671997,0.0,0.3415567874908447,-3.3921138258668293,0.366565465927124
173522.5,0.380664587020874,0.0,0.36956262588500977,-3.3921138258668293,0.3927731513977051
214190.3,0.40581727027893066,0.0,0.39479565620422363,-3.3921138258668293,0.41785383224487305
213803.9,0.43190670013427734,0.0,0.4208524227142334,-3.3921138258668293,0.44392967224121094
189864.9,0.4570133686065674,0.0,0.44595861434936523,-3.3921138258668293,0.4690439701080322
177763.5,0.48404622077941895,0.0,0.47303318977355957,-3.3921138258668293,0.4960200786590576
177358.5,0.5092488527297974,0.0,0.4980497360229492,-3.3921138258668293,0.5214407444000244
185825.7,0.5364339351654053,0.0,0.5254125595092773,-3.3921138258668293,0.5483958721160889
174933.3,0.5614616870880127,0.0,0.5504224300384521,-3.3921138258668293,0.5745112895965576
178533.3,0.5889915227890015,0.0,0.5774962902069092,-3.3921138258668293,0.6014847755432129
166442.1,0.613481879234314,0.0,0.6024832725524902,-3.3921138258668293,0.6264691352844238
165427.3,0.6404788494110107,0.0,0.6294999122619629,-3.3921138258668293,0.6534547805786133
167694.4,0.6675251722335815,0.0,0.6564526557922363,-3.3921138258668293,0.6795663833618164
161474.9,0.692572832107544,0.0,0.6815636157989502,-3.3921138258668293,0.7045235633850098
159133.1,0.7216004133224487,0.0,0.7105162143707275,-3.3921138258668293,0.7346322536468506
153300.1,0.7467082738876343,0.0,0.7356529235839844,-3.3921138258668293,0.7587437629699707
161647.5,0.7737834453582764,0.0,0.7627277374267578,-3.3921138258668293,0.7858388423919678
173888.5,0.7988324165344238,0.0,0.7878358364105225,-3.3921138258668293,0.8108296394348145
170604.4,0.8258199691772461,0.0,0.814826250076294,-3.3921138258668293,0.8378121852874756
178213.5,0.8518614768981934,0.0,0.8408071994781494,-3.3921138258668293,0.863914966583252
189985.3,0.8779842853546143,0.0,0.866943359375,-3.3921138258668293,0.8910267353057861
188072.1,0.9040371179580688,0.0,0.8930308818817139,-3.3921138258668293,0.9160394668579102
160659.8,0.93053138256073,0.0,0.9190382957458496,-3.3921138258668293,0.9429943561553955
185511.2,0.9560191631317139,0.0,0.9450223445892334,-3.3921138258668293,0.9680101871490479
177822.6,0.9830644130706787,0.0,0.9720089435577393,-3.3921138258668293,0.9951155185699463
163339.4,1.0081218481063843,0.0,0.9971144199371338,-3.3921138258668293,1.0200777053833008
171445.9,1.0366376638412476,0.0,1.0250957012176514,-3.3921138258668293,1.049208164215088
158885.0,1.0617963075637817,0.0,1.051206350326538,-3.3921138258668293,1.0743751525878906
170237.3,1.089401364326477,0.0,1.0784070491790771,-3.3921138258668293,1.1013920307159424
172757.0,1.114372730255127,0.0,1.1033906936645508,-3.3921138258668293,1.1263482570648193
165838.5,1.1413357257843018,0.0,1.1303424835205078,-3.3921138258668293,1.1533288955688477
169639.5,1.1653382778167725,0.0,1.154327392578125,-3.3921138258668293,1.1783480644226074
170444.0,1.192354679107666,0.0,1.1813457012176514,-3.3921138258668293,1.2053337097167969
175606.3,1.2183723449707031,0.0,1.207329511642456,-3.3921138258668293,1.2304105758666992
177875.5,1.2449167966842651,0.0,1.234405279159546,-3.3921138258668293,1.2574005126953125
189110.4,1.2704741954803467,0.0,1.2594242095947266,-3.3921138258668293,1.2825193405151367
189751.6,1.2964955568313599,0.0,1.2855188846588135,-3.3921138258668293,1.3095014095306396
177375.6,1.3215097188949585,0.0,1.3105018138885498,-3.3921138258668293,1.334486722946167
178854.6,1.3485000133514404,0.0,1.3374862670898438,-3.3921138258668293,1.3604857921600342
190833.3,1.3734917640686035,0.0,1.3625106811523438,-3.3921138258668293,1.3854975700378418
191829.8,1.4004913568496704,0.0,1.3894717693328857,-3.3921138258668293,1.4124515056610107
189043.3,1.4254767894744873,0.0,1.4144573211669922,-3.3921138258668293,1.4374439716339111
202222.2,1.4525164365768433,0.0,1.4414327144622803,-3.3921138258668293,1.4645495414733887
199652.2,1.4775505065917969,0.0,1.4665393829345703,-3.3921138258668293,1.4895269870758057
208657.2,1.5046018362045288,0.0,1.4935297966003418,-3.3921138258668293,1.5166666507720947
205065.5,1.5297210216522217,0.0,1.5186662673950195,-3.3921138258668293,1.541745901107788
215565.6,1.5558090209960938,0.0,1.5447759628295898,-3.3921138258668293,1.5678834915161133
200165.4,1.5808595418930054,0.0,1.5698809623718262,-3.3921138258668293,1.5928370952606201
191052.2,1.6079096794128418,0.0,1.5968399047851562,-3.3921138258668293,1.6199743747711182
184486.7,1.6329716444015503,0.0,1.6219725608825684,-3.3921138258668293,1.6449313163757324
179984.6,1.65994393825531,0.0,1.6489555835723877,-3.3921138258668293,1.6729426383972168
170485.2,1.684920310974121,0.0,1.6739122867584229,-3.3921138258668293,1.6969106197357178
173549.9,1.711930274963379,0.0,1.700894832611084,-3.3921138258668293,1.7239654064178467
177710.4,1.737027645111084,0.0,1.7259929180145264,-3.3921138258668293,1.7490618228912354
188825.0,1.7631760835647583,0.0,1.7520601749420166,-3.3921138258668293,1.7762601375579834
191778.7,1.788267731666565,0.0,1.777259349822998,-3.3921138258668293,1.8002500534057617
215239.9,1.8147523403167725,0.0,1.804274559020996,-3.3921138258668293,1.8272294998168945
190163.9,1.8403193950653076,0.0,1.829228401184082,-3.3921138258668293,1.8523845672607422
190506.3,1.867408275604248,0.0,1.8563804626464844,-3.3921138258668293,1.8794763088226318
190665.7,1.8920493125915527,0.0,1.8814740180969238,-3.3921138258668293,1.9045929908752441
194629.8,1.9195995330810547,0.0,1.908590316772461,-3.3921138258668293,1.931577444076538
201576.2,1.9446121454238892,0.0,1.9335777759552002,-3.3921138258668293,1.9566478729248047
212290.5,1.9716808795928955,0.0,1.9606473445892334,-3.3921138258668293,1.9837417602539062
224667.9,1.9967193603515625,0.0,1.9857404232025146,-3.3921138258668293,2.0087273120880127
215428.0,2.0227960348129272,0.0,2.011726140975952,-3.3921138258668293,2.0348362922668457
218773.2,2.047956347465515,0.0,2.036864757537842,-3.3921138258668293,2.0600175857543945
217757.0,2.0740227699279785,0.0,2.0630135536193848,-3.3921138258668293,2.0860092639923096
207633.6,2.09899365901947,0.0,2.0880002975463867,-3.3921138258668293,2.1109871864318848
232408.5,2.125534772872925,0.0,2.1149840354919434,-3.3921138258668293,2.1370577812194824
211786.7,2.150577425956726,0.0,2.1400837898254395,-3.3921138258668293,2.1630711555480957
230185.0,2.177051305770874,0.0,2.166069507598877,-3.3921138258668293,2.1900312900543213
232284.3,2.202121138572693,0.0,2.1910250186920166,-3.3921138258668293,2.214217185974121
226603.8,2.2291948795318604,0.0,2.2182161808013916,-3.3921138258668293,2.2411773204803467
245154.8,2.2536940574645996,0.0,2.2432005405426025,-3.3921138258668293,2.2651970386505127
203552.4,2.280237913131714,0.0,2.269153594970703,-3.3921138258668293,2.292309522628784
215808.8,2.3043456077575684,0.0,2.293337345123291,-3.3921138258668293,2.3173251152038574
198949.2,2.3313788175582886,0.0,2.320324182510376,-3.3921138258668293,2.3444058895111084
195819.4,2.356411099433899,0.0,2.3454039096832275,-3.3921138258668293,2.3683860301971436
204960.2,2.3853819370269775,0.0,2.3743882179260254,-3.3921138258668293,2.3973782062530518
189148.6,2.4105008840560913,0.0,2.399399518966675,-3.3921138258668293,2.4226040840148926
188175.7,2.437597870826721,0.0,2.426600456237793,-3.3921138258668293,2.4495816230773926
185216.0,2.4626206159591675,0.0,2.4515798091888428,-3.3921138258668293,2.4746880531311035
216538.5,2.489723324775696,0.0,2.4786524772644043,-3.3921138258668293,2.50176739692688
212511.8,2.514813780784607,0.0,2.503789186477661,-3.3921138258668293,2.526808023452759
218518.5,2.541875720024109,0.0,2.5308034420013428,-3.3921138258668293,2.553945302963257
219516.9,2.567059636116028,0.0,2.555915117263794,-3.3921138258668293,2.5791749954223633
208047.1,2.5941543579101562,0.0,2.583171844482422,-3.3921138258668293,2.6061296463012695
186811.2,2.6201528310775757,0.0,2.609156847000122,-3.3921138258668293,2.63214373588562
215338.7,2.646135926246643,0.0,2.6351418495178223,-3.3921138258668293,2.6591100692749023
214794.0,2.6716898679733276,0.0,2.6611270904541016,-3.3921138258668293,2.6842236518859863
186999.1,2.6992666721343994,0.0,2.68818998336792,-3.3921138258668293,2.711298942565918
191875.5,2.724373698234558,0.0,2.7133264541625977,-3.3921138258668293,2.7364165782928467
186823.1,2.7514320611953735,0.0,2.740382194519043,-3.3921138258668293,2.763500452041626
222693.5,2.7765036821365356,0.0,2.765521764755249,-3.3921138258668293,2.7884836196899414
232900.4,2.803026556968689,0.0,2.7925055027008057,-3.3921138258668293,2.815546989440918
227624.3,2.8275400400161743,0.0,2.81654691696167,-3.3921138258668293,2.8405332565307617
223155.5,2.8545773029327393,0.0,2.843528985977173,-3.3921138258668293,2.8665947914123535
210777.2,2.879632353782654,0.0,2.868593215942383,-3.3921138258668293,2.891663074493408
219718.3,2.906184434890747,0.0,2.89569091796875,-3.3921138258668293,2.9186465740203857
231603.2,2.9307726621627808,0.0,2.9196765422821045,-3.3921138258668293,2.9428789615631104
209633.5,2.9573994874954224,0.0,2.9469056129455566,-3.3921138258668293,2.969892978668213
233926.4,2.9829021692276,0.0,2.9718611240386963,-3.3921138258668293,2.994959831237793
218181.8,3.008992910385132,0.0,2.9979588985443115,-3.3921138258668293,3.0209970474243164
222287.4,3.034003973007202,0.0,3.0229952335357666,-3.3921138258668293,3.0459911823272705
203422.1,3.060989260673523,0.0,3.0500106811523438,-3.3921138258668293,3.0729668140411377
221739.1,3.086000442504883,0.0,3.074995756149292,-3.3921138258668293,3.0980355739593506
219019.0,3.1120171546936035,0.0,3.1010348796844482,-3.3921138258668293,3.1239964962005615
219322.7,3.1370140314102173,0.0,3.126021385192871,-3.3921138258668293,3.1490068435668945
210912.7,3.163977265357971,0.0,3.1529734134674072,-3.3921138258668293,3.1759910583496094
263373.5,3.1890517473220825,0.0,3.1779897212982178,-3.3921138258668293,3.2011115550994873
217107.9,3.2211025953292847,0.0,3.21010684967041,-3.3921138258668293,3.233098268508911
225872.7,3.2520846128463745,0.0,3.2410874366760254,-3.3921138258668293,3.265080690383911
206457.8,3.284062147140503,0.0,3.27306866645813,-3.3921138258668293,3.296055555343628
200737.3,3.315044403076172,0.0,3.304050922393799,-3.3921138258668293,3.328037738800049
241498.0,3.3470261096954346,0.0,3.336031675338745,-3.3921138258668293,3.3600211143493652
230192.3,3.3790502548217773,0.0,3.3680150508880615,-3.3921138258668293,3.3911142349243164
219489.1,3.410192847251892,0.0,3.399165630340576,-3.3921138258668293,3.422213554382324
201739.1,3.4412730932235718,0.0,3.430208683013916,-3.3921138258668293,3.4543063640594482
226210.8,3.4733258485794067,0.0,3.462331771850586,-3.3921138258668293,3.4852964878082275
201101.5,3.5043734312057495,0.0,3.493314027786255,-3.3921138258668293,3.5164337158203125
214912.3,3.535436749458313,0.0,3.524427890777588,-3.3921138258668293,3.547445774078369
203521.1,3.5674997568130493,0.0,3.5564093589782715,-3.3921138258668293,3.579559803009033
243067.3,3.5983803272247314,0.0,3.5878090858459473,-3.3921138258668293,3.6109673976898193
217843.9,3.629533529281616,0.0,3.618985891342163,-3.3921138258668293,3.64205002784729
208435.8,3.6611201763153076,0.0,3.6501264572143555,-3.3921138258668293,3.6741139888763428
212834.2,3.6931023597717285,0.0,3.6821091175079346,-3.3921138258668293,3.7060976028442383
212307.7,3.7250845432281494,0.0,3.7140910625457764,-3.3921138258668293,3.737077236175537
205682.9,3.757075548171997,0.0,3.74607253074646,-3.3921138258668293,3.7690582275390625
197323.8,3.788063406944275,0.0,3.7770543098449707,-3.3921138258668293,3.8000476360321045
184019.4,3.8190444707870483,0.0,3.8080670833587646,-3.3921138258668293,3.832022190093994
194987.0,3.8510265350341797,0.0,3.8400185108184814,-3.3921138258668293,3.8640146255493164
178196.7,3.8829928636550903,0.0,3.8719987869262695,-3.3921138258668293,3.8950159549713135
183009.7,3.9140288829803467,0.0,3.9029810428619385,-3.3921138258668293,3.9260566234588623
187156.0,3.945131540298462,0.0,3.9340744018554688,-3.3921138258668293,3.9571876525878906
184304.9,3.976314663887024,0.0,3.9652652740478516,-3.3921138258668293,3.9883413314819336
195491.1,4.007423520088196,0.0,3.996335744857788,-3.3921138258668293,4.0204784870147705
196217.5,4.039105772972107,0.0,4.028473138809204,-3.3921138258668293,4.051720142364502
192277.4,4.070814728736877,0.0,4.059734106063843,-3.3921138258668293,4.082862377166748
191925.5,4.101906418800354,0.0,4.09088659286499,-3.3921138258668293,4.11392617225647
199507.8,4.1325753927230835,0.0,4.121920824050903,-3.3921138258668293,4.1452391147613525
210928.0,4.163907289505005,0.0,4.153317928314209,-3.3921138258668293,4.176464319229126
206560.1,4.195516467094421,0.0,4.184491395950317,-3.3921138258668293,4.207528352737427
208623.9,4.226533055305481,0.0,4.215555191040039,-3.3921138258668293,4.238510847091675
201039.9,4.258514165878296,0.0,4.2475364208221436,-3.3921138258668293,4.2715232372283936
226760.6,4.290536403656006,0.0,4.279486179351807,-3.3921138258668293,4.302586078643799
225536.3,4.3216235637664795,0.0,4.310581684112549,-3.3921138258668293,4.333648920059204
243506.5,4.352735638618469,0.0,4.341660499572754,-3.3921138258668293,4.364786148071289
253198.7,4.383866786956787,0.0,4.372776985168457,-3.3921138258668293,4.3959269523620605
229296.9,4.414933085441589,0.0,4.403927326202393,-3.3921138258668293,4.427907466888428
221268.3,4.446976065635681,0.0,4.435901641845703,-3.3921138258668293,4.460050821304321
213307.3,4.478718042373657,0.0,4.468044996261597,-3.3921138258668293,4.490359544754028
214131.5,4.509581446647644,0.0,4.498531818389893,-3.3921138258668293,4.522600412368774
228180.9,4.541660666465759,0.0,4.53062629699707,-3.3921138258668293,4.553723335266113
216618.9,4.5727379322052,0.0,4.561687469482422,-3.3921138258668293,4.584787130355835
233237.3,4.603817462921143,0.0,4.592782974243164,-3.3921138258668293,4.615821838378906
216666.7,4.63486921787262,0.0,4.623821258544922,-3.3921138258668293,4.646915435791016
220392.9,4.666904330253601,0.0,4.655911445617676,-3.3921138258668293,4.678896903991699
197010.0,4.699001431465149,0.0,4.687892198562622,-3.3921138258668293,4.7110960483551025
218279.6,4.730627179145813,0.0,4.720090627670288,-3.3921138258668293,4.7431581020355225
216021.6,4.762162804603577,0.0,4.751184701919556,-3.3921138258668293,4.7741405963897705
184331.8,4.793201446533203,0.0,4.782167434692383,-3.3921138258668293,4.805234670639038
192906.7,4.824209570884705,0.0,4.8132007122039795,-3.3921138258668293,4.837187767028809
192397.2,4.856287121772766,0.0,4.845211505889893,-3.3921138258668293,4.868332624435425
194045.8,4.887433171272278,0.0,4.876358270645142,-3.3921138258668293,4.899484395980835
174264.2,4.918517708778381,0.0,4.907502889633179,-3.3921138258668293,4.930571794509888
162932.2,4.949545860290527,0.0,4.938537836074829,-3.3921138258668293,4.9625232219696045
162993.8,4.981551766395569,0.0,4.9705259799957275,-3.3921138258668293,4.993587017059326
167135.5,5.012575268745422,0.0,5.001582384109497,-3.3921138258668293,5.024568557739258
170417.0,5.04365873336792,0.0,5.032680034637451,-3.3921138258668293,5.056634426116943
177672.2,5.075749635696411,0.0,5.064710378646851,-3.3921138258668293,5.0877885818481445
173913.0,5.106841206550598,0.0,5.095807075500488,-3.3921138258668293,5.119844436645508
176644.5,5.1388630867004395,0.0,5.127869606018066,-3.3921138258668293,5.150827169418335
163973.3,5.1699535846710205,0.0,5.158903360366821,-3.3921138258668293,5.181980133056641
170523.2,5.201060652732849,0.0,5.189971685409546,-3.3921138258668293,5.2131476402282715
180855.7,5.232227683067322,0.0,5.221219778060913,-3.3921138258668293,5.244204998016357
172608.7,5.26333224773407,0.0,5.252283096313477,-3.3921138258668293,5.275381326675415
173038.5,5.294383525848389,0.0,5.283346891403198,-3.3921138258668293,5.307417631149292
165777.8,5.326515316963196,0.0,5.315439939498901,-3.3921138258668293,5.338561058044434
167051.6,5.357589483261108,0.0,5.346555471420288,-3.3921138258668293,5.369622707366943
161771.6,5.388725161552429,0.0,5.377650022506714,-3.3921138258668293,5.400799989700317
168765.3,5.419911980628967,0.0,5.408795356750488,-3.3921138258668293,5.43203067779541
195052.3,5.451081037521362,0.0,5.440026044845581,-3.3921138258668293,5.463145017623901
171945.7,5.482151508331299,0.0,5.471144199371338,-3.3921138258668293,5.494128942489624
182998.2,5.513173460960388,0.0,5.50212287902832,-3.3921138258668293,5.52519154548645
203947.4,5.544226169586182,0.0,5.5331950187683105,-3.3921138258668293,5.556262493133545
188426.8,5.575306057929993,0.0,5.56425929069519,-3.3921138258668293,5.588321208953857
198665.4,5.60638153553009,0.0,5.595347166061401,-3.3921138258668293,5.619384527206421
192702.2,5.6384817361831665,0.0,5.6274094581604,-3.3921138258668293,5.65052604675293
202682.0,5.669529914855957,0.0,5.658524036407471,-3.3921138258668293,5.681511402130127
191818.2,5.7005650997161865,0.0,5.689530849456787,-3.3921138258668293,5.712573528289795
210495.0,5.731588244438171,0.0,5.720595121383667,-3.3921138258668293,5.7445807456970215
188802.8,5.763554692268372,0.0,5.752546310424805,-3.3921138258668293,5.7755351066589355
193959.7,5.794592618942261,0.0,5.7835588455200195,-3.3921138258668293,5.80660343170166
189949.8,5.825615406036377,0.0,5.814621448516846,-3.3921138258668293,5.837586164474487
190797.0,5.8566378355026245,0.0,5.845603942871094,-3.3921138258668293,5.869642496109009
175414.8,5.888269901275635,0.0,5.87766695022583,-3.3921138258668293,5.900848388671875
171493.2,5.919846177101135,0.0,5.908867359161377,-3.3921138258668293,5.931854248046875
165204.5,5.951868295669556,0.0,5.940819025039673,-3.3921138258668293,5.963887691497803
177898.8,5.9829325675964355,0.0,5.971882581710815,-3.3921138258668293,5.9949631690979
160854.1,6.014037847518921,0.0,6.0029473304748535,-3.3921138258668293,6.026104688644409
174803.2,6.0452094078063965,0.0,6.0341246128082275,-3.3921138258668293,6.057271242141724
186390.0,6.076407432556152,0.0,6.065372943878174,-3.3921138258668293,6.088411569595337
173789.6,6.107486724853516,0.0,6.096494436264038,-3.3921138258668293,6.120474100112915
182195.3,6.139469742774963,0.0,6.128474473953247,-3.3921138258668293,6.151455879211426
200186.0,6.170525074005127,0.0,6.159458160400391,-3.3921138258668293,6.182631254196167
203928.9,6.201685667037964,0.0,6.19062614440918,-3.3921138258668293,6.213776111602783
207258.8,6.232835054397583,0.0,6.221747159957886,-3.3921138258668293,6.244892358779907
208784.5,6.26397430896759,0.0,6.252886056900024,-3.3921138258668293,6.276068449020386
193167.1,6.295098423957825,0.0,6.284064054489136,-3.3921138258668293,6.3071019649505615
200378.4,6.3263938426971436,0.0,6.315291166305542,-3.3921138258668293,6.3384928703308105
211370.5,6.357611417770386,0.0,6.346575975418091,-3.3921138258668293,6.369640111923218
220379.6,6.3887821435928345,0.0,6.377747535705566,-3.3921138258668293,6.400791645050049
198277.5,6.419777870178223,0.0,6.408787488937378,-3.3921138258668293,6.432766437530518
206010.9,6.451769948005676,0.0,6.440792083740234,-3.3921138258668293,6.463749170303345
201429.9,6.483737468719482,0.0,6.472743988037109,-3.3921138258668293,6.49673056602478
197290.0,6.515718460083008,0.0,6.504724979400635,-3.3921138258668293,6.527719974517822
197513.3,6.547730803489685,0.0,6.536736965179443,-3.3921138258668293,6.559699296951294
201282.0,6.579681754112244,0.0,6.5686891078948975,-3.3921138258668293,6.591674327850342
205244.8,6.610777378082275,0.0,6.599701881408691,-3.3921138258668293,6.622829437255859
194926.3,6.641909241676331,0.0,6.63093113899231,-3.3921138258668293,6.654886484146118
184729.1,6.6739726066589355,0.0,6.662993907928467,-3.3921138258668293,6.686957359313965
199680.5,6.705537557601929,0.0,6.695028305053711,-3.3921138258668293,6.718015432357788
189692.3,6.737119436264038,0.0,6.726045608520508,-3.3921138258668293,6.749163866043091
188930.4,6.767722845077515,0.0,6.757188320159912,-3.3921138258668293,6.780233860015869
171690.1,6.798866391181946,0.0,6.788347482681274,-3.3921138258668293,6.811384677886963
169384.8,6.830373644828796,0.0,6.819381237030029,-3.3921138258668293,6.842365503311157
169692.4,6.862411141395569,0.0,6.851361274719238,-3.3921138258668293,6.874438524246216
166371.7,6.893531441688538,0.0,6.882538080215454,-3.3921138258668293,6.905499696731567
187164.2,6.924598693847656,0.0,6.913519859313965,-3.3921138258668293,6.936642408370972
189056.9,6.955824136734009,0.0,6.944749593734741,-3.3921138258668293,6.9688990116119385
178076.1,6.987007260322571,0.0,6.975972890853882,-3.3921138258668293,7.000041961669922
179955.8,7.018643260002136,0.0,7.008036375045776,-3.3921138258668293,7.030250072479248
199661.6,7.049321532249451,0.0,7.038246154785156,-3.3921138258668293,7.062367677688599
194143.0,7.080385327339172,0.0,7.06939172744751,-3.3921138258668293,7.093348026275635
215794.5,7.112419605255127,0.0,7.101424932479858,-3.3921138258668293,7.124413013458252
210154.1,7.143417239189148,0.0,7.132439374923706,-3.3921138258668293,7.155395030975342
244350.6,7.174577713012695,0.0,7.1635847091674805,-3.3921138258668293,7.186570405960083
265251.4,7.205662250518799,0.0,7.194535732269287,-3.3921138258668293,7.2177793979644775
238250.3,7.236898303031921,0.0,7.22577691078186,-3.3921138258668293,7.248990297317505
233157.3,7.268008232116699,0.0,7.257014751434326,-3.3921138258668293,7.279978275299072
221568.6,7.299049019813538,0.0,7.287966251373291,-3.3921138258668293,7.3111021518707275
216409.3,7.3312530517578125,0.0,7.320178508758545,-3.3921138258668293,7.343334913253784
209455.8,7.363444089889526,0.0,7.352407217025757,-3.3921138258668293,7.3754496574401855
221200.8,7.394642233848572,0.0,7.383525609970093,-3.3921138258668293,7.406763792037964
213686.1,7.425523161888123,0.0,7.414947509765625,-3.3921138258668293,7.438066482543945
221023.3,7.457136869430542,0.0,7.446143388748169,-3.3921138258668293,7.4691314697265625
205675.0,7.488245248794556,0.0,7.477126598358154,-3.3921138258668293,7.500337600708008
219084.0,7.519474267959595,0.0,7.508357763290405,-3.3921138258668293,7.531558275222778
200167.2,7.550602316856384,0.0,7.539559364318848,-3.3921138258668293,7.562655448913574
187869.1,7.581807255744934,0.0,7.570650100708008,-3.3921138258668293,7.593994617462158
201934.9,7.61297082901001,0.0,7.601966142654419,-3.3921138258668293,7.624948978424072
191518.2,7.643990516662598,0.0,7.632970809936523,-3.3921138258668293,7.657009840011597
209707.0,7.676084518432617,0.0,7.6650354862213135,-3.3921138258668293,7.688102960586548
223702.3,7.707168817520142,0.0,7.6960976123809814,-3.3921138258668293,7.7202417850494385
223617.6,7.738420009613037,0.0,7.727355003356934,-3.3921138258668293,7.751461029052734
194539.3,7.770539045333862,0.0,7.759448051452637,-3.3921138258668293,7.782630920410156
188338.7,7.801684856414795,0.0,7.790625095367432,-3.3921138258668293,7.813744068145752
179822.4,7.832733511924744,0.0,7.82174015045166,-3.3921138258668293,7.8447265625
199630.3,7.864761471748352,0.0,7.853724002838135,-3.3921138258668293,7.876821517944336
228988.3,7.896055102348328,0.0,7.88498067855835,-3.3921138258668293,7.908103942871094
216432.9,7.927189350128174,0.0,7.916207551956177,-3.3921138258668293,7.940167665481567
239674.5,7.958691358566284,0.0,7.948156356811523,-3.3921138258668293,7.971230983734131
226030.0,7.990366101264954,0.0,7.979331970214844,-3.3921138258668293,8.002370119094849
215682.8,8.021470546722412,0.0,8.010395765304565,-3.3921138258668293,8.033514976501465
201041.7,8.052601337432861,0.0,8.041510105133057,-3.3921138258668293,8.064661979675293
214746.5,8.08366596698761,0.0,8.072657585144043,-3.3921138258668293,8.095664262771606
215033.3,8.115649700164795,0.0,8.10464358329773,-3.3921138258668293,8.12762713432312
201517.7,8.146686553955078,0.0,8.135651350021362,-3.3921138258668293,8.158690214157104
200000.0,8.177694082260132,0.0,8.166685819625854,-3.3921138258668293,8.189678430557251
214908.0,8.208847403526306,0.0,8.19786548614502,-3.3921138258668293,8.220825910568237
238815.8,8.239934802055359,0.0,8.228899717330933,-3.3921138258668293,8.251968383789062
211646.6,8.271136403083801,0.0,8.26004695892334,-3.3921138258668293,8.283195734024048
237923.8,8.302308917045593,0.0,8.291221618652344,-3.3921138258668293,8.314366579055786
210461.5,8.33350920677185,0.0,8.322392225265503,-3.3921138258668293,8.345616579055786
237850.5,8.36484944820404,0.0,8.353715658187866,-3.3921138258668293,8.376949787139893
245913.5,8.396154761314392,0.0,8.385117292404175,-3.3921138258668293,8.408208847045898
246832.6,8.427263498306274,0.0,8.416172742843628,-3.3921138258668293,8.439323902130127
275094.8,8.458449006080627,0.0,8.447373867034912,-3.3921138258668293,8.470532655715942
233049.0,8.489557147026062,0.0,8.478517770767212,-3.3921138258668293,8.50158953666687
234042.5,8.52073061466217,0.0,8.509613752365112,-3.3921138258668293,8.532817840576172
234985.4,8.55186140537262,0.0,8.540812492370605,-3.3921138258668293,8.563887119293213
205481.9,8.582940340042114,0.0,8.571906089782715,-3.3921138258668293,8.594956159591675
208121.8,8.614581942558289,0.0,8.603937864303589,-3.3921138258668293,8.627201557159424
204667.9,8.6457279920578,0.0,8.635195970535278,-3.3921138258668293,8.658289909362793
205491.6,8.678248405456543,0.0,8.667254447937012,-3.3921138258668293,8.69027066230774
200671.1,8.708827495574951,0.0,8.69826602935791,-3.3921138258668293,8.721393585205078
211709.2,8.739489555358887,0.0,8.728496074676514,-3.3921138258668293,8.752459287643433
233264.5,8.771536827087402,0.0,8.76047658920288,-3.3921138258668293,8.783596515655518
192346.9,8.802663207054138,0.0,8.791685581207275,-3.3921138258668293,8.814640522003174
209467.5,8.833629250526428,0.0,8.822635650634766,-3.3921138258668293,8.845622301101685
208159.7,8.864683270454407,0.0,8.853648900985718,-3.3921138258668293,8.876694202423096
209098.6,8.896232008934021,0.0,8.885681867599487,-3.3921138258668293,8.908781290054321
190916.5,8.927871942520142,0.0,8.916828632354736,-3.3921138258668293,8.939903259277344
214402.9,8.958904385566711,0.0,8.947921514511108,-3.3921138258668293,8.970878601074219
210072.0,8.989866852760315,0.0,8.97887372970581,-3.3921138258668293,9.001859903335571
200548.5,9.021002650260925,0.0,9.009968042373657,-3.3921138258668293,9.033012866973877
219311.7,9.05213713645935,0.0,9.041047096252441,-3.3921138258668293,9.064223527908325
198297.9,9.0833420753479,0.0,9.072250604629517,-3.3921138258668293,9.095402240753174
217391.3,9.114461421966553,0.0,9.103426933288574,-3.3921138258668293,9.127495050430298
215650.6,9.146012544631958,0.0,9.135465383529663,-3.3921138258668293,9.158540487289429
216487.5,9.178536534309387,0.0,9.1675283908844,-3.3921138258668293,9.190516710281372
200174.8,9.209612369537354,0.0,9.198537349700928,-3.3921138258668293,9.22168517112732
206303.2,9.2406485080719,0.0,9.22965121269226,-3.3921138258668293,9.252638816833496
197043.5,9.27166736125946,0.0,9.26063346862793,-3.3921138258668293,9.283708095550537
194978.4,9.302802443504333,0.0,9.291727304458618,-3.3921138258668293,9.314847230911255
192939.3,9.333933472633362,0.0,9.322842597961426,-3.3921138258668293,9.345998764038086
189449.2,9.365194439888,0.0,9.354017734527588,-3.3921138258668293,9.377354860305786
176588.2,9.396592617034912,0.0,9.385440111160278,-3.3921138258668293,9.40874457359314
184661.2,9.42873752117157,0.0,9.417747497558594,-3.3921138258668293,9.440733671188354
157200.5,9.460745811462402,0.0,9.449752807617188,-3.3921138258668293,9.472715377807617
161426.7,9.492712378501892,0.0,9.481703042984009,-3.3921138258668293,9.504721403121948
170396.1,9.524684071540833,0.0,9.513696670532227,-3.3921138258668293,9.536705255508423
178080.2,9.55667507648468,0.0,9.545665979385376,-3.3921138258668293,9.568652868270874
158582.8,9.587782979011536,0.0,9.576764583587646,-3.3921138258668293,9.599799871444702
152254.3,9.618901133537292,0.0,9.607825517654419,-3.3921138258668293,9.630976676940918
161575.2,9.650034070014954,0.0,9.639052867889404,-3.3921138258668293,9.66202449798584
163739.8,9.682000756263733,0.0,9.671011686325073,-3.3921138258668293,9.693990468978882
169230.8,9.713978171348572,0.0,9.702985286712646,-3.3921138258668293,9.725972414016724
163533.8,9.745981454849243,0.0,9.734975099563599,-3.3921138258668293,9.757959604263306
175781.8,9.777953028678894,0.0,9.76696252822876,-3.3921138258668293,9.790939331054688
161505.3,9.810922622680664,0.0,9.79992961883545,-3.3921138258668293,9.822914838790894
161222.0,9.841903805732727,0.0,9.830910205841064,-3.3921138258668293,9.85390567779541
166358.6,9.872902035713196,0.0,9.861924409866333,-3.3921138258668293,9.884881019592285
158983.7,9.90387237071991,0.0,9.892875909805298,-3.3921138258668293,9.916862726211548
165426.4,9.935865998268127,0.0,9.924857139587402,-3.3921138258668293,9.94884967803955
153020.1,9.968831181526184,0.0,9.957838296890259,-3.3921138258668293,9.98083233833313
144887.9,10.00082814693451,0.0,9.98984956741333,-3.3921138258668293,10.012820959091187
167153.3,10.032798051834106,0.0,10.021801233291626,-3.3921138258668293,10.044793367385864
304112.8,10.065873980522156,0.0,10.054782390594482,-3.3921138258668293,10.077937364578247
213379.1,10.09795367717743,-0.024,10.086960077285767,-3.3921138258668293,10.109916925430298
173198.7,10.128935813903809,-0.072,10.117942571640015,-3.3921138258668293,10.141899108886719
165863.2,10.160943746566772,-0.128,10.149892807006836,-3.3921138258668293,10.172963857650757
159770.1,10.192026734352112,-0.18,10.180992364883423,-3.3921138258668293,10.204062461853027
151795.5,10.223118662834167,-0.232,10.212140321731567,-3.3921138258668293,10.236094236373901
161463.4,10.255098938941956,-0.284,10.244089841842651,-3.3921138258668293,10.268078327178955
159898.8,10.287067770957947,-0.336,10.276072263717651,-3.3921138258668293,10.300060272216797
149405.1,10.319048762321472,-0.392,10.308053016662598,-3.3921138258668293,10.332040786743164
162484.5,10.351029515266418,-0.444,10.340035676956177,-3.3921138258668293,10.364021301269531
166430.9,10.383082032203674,-0.496,10.372048139572144,-3.3921138258668293,10.395115375518799
156714.6,10.414644479751587,-0.552,10.404109954833984,-3.3921138258668293,10.427148818969727
166192.0,10.446236848831177,-0.604,10.435150861740112,-3.3921138258668293,10.458293437957764
157586.0,10.47739326953888,-0.656,10.466317892074585,-3.3921138258668293,10.4894380569458
146552.7,10.50898265838623,-0.708,10.49843144416809,-3.3921138258668293,10.521531343460083
148356.8,10.540143966674805,-0.76,10.52952766418457,-3.3921138258668293,10.552727222442627
154534.8,10.572219729423523,-0.812,10.560727596282959,-3.3921138258668293,10.584712028503418
141498.2,10.604713201522827,-0.868,10.59373426437378,-3.3921138258668293,10.61672329902649
158553.4,10.636683225631714,-0.92,10.62569260597229,-3.3921138258668293,10.648672580718994
154991.5,10.668678522109985,-0.972,10.657671928405762,-3.3921138258668293,10.680654764175415
149570.2,10.720646619796753,-1.0,10.709667921066284,-3.3921138258668293,10.733623027801514
115548.1,10.752711296081543,-1.0,10.741649389266968,-3.3921138258668293,10.764774322509766
99054.11,10.784772396087646,-1.0,10.773793458938599,-3.3921138258668293,10.796780109405518
131531.5,10.815752863883972,-1.0,10.80477499961853,-3.3921138258668293,10.827731370925903
130226.1,10.847277045249939,-1.0,10.83672571182251,-3.3921138258668293,10.859827995300293
140324.1,10.878940463066101,-1.0,10.867793798446655,-3.3921138258668293,10.891109466552734
136618.4,10.910262823104858,-1.0,10.899163961410522,-3.3921138258668293,10.922400712966919
143531.8,10.943464994430542,-1.0,10.932363748550415,-3.3921138258668293,10.95556640625
146704.3,10.976539492607117,-1.0,10.96553111076355,-3.3921138258668293,10.989515781402588
136866.4,11.011522650718689,-1.0,11.000540971755981,-3.3921138258668293,11.02450180053711
143437.2,11.045488953590393,-1.0,11.034494876861572,-3.3921138258668293,11.058482885360718
145600.0,11.0784672498703,-1.0,11.067476749420166,-3.3921138258668293,11.09046459197998
138803.9,11.110464453697205,-1.0,11.099458694458008,-3.3921138258668293,11.122469663619995
136867.5,11.142445921897888,-1.0,11.13144040107727,-3.3921138258668293,11.154424667358398
145717.0,11.17344081401825,-1.0,11.162447690963745,-3.3921138258668293,11.185434103012085
147206.7,11.204410195350647,-1.0,11.193429708480835,-3.3921138258668293,11.217385292053223
152292.7,11.236570000648499,-1.0,11.225460290908813,-3.3921138258668293,11.248672246932983
140605.5,11.267774105072021,-1.0,11.256699562072754,-3.3921138258668293,11.280822277069092
143364.6,11.299560546875,-1.0,11.288842678070068,-3.3921138258668293,11.311318635940552
135294.1,11.33127510547638,-1.0,11.320281028747559,-3.3921138258668293,11.34329867362976
142475.3,11.362261056900024,-1.0,11.351263999938965,-3.3921138258668293,11.375251293182373
145232.3,11.395238757133484,-1.0,11.384244680404663,-3.3921138258668293,11.407263994216919
144509.3,11.427219867706299,-1.0,11.416225671768188,-3.3921138258668293,11.439216613769531
132625.2,11.460200428962708,-1.0,11.449207067489624,-3.3921138258668293,11.473224639892578
145041.6,11.493212580680847,-1.0,11.482218980789185,-3.3921138258668293,11.506174802780151
140291.8,11.525240778923035,-1.0,11.514169454574585,-3.3921138258668293,11.537351369857788
145528.5,11.556866884231567,-1.0,11.546346426010132,-3.3921138258668293,11.56938624382019
147152.6,11.58844769001007,-1.0,11.577413082122803,-3.3921138258668293,11.600452899932861
149649.5,11.61963438987732,-1.0,11.608613729476929,-3.3921138258668293,11.631680727005005
154898.1,11.65172815322876,-1.0,11.64067530632019,-3.3921138258668293,11.663780212402344
163161.4,11.68349838256836,-1.0,11.67288613319397,-3.3921138258668293,11.695117950439453
176234.8,11.714880466461182,-1.0,11.704171180725098,-3.3921138258668293,11.72756028175354
168657.8,11.746620893478394,-1.0,11.735584735870361,-3.3921138258668293,11.758655786514282
157887.5,11.777669787406921,-1.0,11.76661992073059,-3.3921138258668293,11.7897207736969
163660.8,11.80992317199707,-1.0,11.798846960067749,-3.3921138258668293,11.822027683258057
157455.5,11.841002464294434,-1.0,11.829994678497314,-3.3921138258668293,11.853978633880615
161020.3,11.873970866203308,-1.0,11.862973690032959,-3.3921138258668293,11.885966062545776
156081.5,11.90595543384552,-1.0,11.894960641860962,-3.3921138258668293,11.91794466972351
166058.9,11.937933087348938,-1.0,11.926936388015747,-3.3921138258668293,11.950922727584839
176401.2,11.970911383628845,-1.0,11.959916830062866,-3.3921138258668293,11.98989987373352
155754.7,12.011887788772583,-1.0,12.00089406967163,-3.3921138258668293,12.023881196975708
185509.4,12.045868515968323,-1.0,12.034874439239502,-3.3921138258668293,12.057862520217896
162872.6,12.078852534294128,-1.0,12.067856311798096,-3.3921138258668293,12.091840505599976
166037.8,12.110848784446716,-1.0,12.099843502044678,-3.3921138258668293,12.123823642730713
172109.8,12.142868161201477,-1.0,12.131818771362305,-3.3921138258668293,12.154898643493652
176221.8,12.174971580505371,-1.0,12.163912296295166,-3.3921138258668293,12.187061548233032
182627.4,12.206241130828857,-1.0,12.195135831832886,-3.3921138258668293,12.218351602554321
182388.1,12.238326907157898,-1.0,12.227332830429077,-3.3921138258668293,12.250350713729858
185842.2,12.26943588256836,-1.0,12.25840139389038,-3.3921138258668293,12.281478643417358
159969.2,12.301042914390564,-1.0,12.290494203567505,-3.3921138258668293,12.313560485839844
165349.5,12.332580804824829,-1.0,12.321587562561035,-3.3921138258668293,12.344543218612671
163524.9,12.364546179771423,-1.0,12.353567838668823,-3.3921138258668293,12.376525640487671
166519.8,12.396517634391785,-1.0,12.385518550872803,-3.3921138258668293,12.40950894355774
173607.0,12.429492712020874,-1.0,12.418499231338501,-3.3921138258668293,12.44149398803711
164123.7,12.462477684020996,-1.0,12.451481103897095,-3.3921138258668293,12.475467681884766
175125.1,12.495467066764832,-1.0,12.484486103057861,-3.3921138258668293,12.507449388504028
198698.1,12.527438640594482,-1.0,12.516443014144897,-3.3921138258668293,12.539431095123291
183720.9,12.55858600139618,-1.0,12.547536134719849,-3.3921138258668293,12.57160496711731
181140.7,12.590612053871155,-1.0,12.579606771469116,-3.3921138258668293,12.602593898773193
172297.8,12.62174677848816,-1.0,12.610697031021118,-3.3921138258668293,12.633764743804932
212500.0,12.653809428215027,-1.0,12.642789840698242,-3.3921138258668293,12.6658296585083
188944.7,12.684873342514038,-1.0,12.673853874206543,-3.3921138258668293,12.696892976760864
198081.5,12.716978669166565,-1.0,12.705918312072754,-3.3921138258668293,12.72906756401062
182932.5,12.748725414276123,-1.0,12.738030910491943,-3.3921138258668293,12.760434627532959
182750.6,12.78003466129303,-1.0,12.769421815872192,-3.3921138258668293,12.792656183242798
187404.0,12.811702251434326,-1.0,12.800681352615356,-3.3921138258668293,12.823720455169678
168853.6,12.84373915195465,-1.0,12.832745552062988,-3.3921138258668293,12.855704545974731
172659.7,12.875705122947693,-1.0,12.864696025848389,-3.3921138258668293,12.888683080673218
172435.4,12.908685684204102,-1.0,12.897707462310791,-3.3921138258668293,12.921663284301758
169301.6,12.941667318344116,-1.0,12.930658340454102,-3.3921138258668293,12.953650951385498
190947.2,12.974652171134949,-1.0,12.963647842407227,-3.3921138258668293,12.98663330078125
193482.0,13.006644487380981,-1.0,12.99565052986145,-3.3921138258668293,13.019606828689575
181458.0,13.038625836372375,-1.0,13.027632236480713,-3.3921138258668293,13.050595998764038
173511.0,13.06960916519165,-1.0,13.058615922927856,-3.3921138258668293,13.082601308822632
184846.0,13.10156261920929,-1.0,13.090566158294678,-3.3921138258668293,13.113553524017334
178758.2,13.133678913116455,-1.0,13.122578144073486,-3.3921138258668293,13.145779132843018
185798.8,13.165422797203064,-1.0,13.154805898666382,-3.3921138258668293,13.178039073944092
184760.3,13.197232246398926,-1.0,13.186034679412842,-3.3921138258668293,13.209405660629272
204587.2,13.228403806686401,-1.0,13.217395067214966,-3.3921138258668293,13.2413809299469
203177.6,13.260441422462463,-1.0,13.249406337738037,-3.3921138258668293,13.272476196289062
214201.2,13.292465209960938,-1.0,13.281471014022827,-3.3921138258668293,13.30443525314331
194397.3,13.323557257652283,-1.0,13.312511444091797,-3.3921138258668293,13.335576057434082
193918.9,13.355559945106506,-1.0,13.344566345214844,-3.3921138258668293,13.367553472518921
182875.1,13.386720776557922,-1.0,13.375579595565796,-3.3921138258668293,13.398862838745117
186057.7,13.417977809906006,-1.0,13.406970024108887,-3.3921138258668293,13.429981470108032
155405.4,13.449972987174988,-1.0,13.438975811004639,-3.3921138258668293,13.462966442108154
160565.5,13.482951164245605,-1.0,13.471957445144653,-3.3921138258668293,13.495944499969482
191728.7,13.515934348106384,-1.0,13.50493860244751,-3.3921138258668293,13.527925252914429
169218.9,13.54792857170105,-1.0,13.536919355392456,-3.3921138258668293,13.559910535812378
169025.2,13.57991087436676,-1.0,13.568931341171265,-3.3921138258668293,13.59188723564148
171865.0,13.611968755722046,-1.0,13.600888967514038,-3.3921138258668293,13.624063730239868
185222.5,13.643111109733582,-1.0,13.632036447525024,-3.3921138258668293,13.65518593788147
181484.6,13.67533540725708,-1.0,13.664257049560547,-3.3921138258668293,13.687405824661255
165140.3,13.706531167030334,-1.0,13.695480585098267,-3.3921138258668293,13.719582319259644
161556.8,13.738723397254944,-1.0,13.727626085281372,-3.3921138258668293,13.7507905960083
166531.3,13.77001142501831,-1.0,13.758952379226685,-3.3921138258668293,13.78206992149353
171046.0,13.801129937171936,-1.0,13.7900972366333,-3.3921138258668293,13.813164710998535
189683.9,13.832664728164673,-1.0,13.822184324264526,-3.3921138258668293,13.8451406955719
169683.3,13.864146709442139,-1.0,13.853140830993652,-3.3921138258668293,13.876122236251831
178583.8,13.895682215690613,-1.0,13.885148286819458,-3.3921138258668293,13.908185005187988
192511.4,13.927289724349976,-1.0,13.916294813156128,-3.3921138258668293,13.939252138137817
186367.7,13.958296179771423,-1.0,13.947246313095093,-3.3921138258668293,13.970322847366333
189294.8,13.989493727684021,-1.0,13.978394031524658,-3.3921138258668293,14.00156307220459
194722.0,14.021148324012756,-1.0,14.009661674499512,-3.3921138258668293,14.033618927001953
181913.0,14.053609251976013,-1.0,14.042618751525879,-3.3921138258668293,14.065629243850708
169230.8,14.085587859153748,-1.0,14.074593782424927,-3.3921138258668293,14.09857988357544
166458.7,14.118587493896484,-1.0,14.107605457305908,-3.3921138258668293,14.130563974380493
185519.6,14.150564908981323,-1.0,14.139586687088013,-3.3921138258668293,14.16354489326477
166719.5,14.183617949485779,-1.0,14.172568798065186,-3.3921138258668293,14.195632934570312
153162.7,14.215232014656067,-1.0,14.204656600952148,-3.3921138258668293,14.226807594299316
162471.4,14.246446371078491,-1.0,14.235776424407959,-3.3921138258668293,14.25809121131897
133143.3,14.278090119361877,-1.0,14.26710844039917,-3.3921138258668293,14.29108452796936
153304.6,14.311081290245056,-1.0,14.300082445144653,-3.3921138258668293,14.323049306869507
138662.8,14.343042731285095,-1.0,14.332049131393433,-3.3921138258668293,14.355035305023193
165417.4,14.375024676322937,-1.0,14.364031791687012,-3.3921138258668293,14.388018131256104
164115.6,14.407015442848206,-1.0,14.396007299423218,-3.3921138258668293,14.4190034866333
154523.6,14.439037680625916,-1.0,14.427988290786743,-3.3921138258668293,14.451076984405518
174486.3,14.470605254173279,-1.0,14.460082769393921,-3.3921138258668293,14.483124256134033
169817.9,14.502329587936401,-1.0,14.491227626800537,-3.3921138258668293,14.514431238174438
180593.0,14.533470749855042,-1.0,14.522454738616943,-3.3921138258668293,14.546479225158691
182909.1,14.565579056739807,-1.0,14.554504156112671,-3.3921138258668293,14.57862401008606
180979.3,14.597734451293945,-1.0,14.586617469787598,-3.3921138258668293,14.609879732131958
185553.5,14.628976106643677,-1.0,14.617851495742798,-3.3921138258668293,14.641071319580078
183727.5,14.66107428073883,-1.0,14.650065422058105,-3.3921138258668293,14.673052787780762
174145.9,14.693111658096313,-1.0,14.682077407836914,-3.3921138258668293,14.705145597457886
189710.0,14.724242329597473,-1.0,14.71319317817688,-3.3921138258668293,14.73629117012024
215730.3,14.75676715373993,-1.0,14.745285749435425,-3.3921138258668293,14.769249439239502
184292.3,14.78835380077362,-1.0,14.777316808700562,-3.3921138258668293,14.80038833618164
205934.1,14.819554209709167,-1.0,14.808497190475464,-3.3921138258668293,14.831632137298584
196897.6,14.850605726242065,-1.0,14.839626789093018,-3.3921138258668293,14.863583326339722
186193.7,14.882630705833435,-1.0,14.871609687805176,-3.3921138258668293,14.894654273986816
223214.3,14.913668155670166,-1.0,14.902675151824951,-3.3921138258668293,14.925630569458008
205231.4,14.945731401443481,-1.0,14.934656381607056,-3.3921138258668293,14.957775115966797
189635.3,14.976876258850098,-1.0,14.965801239013672,-3.3921138258668293,14.988919973373413
198626.1,15.009084820747375,-1.0,14.998006105422974,-3.3921138258668293,15.021139144897461
204783.8,15.040224313735962,-1.0,15.029218435287476,-3.3921138258668293,15.05220365524292
181630.8,15.07224690914154,-1.0,15.061192512512207,-3.3921138258668293,15.084272861480713
177351.6,15.123424768447876,-1.0,15.092267036437988,-3.3921138258668293,15.155553102493286
198072.8,15.174718737602234,-1.0,15.163547992706299,-3.3921138258668293,15.186859130859375
213333.3,15.206736445426941,-1.0,15.196069717407227,-3.3921138258668293,15.21837329864502
217872.3,15.238498568534851,-1.0,15.227448225021362,-3.3921138258668293,15.25051736831665
209656.7,15.27006208896637,-1.0,15.258544206619263,-3.3921138258668293,15.28261113166809
248239.9,15.301597237586975,-1.0,15.290606498718262,-3.3921138258668293,15.313568353652954
211098.5,15.332607746124268,-1.0,15.321589469909668,-3.3921138258668293,15.345633506774902
227261.8,15.364686131477356,-1.0,15.353651762008667,-3.3921138258668293,15.376720666885376
218374.6,15.395834684371948,-1.0,15.38471508026123,-3.3921138258668293,15.40792179107666
200705.0,15.426939964294434,-1.0,15.41594648361206,-3.3921138258668293,15.43890905380249
235524.5,15.458921670913696,-1.0,15.447928190231323,-3.3921138258668293,15.470915079116821
258910.2,15.489889144897461,-1.0,15.478880643844604,-3.3921138258668293,15.501873970031738
242916.1,15.521869421005249,-1.0,15.510859966278076,-3.3921138258668293,15.533878326416016
295987.7,15.552856206893921,-1.0,15.541874647140503,-3.3921138258668293,15.565828561782837
236683.4,15.584987044334412,-1.0,15.573906421661377,-3.3921138258668293,15.597074031829834
254293.6,15.61617398262024,-1.0,15.605192184448242,-3.3921138258668293,15.62914752960205
236977.1,15.648190140724182,-1.0,15.637173414230347,-3.3921138258668293,15.661204099655151
269069.1,15.6798996925354,-1.0,15.669228076934814,-3.3921138258668293,15.692540884017944
257566.8,15.711544036865234,-1.0,15.700566530227661,-3.3921138258668293,15.723522663116455
243290.1,15.742569923400879,-1.0,15.73152470588684,-3.3921138258668293,15.75459098815918
223772.6,15.774194717407227,-1.0,15.76358699798584,-3.3921138258668293,15.786840915679932
264756.4,15.80597460269928,-1.0,15.794894456863403,-3.3921138258668293,15.818025350570679
207281.0,15.837125420570374,-1.0,15.826131105422974,-3.3921138258668293,15.849092721939087
218897.6,15.86863625049591,-1.0,15.858087539672852,-3.3921138258668293,15.881181478500366
266745.8,15.900213360786438,-1.0,15.88917875289917,-3.3921138258668293,15.91221809387207
248418.5,15.932228446006775,-1.0,15.921245813369751,-3.3921138258668293,15.944200038909912
245768.8,15.963259100914001,-1.0,15.952223300933838,-3.3921138258668293,15.975274562835693
303776.2,15.995281338691711,-1.0,15.984287738800049,-3.3921138258668293,16.00724458694458
254269.0,16.026415944099426,-1.0,16.015268802642822,-3.3921138258668293,16.038594484329224
260583.0,16.05807089805603,-1.0,16.04756498336792,-3.3921138258668293,16.070546627044678
269905.5,16.089690446853638,-1.0,16.0786554813385,-3.3921138258668293,16.101723670959473
252451.0,16.12125325202942,-1.0,16.110718727111816,-3.3921138258668293,16.133756160736084
241055.0,16.15288782119751,-1.0,16.141866445541382,-3.3921138258668293,16.16490387916565
245610.0,16.183953166007996,-1.0,16.172929763793945,-3.3921138258668293,16.19696617126465
243592.8,16.216079473495483,-1.0,16.20505952835083,-3.3921138258668293,16.228100299835205
255632.2,16.247199058532715,-1.0,16.2362060546875,-3.3921138258668293,16.260160207748413
268869.1,16.27920651435852,-1.0,16.268186569213867,-3.3921138258668293,16.291255474090576
263600.5,16.31027054786682,-1.0,16.29922127723694,-3.3921138258668293,16.322288990020752
252296.8,16.341432452201843,-1.0,16.3303165435791,-3.3921138258668293,16.35352325439453
270270.3,16.37257754802704,-1.0,16.361543893814087,-3.3921138258668293,16.38558602333069
290792.8,16.404586672782898,-1.0,16.393580675125122,-3.3921138258668293,16.41656994819641
251208.8,16.436163306236267,-1.0,16.4256694316864,-3.3921138258668293,16.448626041412354
271935.9,16.46772861480713,-1.0,16.45673418045044,-3.3921138258668293,16.47969079017639
235510.2,16.49881863594055,-1.0,16.48779821395874,-3.3921138258668293,16.51184320449829
227648.8,16.53100085258484,-1.0,16.519829988479614,-3.3921138258668293,16.54314160346985
234588.0,16.562241673469543,-1.0,16.551167249679565,-3.3921138258668293,16.574299097061157
235458.2,16.594273924827576,-1.0,16.583279132843018,-3.3921138258668293,16.606297731399536
262757.9,16.625272154808044,-1.0,16.614262580871582,-3.3921138258668293,16.63726234436035
245544.5,16.657238245010376,-1.0,16.646244525909424,-3.3921138258668293,16.66926097869873
277078.1,16.688722491264343,-1.0,16.678232431411743,-3.3921138258668293,16.701242446899414
239041.9,16.72040045261383,-1.0,16.709309816360474,-3.3921138258668293,16.73246192932129
235782.0,16.752004742622375,-1.0,16.741485357284546,-3.3921138258668293,16.76453185081482
262269.1,16.78358483314514,-1.0,16.772549629211426,-3.3921138258668293,16.79559588432312
243975.2,16.814661026000977,-1.0,16.803584098815918,-3.3921138258668293,16.826738357543945
321686.8,16.846726059913635,-1.0,16.835732221603394,-3.3921138258668293,16.858718395233154
332492.1,16.87787914276123,-1.0,16.8667414188385,-3.3921138258668293,16.890020847320557
326696.8,16.909159421920776,-1.0,16.89812445640564,-3.3921138258668293,16.921175718307495
360950.8,16.9407297372818,-1.0,16.930158376693726,-3.3921138258668293,16.95333957672119
336391.4,16.972354292869568,-1.0,16.961304426193237,-3.3921138258668293,16.984374046325684
319389.3,17.004421591758728,-1.0,16.993374824523926,-3.3921138258668293,17.01645016670227
308345.5,17.036455750465393,-1.0,17.02546238899231,-3.3921138258668293,17.048420190811157
328728.4,17.067739963531494,-1.0,17.056643962860107,-3.3921138258668293,17.0798282623291
319598.0,17.099094033241272,-1.0,17.087992906570435,-3.3921138258668293,17.111197471618652
349499.0,17.131227016448975,-1.0,17.120187997817993,-3.3921138258668293,17.14326524734497
346885.3,17.16327667236328,-1.0,17.152283191680908,-3.3921138258668293,17.175270080566406
354128.4,17.194284915924072,-1.0,17.18323516845703,-3.3921138258668293,17.206310987472534
414906.8,17.22591984272003,-1.0,17.215303897857666,-3.3921138258668293,17.238505125045776
333996.7,17.257508873939514,-1.0,17.246530294418335,-3.3921138258668293,17.269517421722412
334789.9,17.289113998413086,-1.0,17.278482675552368,-3.3921138258668293,17.300744771957397
300711.3,17.320862889289856,-1.0,17.30979895591736,-3.3921138258668293,17.332935333251953
340425.5,17.35193920135498,-1.0,17.340961456298828,-3.3921138258668293,17.363947868347168
335974.7,17.383931756019592,-1.0,17.37294316291809,-3.3921138258668293,17.39590573310852
347491.6,17.41490375995636,-1.0,17.403926134109497,-3.3921138258668293,17.426880836486816
324349.2,17.44700801372528,-1.0,17.435905694961548,-3.3921138258668293,17.45910930633545
328125.0,17.478153347969055,-1.0,17.467103481292725,-3.3921138258668293,17.49017310142517
303111.1,17.50971293449402,-1.0,17.49919819831848,-3.3921138258668293,17.522266626358032
332317.1,17.541324853897095,-1.0,17.53026294708252,-3.3921138258668293,17.553363800048828
308925.8,17.572486996650696,-1.0,17.561359882354736,-3.3921138258668293,17.58460259437561
308459.2,17.604684591293335,-1.0,17.59360980987549,-3.3921138258668293,17.61672830581665
325434.4,17.636842966079712,-1.0,17.625811338424683,-3.3921138258668293,17.648903369903564
354159.6,17.667942881584167,-1.0,17.656875371932983,-3.3921138258668293,17.680020332336426
380076.6,17.699079394340515,-1.0,17.68804430961609,-3.3921138258668293,17.711090564727783
319054.7,17.731168270111084,-1.0,17.720133066177368,-3.3921138258668293,17.743199825286865
300847.5,17.762325525283813,-1.0,17.751222610473633,-3.3921138258668293,17.77445936203003
324959.2,17.793529272079468,-1.0,17.782454252243042,-3.3921138258668293,17.805603742599487
329082.4,17.82559382915497,-1.0,17.814600944519043,-3.3921138258668293,17.837555170059204
264533.3,17.85656249523163,-1.0,17.845557689666748,-3.3921138258668293,17.86956787109375
284468.7,17.88856542110443,-1.0,17.87753939628601,-3.3921138258668293,17.90063166618347
359246.6,17.92058777809143,-1.0,17.909594297409058,-3.3921138258668293,17.932588577270508
279554.9,17.951807498931885,-1.0,17.940691232681274,-3.3921138258668293,17.96389865875244
376102.9,17.98299479484558,-1.0,17.971919298171997,-3.3921138258668293,17.995047092437744
292663.1,18.01460361480713,-1.0,18.00403904914856,-3.3921138258668293,18.027166843414307
313655.2,18.046295166015625,-1.0,18.035274267196655,-3.3921138258668293,18.058311700820923
328938.9,18.078315138816833,-1.0,18.06733727455139,-3.3921138258668293,18.090292930603027
330872.5,18.109313130378723,-1.0,18.09832000732422,-3.3921138258668293,18.121275186538696
360846.6,18.14085865020752,-1.0,18.13030219078064,-3.3921138258668293,18.15342354774475
374368.2,18.172510385513306,-1.0,18.16141963005066,-3.3921138258668293,18.184597730636597
361324.1,18.204670429229736,-1.0,18.193596363067627,-3.3921138258668293,18.216747283935547
332991.5,18.236788868904114,-1.0,18.225739240646362,-3.3921138258668293,18.24880838394165
314653.8,18.268004298210144,-1.0,18.25696873664856,-3.3921138258668293,18.280038118362427
362937.1,18.299188017845154,-1.0,18.288119316101074,-3.3921138258668293,18.31122660636902
341724.1,18.330315947532654,-1.0,18.319334268569946,-3.3921138258668293,18.343320846557617
350909.1,18.362293124198914,-1.0,18.351284980773926,-3.3921138258668293,18.375276565551758
343609.0,18.394331574440002,-1.0,18.383296012878418,-3.3921138258668293,18.40634298324585
491687.7,18.425354957580566,-1.0,18.41436195373535,-3.3921138258668293,18.438348531723022
416810.3,18.457417249679565,-1.0,18.44634222984314,-3.3921138258668293,18.469463348388672
411111.1,18.488584876060486,-1.0,18.477458715438843,-3.3921138258668293,18.5006844997406
432188.9,18.520807147026062,-1.0,18.509676933288574,-3.3921138258668293,18.532937049865723
405321.5,18.55295193195343,-1.0,18.541901350021362,-3.3921138258668293,18.565001249313354
556521.7,18.584148049354553,-1.0,18.57307767868042,-3.3921138258668293,18.596187353134155
417433.4,18.615248203277588,-1.0,18.60421347618103,-3.3921138258668293,18.62825059890747
667896.7,18.647395610809326,-1.0,18.636417150497437,-3.3921138258668293,18.65937304496765
475722.6,18.67850422859192,-1.0,18.667457103729248,-3.3921138258668293,18.690551042556763
617793.6,18.710135102272034,-1.0,18.699513912200928,-3.3921138258668293,18.722755432128906
457920.8,18.741806626319885,-1.0,18.73072600364685,-3.3921138258668293,18.753886938095093
431308.4,18.772931218147278,-1.0,18.761882543563843,-3.3921138258668293,18.784959077835083
468030.7,18.80405032634735,-1.0,18.792975664138794,-3.3921138258668293,18.816104888916016
385553.1,18.836169242858887,-1.0,18.825119495391846,-3.3921138258668293,18.848217248916626
373577.2,18.86719024181366,-1.0,18.85621213912964,-3.3921138258668293,18.87920045852661
384444.4,18.899295687675476,-1.0,18.8881938457489,-3.3921138258668293,18.911399126052856
387301.6,18.93039047718048,-1.0,18.919392108917236,-3.3921138258668293,18.943408250808716
341946.9,18.96252167224884,-1.0,18.951404809951782,-3.3921138258668293,18.974608659744263
351619.1,18.994250416755676,-1.0,18.98360586166382,-3.3921138258668293,19.00686287879944
347134.9,19.02558159828186,-1.0,19.01488947868347,-3.3921138258668293,19.038283109664917
246470.6,19.057355999946594,-1.0,19.04630732536316,-3.3921138258668293,19.069445371627808
339330.5,19.088480472564697,-1.0,19.077409267425537,-3.3921138258668293,19.100560665130615
340770.8,19.12066125869751,-1.0,19.109585762023926,-3.3921138258668293,19.132707118988037
363714.9,19.15227210521698,-1.0,19.141700983047485,-3.3921138258668293,19.164851665496826
389632.8,19.183855295181274,-1.0,19.1728777885437,-3.3921138258668293,19.195833683013916
383333.3,19.215393543243408,-1.0,19.204859018325806,-3.3921138258668293,19.227903842926025
394988.6,19.246983528137207,-1.0,19.236004114151,-3.3921138258668293,19.25896954536438
485639.7,19.278090715408325,-1.0,19.267041206359863,-3.3921138258668293,19.290119171142578
408144.8,19.375162363052368,-1.0,19.299134731292725,-3.3921138258668293,19.45318913459778
459740.3,19.472167015075684,-1.0,19.46116304397583,-3.3921138258668293,19.484148263931274
412560.4,19.504132866859436,-1.0,19.493141889572144,-3.3921138258668293,19.516153573989868
457908.9,19.536126136779785,-1.0,19.52511763572693,-3.3921138258668293,19.54910373687744
433591.7,19.568096041679382,-1.0,19.55709958076477,-3.3921138258668293,19.5810866355896
447754.2,19.600072860717773,-1.0,19.58907914161682,-3.3921138258668293,19.612066984176636
377062.4,19.632055163383484,-1.0,19.621060609817505,-3.3921138258668293,19.644078493118286
340972.2,19.665037870407104,-1.0,19.65404438972473,-3.3921138258668293,19.677029132843018
383587.8,19.696115493774414,-1.0,19.685055255889893,-3.3921138258668293,19.70917582511902
350433.3,19.72820734977722,-1.0,19.7171688079834,-3.3921138258668293,19.740238666534424
321451.1,19.75925838947296,-1.0,19.748265266418457,-3.3921138258668293,19.772223949432373
328025.5,19.791321635246277,-1.0,19.780246257781982,-3.3921138258668293,19.803396940231323
315866.1,19.82245123386383,-1.0,19.811360836029053,-3.3921138258668293,19.83451223373413
337049.2,19.854498505592346,-1.0,19.843504905700684,-3.3921138258668293,19.866491079330444
331987.6,19.887563705444336,-1.0,19.87648606300354,-3.3921138258668293,19.89964509010315
296666.7,19.9187490940094,-1.0,19.90772294998169,-3.3921138258668293,19.93179154396057
320385.3,19.950392723083496,-1.0,19.939784288406372,-3.3921138258668293,19.96301007270813
353125.0,19.9820294380188,-1.0,19.971036195755005,-3.3921138258668293,19.993997812271118
333222.6,20.012996315956116,-1.0,20.002018213272095,-3.3921138258668293,20.025978326797485
309305.8,20.04508101940155,-1.0,20.03403115272522,-3.3921138258668293,20.058130025863647
292613.6,20.07718324661255,-1.0,20.066123962402344,-3.3921138258668293,20.0892436504364
