"[89058.27327265762, 12040.569582213706]",0.46811044216156006,0,0.0019686222076416016,1.151563074339992,1.166853904724121
"[88919.51190730958, 12029.612769932019]",1.2004821300506592,0,1.166853904724121,1.1455137887429447,1.2351100444793701
"[88993.42389478232, 12029.2924686795]",1.271228551864624,0.0,1.238107442855835,1.1460425724489802,1.3073463439941406
"[89011.40330788931, 12034.124921372877]",1.341908574104309,0.0,1.3083460330963135,1.1519861013048205,1.3754711151123047
"[88998.09999999999, 12031.5]",1.4129632711410522,0.0,1.379443883895874,1.1509496852409906,1.4474809169769287
"[89004.13506202593, 12035.780536708051]",1.4821006059646606,0.0,1.4484798908233643,1.1451542158228405,1.515721321105957
"[88967.79999999999, 12026.499999999998]",1.5527393817901611,0.0,1.5197181701660156,1.1436736214459409,1.5867869853973389
"[88924.84494782928, 12030.568427957991]",1.6218606233596802,0.0,1.5887548923492432,1.1451965185193234,1.6549663543701172
"[88908.21161350196, 12031.912829733574]",1.6921247243881226,0.0,1.6589887142181396,1.1471424425575343,1.7252607345581055
"[88859.62149053726, 12035.000875021875]",1.7608932256698608,0.0,1.728247880935669,1.1447100375097705,1.7945387363433838
"[88907.222680567, 12038.00095002375]",1.8312394618988037,0.0,1.7985343933105469,1.1419180595419025,1.8649437427520752
"[88897.21132749451, 12032.91285573425]",1.9001810550689697,0.0,1.8669404983520508,1.1428487188645253,1.9334216117858887
"[88903.65588042936, 12041.36491002802]",1.9704667329788208,0.0,1.937387228012085,1.1381319682066877,2.0045454502105713
"[88936.0106398936, 12033.979660203398]",2.0396255254745483,0.0,2.006520986557007,1.1408181894333485,2.07375168800354
"[88853.68885368886, 12034.312034312035]",2.109797477722168,0.0,2.0767178535461426,1.1440543457142864,2.143876075744629
"[88834.4995104956, 12037.108333975008]",2.178938865661621,0.0,2.1458513736724854,1.1465079021102915,2.213027000427246
"[88854.14364530385, 12029.276673363487]",2.2490588426589966,0.0,2.2160229682922363,1.1454503346982203,2.283095598220825
"[88865.6993738831, 12037.325007775209]",2.3181720972061157,0.0,2.2850935459136963,1.1438005295353892,2.351250648498535
"[88815.61184388156, 12039.379606203938]",2.388273000717163,0.0,2.3552486896514893,1.143440956615285,2.422292709350586
"[88844.75458460086, 12035.464780225164]",2.456772804260254,0.0,2.423292398452759,1.1429756269539737,2.490253210067749
"[88888.56665989985, 12031.45266050587]",2.5274091958999634,0.0,2.4942197799682617,1.1486864909791583,2.5616281032562256
"[88943.13463523125, 12033.48880373129]",2.596674919128418,0.0,2.563626289367676,1.1439062862765965,2.62972354888916
"[88922.19999999998, 12040.099999999999]",2.666817545890808,0.0,2.6337521076202393,1.14707898851281,2.7008821964263916
"[88944.3236080902, 12033.400835020875]",2.7359871864318848,0.0,2.702882766723633,1.1468040209856716,2.7690916061401367
"[88886.21104148708, 12035.41292073594]",2.80616557598114,0.0,2.773064136505127,1.1436736214459409,2.8392670154571533
"[88913.20043760788, 12033.916610498989]",2.8744417428970337,0.0,2.841296434402466,1.144879248295702,2.9085865020751953
"[88875.82189554739, 12033.500837520936]",2.945243716239929,0.0,2.912552833557129,1.1424679945961795,2.9789342880249023
"[88921.95628303822, 12035.564782425212]",3.013993263244629,0.0,2.9809327125549316,1.1451542158228405,3.047053813934326
"[88935.71232852055, 12036.412946736615]",3.08410382270813,0.0,3.051081657409668,1.1400144382001745,3.1180968284606934
"[88936.61149289194, 12030.896247169976]",3.1533106565475464,0.0,3.120124578475952,1.1451542158228405,3.1864967346191406
"[88910.01089989101, 12034.679653203468]",3.2236318588256836,0.0,3.190493583679199,1.1412200650499356,3.2577426433563232
"[88913.62261796188, 12032.192515080242]",3.2927191257476807,0.0,3.259737968444824,1.1413469731393842,3.326730728149414
"[88871.55548622194, 12029.94811979248]",3.363415837287903,0.0,3.3307292461395264,1.1415161839253154,3.397102117538452
"[88848.53236477677, 12036.988887733307]",3.431835651397705,0.0,3.3990750312805176,1.14707898851281,3.465636730194092
"[88899.09999999999, 12031.5]",3.502779483795166,0.0,3.46960711479187,1.1449003996439433,3.5369479656219482
"[88867.41055267437, 12033.812879134857]",3.570975422859192,0.0,3.5379559993743896,1.1489826098545382,3.604995012283325
"[88876.02190054751, 12032.700817520437]",3.6420412063598633,0.0,3.6089606285095215,1.1461906318866704,3.676093816757202
"[88858.56602988663, 12031.052652105695]",3.711213707923889,0.0,3.6780974864959717,1.1493844854711253,3.745300531387329
"[88923.73385600784, 12031.980479707194]",3.7821613550186157,0.0,3.7492949962615967,1.1446254321168048,3.8160269260406494
"[88914.95565982265, 12031.448125792504]",3.850699782371521,0.0,3.817993640899658,1.1493421827746424,3.8844058513641357
"[88930.71069289307, 12029.579704202959]",3.921425461769104,0.0,3.888404130935669,1.1456195454841518,3.954446792602539
"[88895.29999999999, 12027.699999999999]",3.9895490407943726,0.0,3.9564456939697266,1.1439697403213207,4.0236523151397705
"[88882.03316879606, 12030.488731729563]",4.060604095458984,0.0,4.0276196002960205,1.146571356155016,4.094611883163452
"[88871.74405011315, 12026.476608962006]",4.129579663276672,0.0,4.096611022949219,1.1411989137016942,4.163548707962036
"[88835.9106872855, 12030.49624396995]",4.200026512145996,0.0,4.166545391082764,1.1435044106600094,4.2335076332092285
"[88869.26643119717, 12031.744380932572]",4.268487930297852,0.0,4.2355077266693115,1.1419180595419025,4.303461313247681
"[88898.42246056152, 12031.600790019751]",4.342439293861389,0.0,4.309459209442139,1.147882739745984,4.377418518066406
"[88919.24514263828, 12031.276719364545]",4.413899779319763,0.0,4.380415916442871,1.1465079021102915,4.449381351470947
"[88970.14631336521, 12025.176579061317]",4.484861969947815,0.0,4.451380491256714,1.1451753671710818,4.519343376159668
"[88929.4675188179, 12030.45263950543]",4.55631959438324,0.0,4.523343801498413,1.149913269177161,4.590294361114502
"[88906.54485053156, 12025.776592861635]",4.625778555870056,0.0,4.592293739318848,1.1436736214459409,4.660260915756226
"[88827.36537467287, 12025.35253240318]",4.696515083312988,0.0,4.663283109664917,1.1468674750303958,4.730741739273071
"[88879.51086728256, 12027.312710130464]",4.7648766040802,0.0,4.731771230697632,1.1500401772666096,4.7989819049835205
"[88879.34422491718, 12029.276673363487]",4.8356287479400635,0.0,4.802978992462158,1.1459156643595318,4.869247913360596
"[88837.17674353486, 12030.740614812295]",4.9043800830841064,0.0,4.871276617050171,1.1450484590816334,4.938483476638794
"[88868.78886878886, 12026.612026612027]",4.975541710853577,0.0,4.9424498081207275,1.142785264819801,5.009602069854736
"[88788.09999999999, 12027.0]",5.044803619384766,0.0,5.011631488800049,1.1449638536886677,5.078975200653076
"[88815.65394438677, 12030.864679022938]",5.114968776702881,0.0,5.082003593444824,1.1430602323469394,5.14893364906311
"[88820.53169276063, 12022.888549325186]",5.185036778450012,0.0,5.151931524276733,1.1435467133564923,5.219139099121094
"[88921.05626323778, 12028.364624021728]",5.255274057388306,0.0,5.222167730331421,1.144181253803735,5.289350748062134
"[88811.61188388117, 12028.07971920281]",5.324452519416809,0.0,5.291348457336426,1.143631318749458,5.358556747436523
"[88844.12150594409, 12025.192403078448]",5.395712614059448,0.0,5.362552165985107,1.1435255620082507,5.429872989654541
"[88796.71203287967, 12023.379766202339]",5.465016961097717,0.0,5.431872129440308,1.1483057667108127,5.499161243438721
"[88781.9307663384, 12022.988551725242]",5.53529417514801,0.0,5.502159833908081,1.1413469731393842,5.5694520473480225
"[88786.94209966829, 12021.876503159572]",5.603501081466675,0.0,5.5704262256622314,1.146571356155016,5.637578725814819
"[88760.51239487606, 12027.679723202767]",5.674732089042664,0.0,5.64154839515686,1.1453445779570133,5.7089221477508545
"[88753.76504518054, 12024.144289731477]",5.743071556091309,0.0,5.709916830062866,1.1489826098545382,5.777254819869995
"[88809.75381458392, 12022.164487618727]",5.814301013946533,0.0,5.781254053115845,1.1446888861615292,5.847347974777222
"[88814.4, 12022.499999999998]",5.882562160491943,0.0,5.849377870559692,1.1467617182891887,5.916717767715454
"[88786.64209276813, 12024.976574461214]",5.9528326988220215,0.0,5.919712781906128,1.1441389511072522,5.986952304840088
"[88776.06429735025, 12021.452450501461]",6.021576404571533,0.0,5.988951206207275,1.1444562213308735,6.055241107940674
"[88814.62036550914, 12029.400735018375]",6.092248558998108,0.0,6.059239149093628,1.1450061563851506,6.126253604888916
"[88774.2316134742, 12027.580413706206]",6.161230683326721,0.0,6.1282501220703125,1.1456195454841518,6.195242643356323
"[88769.21230787692, 12026.979730202698]",6.231287479400635,0.0,6.198209047317505,1.1435467133564923,6.265366554260254
"[88767.38767387674, 12020.120201202011]",6.300030589103699,0.0,6.267364263534546,1.1478404370495014,6.333697319030762
"[88734.07746815494, 12027.42405484811]",6.370771646499634,0.0,6.337669849395752,1.1441177997590106,6.404902935028076
"[88758.21241787582, 12024.37975620244]",6.439686894416809,0.0,6.406878232955933,1.1414738812288328,6.4735002517700195
"[88757.51242487576, 12023.379766202339]",6.51169228553772,0.0,6.478492259979248,1.1395068058423803,6.545892000198364
"[88743.87487749755, 12022.140442808857]",6.5800769329071045,0.0,6.546891450881958,1.142341086506731,6.614244222640991
"[88765.31234687653, 12024.47975520245]",6.650528430938721,0.0,6.617229461669922,1.1436101674012165,6.68483567237854
"[88744.64112674592, 12017.576404257297]",6.7190951108932495,0.0,6.685865879058838,1.1425102972926624,6.753301382064819
"[88798.31201687983, 12023.9797602024]",6.789964079856873,0.0,6.7572901248931885,1.1444985240273564,6.823638677597046
"[88768.75291256407, 12021.864481018582]",6.858688592910767,0.0,6.825666427612305,1.1454714860464619,6.892679452896118
"[88760.34264479703, 12026.368369157168]",6.929702162742615,0.0,6.896676778793335,1.1500613286148509,6.963729619979858
"[88769.69999999998, 12027.199999999999]",6.997858166694641,0.0,6.964752435684204,1.1470366858163272,7.03196382522583
"[88730.41826045651, 12023.300582514563]",7.068592548370361,0.0,7.035930156707764,1.151816890518889,7.102224826812744
"[88746.9, 12023.399999999998]",7.137398719787598,0.0,7.104251861572266,1.1476923776118113,7.17054557800293
"[88723.74064603486, 12021.876503159572]",7.208033084869385,0.0,7.1745100021362305,1.1473539560399486,7.241556167602539
"[88724.2632095274, 12023.252488302254]",7.276842832565308,0.0,7.243584156036377,1.1490460638992626,7.310101509094238
"[88815.24275058326, 12020.67647555894]",7.347090840339661,0.0,7.314067363739014,1.1427641134715596,7.381113767623901
"[88781.7980723653, 12015.716282893092]",7.415856242179871,0.0,7.383113145828247,1.1444139186343907,7.449599266052246
"[88816.22040551015, 12015.400385009625]",7.486618638038635,0.0,7.453596591949463,1.1433775025705608,7.520639896392822
"[88809.66500296506, 12020.852437901196]",7.555352330207825,0.0,7.522609233856201,1.1419180595419025,7.589061498641968
"[88808.69855657402, 12013.016234292218]",7.626138210296631,0.0,7.593058824539185,1.1399298328072087,7.660217523574829
"[88808.01046408371, 12020.79616636933]",7.694926500320435,0.0,7.662185192108154,1.14083934078159,7.728708028793335
"[88821.64289778665, 12019.576450258355]",7.7652870416641235,0.0,7.732680082321167,1.1429333242574908,7.798893690109253
"[88797.2, 12018.3]",7.833981275558472,0.0,7.80089259147644,1.1444139186343907,7.867069959640503
"[88758.61241387588, 12021.579784202158]",7.90422248840332,0.0,7.871067762374878,1.1475020154776385,7.9383485317230225
"[88762.39772315901, 12019.516351294322]",7.973534464836121,0.0,7.940352916717529,1.1470578371645686,8.007718801498413
"[88761.75275856069, 12020.06444141771]",8.04433000087738,0.0,8.011745691299438,1.1472058966022587,8.0779550075531
"[88707.50802763646, 12019.104324773522]",8.113068222999573,0.0,8.079922437667847,1.1513092581610949,8.147210836410522
"[88661.79999999999, 12015.499999999998]",8.183295249938965,0.0,8.150239706039429,1.1478615883977428,8.217350482940674
"[88705.99999999999, 12020.599999999999]",8.252056956291199,0.0,8.219350576400757,1.150124782659575,8.285739421844482
"[88676.61323386767, 12017.579824201759]",8.322930097579956,0.0,8.28976035118103,1.1513727122058193,8.357099771499634
"[88721.61278387217, 12016.579834201659]",8.392191767692566,0.0,8.359129905700684,1.143842832231872,8.426253080368042
"[88709.08547262399, 12018.52835203869]",8.462778329849243,0.0,8.430219650268555,1.1469097777268786,8.496376991271973
"[88687.55112612476, 12019.664432617516]",8.53150761127472,0.0,8.498350381851196,1.1447100375097705,8.565664529800415
"[88724.85194674283, 12016.164355615823]",8.60182237625122,0.0,8.568663597106934,1.1422564811137654,8.635979175567627
"[88735.24091054095, 12015.076346755975]",8.670930743217468,0.0,8.637948036193848,1.1423622378549725,8.704909563064575
"[88699.32089524627, 12017.784124488873]",8.741134762763977,0.0,8.707906723022461,1.1415584866217983,8.77536129951477
"[88721.72105204737, 12018.584130088911]",8.81053638458252,0.0,8.777390956878662,1.1406278272991757,8.843681812286377
"[88730.09999999999, 12017.199999999999]",8.880731582641602,0.0,8.847656011581421,1.140945097522797,8.914806365966797
"[88707.0129298707, 12022.47977520225]",8.948853015899658,0.0,8.915775537490845,1.1431448377399052,8.982930660247803
"[88733.68873368873, 12017.812017812017]",9.019450545310974,0.0,8.985928535461426,1.1429121729092495,9.052972555160522
"[88709.4, 12016.999999999998]",9.089118123054504,0.0,9.055972576141357,1.144583129420322,9.123262882232666
"[88700.71921150738, 12017.392278276453]",9.15935504436493,0.0,9.126261711120605,1.1488557017650898,9.19344711303711
"[88753.44376721884, 12016.660083300416]",9.228092789649963,0.0,9.195446491241455,1.1515207716435092,9.261722087860107
"[88734.75493901977, 12015.148060592242]",9.298869252204895,0.0,9.265711545944214,1.1491941233369525,9.332026958465576
"[88709.46612839839, 12018.636055908168]",9.367198467254639,0.0,9.334025144577026,1.1473962587364315,9.401371955871582
"[88674.05276268591, 12010.856141129834]",9.438035249710083,0.0,9.405344724655151,1.147565469522363,9.471716403961182
"[88676.56220780636, 12016.852353899432]",9.506725430488586,0.0,9.473744630813599,1.14752316682588,9.540677070617676
"[88670.5773411547, 12011.524023048047]",9.57680630683899,0.0,9.54370379447937,1.1482000099696055,9.610909223556519
"[88683.97367947358, 12014.840296805936]",9.645945072174072,0.0,9.612884044647217,1.1435255620082507,9.680034637451172
"[88613.24949148881, 12016.46436221597]",9.716038465499878,0.0,9.683000087738037,1.1446888861615292,9.750076293945312
"[88671.2960833295, 12016.916304493481]",9.785184621810913,0.0,9.7520751953125,1.14054322190621,9.818294048309326
"[88655.4, 12015.199999999999]",9.855283260345459,0.0,9.822261333465576,1.1427218107750767,9.88930630683899
"[88688.70770803103, 12013.70423297196]",9.924424648284912,0.0,9.891303300857544,1.1419180595419025,9.95854640007019
"[88687.7624430113, 12010.352217396565]",9.994605779647827,0.0,9.961543560028076,1.1475866208706043,10.028667688369751
"[88697.81302186978, 12008.87991120089]",10.063661932945251,0.0,10.030636072158813,1.1431236863916638,10.097686767578125
"[88648.52972794592, 12006.98010470157]",10.13373064994812,0.0,10.100708484649658,1.1421507243725582,10.167722463607788
"[88677.99620393167, 12012.616227092087]",10.202798247337341,0.0,10.169719696044922,1.1463598426726016,10.236845254898071
"[88696.45132192908, 12013.364294014467]",10.274003505706787,0.0,10.240843057632446,1.144435069982632,10.307163953781128
"[88696.11303886962, 12008.979910200898]",10.34229302406311,0.0,10.309162616729736,1.1441389511072522,10.376400232315063
"[88705.44187618628, 12003.46804855268]",10.41326117515564,0.0,10.380420446395874,1.1486230369344341,10.447070837020874
"[88648.10701781929, 12012.604214271641]",10.481122851371765,0.0,10.448100805282593,1.1496806043465053,10.515145063400269
"[88698.51917630681, 12004.992079873278]",10.55217981338501,0.0,10.519110441207886,1.1467617182891887,10.5862455368042
"[88694.19649553692, 12011.916214491861]",10.62080192565918,0.0,10.58823537826538,1.1517534364741648,10.65436577796936
"[88702.26610679831, 12002.936008808025]",10.691387295722961,0.0,10.658360958099365,1.1490883665957454,10.72541356086731
"[88694.21305786943, 12006.779932200678]",10.759666204452515,0.0,10.726436614990234,1.1491518206404696,10.793864488601685
"[88680.28492541358, 12008.828167735188]",10.829970359802246,0.0,10.79686164855957,1.1516476797329578,10.8640775680542
"[88740.41259587405, 12006.17993820062]",10.8990980386734,0.0,10.866077184677124,1.1495325449088152,10.932118892669678
"[88763.34268679762, 12001.568021952307]",10.969310402870178,0.0,10.936107873916626,1.1406701299956585,11.003482103347778
"[88749.38623833853, 12005.328101233925]",11.03868043422699,0.0,11.005511045455933,1.1431236863916638,11.071849822998047
"[88719.41280587195, 12007.17992820072]",11.108928084373474,0.0,11.075847148895264,1.14054322190621,11.142981767654419
"[88683.02078114547, 12003.284022988162]",11.177055358886719,0.0,11.143981218338013,1.1387665086539303,11.211130380630493
"[88738.7747754955, 12004.940098801975]",11.24825930595398,0.0,11.215099811553955,1.1407124326921414,11.281418800354004
"[88731.8436592183, 12000.0600003]",11.316440105438232,0.0,11.283418416976929,1.1437582268389064,11.350461959838867
"[88748.51251487486, 11997.28002719973]",11.387449502944946,0.0,11.354427099227905,1.1471635939057758,11.421502590179443
"[88761.96400124402, 12002.052043092905]",11.455551981925964,0.0,11.422475337982178,1.143990891669562,11.489627599716187
"[88744.79999999999, 11997.199999999999]",11.52668833732605,0.0,11.49362564086914,1.1492364260334353,11.560750961303711
"[88800.60961036336, 11997.603959267306]",11.594730854034424,0.0,11.561749696731567,1.1457041508771175,11.628712177276611
"[88801.87603752075, 11999.339986799736]",11.665905594825745,0.0,11.632677555084229,1.147925042442467,11.69913363456726
"[88740.88607683546, 12002.328044232841]",11.73426079750061,0.0,11.70113205909729,1.1503362961419894,11.768385410308838
"[88771.8203491256, 11999.891998271973]",11.805078744888306,0.0,11.772382736206055,1.1503785988384723,11.839805603027344
"[88759.92131944923, 12001.184008288059]",11.874407768249512,0.0,11.841803550720215,1.1463175399761187,11.907982587814331
"[88745.64372821864, 12000.260001300005]",11.94510293006897,0.0,11.912009239196777,1.1458522103148074,11.979220867156982
"[88705.16280841897, 12005.55211659445]",12.013739943504333,0.0,11.980220556259155,1.1439697403213207,12.047259330749512
"[88705.74023202533, 12000.676015548357]",12.085378408432007,0.0,12.052224159240723,1.1434198052670437,12.119525909423828
"[88676.9395696101, 12001.07602474857]",12.153700947761536,0.0,12.120518922805786,1.1430179296504566,12.187881708145142
"[88728.25202154447, 12000.164003608079]",12.22445261478424,0.0,12.191904783248901,1.1428698702127666,12.257998943328857
"[88675.2961553308, 12000.6160110882]",12.293075799942017,0.0,12.259998083114624,1.1418546054971783,12.327153205871582
"[88672.37539612936, 11997.631973951713]",12.364269256591797,0.0,12.331119298934937,1.1412835190946597,12.398387432098389
"[88717.09999999999, 11998.599999999999]",12.432644486427307,0.0,12.399417161941528,1.1433563512223195,12.466842889785767
"[88638.09774287969, 12000.60800547205]",12.504934906959534,0.0,12.471870422363281,1.1429544756057324,12.538968086242676
"[88599.8315989896, 11997.671986031915]",12.57309603691101,0.0,12.539997339248657,1.144287010544942,12.607221841812134
"[88631.10672881438, 11998.003966067423]",12.643896102905273,0.0,12.611219644546509,1.145323426608772,12.67759394645691
"[88624.89762407861, 11996.507968571717]",12.712387323379517,0.0,12.679592609405518,1.1501882367042995,12.74615216255188
"[88596.61403385966, 12003.579964200359]",12.782813787460327,0.0,12.750180006027222,1.1454080320017375,12.816447257995605
"[88549.1366301425, 12003.776086849997]",12.852556943893433,0.0,12.819468975067139,1.1516265283847162,12.886653184890747
"[88545.44799985598, 12002.764060809337]",12.923964023590088,0.0,12.8906409740448,1.1480096478354327,12.957287073135376
"[88538.5936946865, 12002.916052488945]",12.992250919342041,0.0,12.959285736083984,1.1491729719887112,13.02621603012085
"[88561.34834966369, 12002.264049809095]",13.063214778900146,0.0,13.030222415924072,1.1431448377399052,13.097177028656006
"[88579.81420185798, 12003.179968200318]",13.131516456604004,0.0,13.098205327987671,1.145133064474599,13.165824174880981
"[88587.24293621468, 12000.260001300005]",13.20260226726532,0.0,13.168791055679321,1.1432505944811122,13.236416101455688
"[88564.44841786519, 11998.563968407305]",13.271445512771606,0.0,13.238439321517944,1.147332804691707,13.305452823638916
"[88615.59999999999, 12003.8]",13.341678619384766,0.0,13.308450937271118,1.1451119131263576,13.37593388557434
"[88635.22952844293, 12002.18003270049]",13.410018920898438,0.0,13.376909255981445,1.1445619780720806,13.444127559661865
"[88645.67510242613, 12003.332036652404]",13.481688141822815,0.0,13.448093891143799,1.1413258217911426,13.514252662658691
"[88683.99999999999, 12001.3]",13.549314498901367,0.0,13.51625108718872,1.1451119131263576,13.583364486694336
"[88610.013899861, 12000.17999820002]",13.620365500450134,0.0,13.587343692779541,1.1420026649348682,13.654417037963867
"[88663.78461190763, 11996.327930230675]",13.689598560333252,0.0,13.656416416168213,1.1448580969474604,13.722780704498291
"[88578.23146938882, 11998.071988431931]",13.760002136230469,0.0,13.726778507232666,1.1440120430178036,13.793225765228271
"[88586.23748346212, 11995.275891345502]",13.828465819358826,0.0,13.795220375061035,1.1389780221363446,13.861711263656616
"[88673.56214480504, 12000.252005292112]",13.898868203163147,0.0,13.865684509277344,1.1495536962570567,13.933056592941284
"[88678.50753462808, 11998.803979667653]",13.967204809188843,0.0,13.93405032157898,1.1467405669409474,14.001367807388306
"[88674.41325586745, 11996.980030199698]",14.038424849510193,0.0,14.005387783050537,1.152261068831959,14.071461915969849
"[88639.47503422537, 11998.3319816518]",14.106956720352173,0.0,14.073460817337036,1.1513515608575777,14.14045262336731
"[88643.70694301803, 11997.303954167219]",14.177604794502258,0.0,14.144450902938843,1.1517534364741648,14.21175742149353
"[88712.12909109819, 11994.587870108882]",14.245920777320862,0.0,14.212787628173828,1.1498286637841952,14.280071496963501
"[88606.2379434727, 11996.075909745923]",14.316222071647644,0.0,14.283061504364014,1.1472693506469829,14.35035753250122
"[88639.26142448992, 11993.351860389068]",14.385361194610596,0.0,14.352380514144897,1.1478615883977428,14.419312715530396
"[88628.22707744986, 11995.887901309632]",14.45548415184021,0.0,14.422340869903564,1.1441389511072522,14.489597797393799
"[88641.31358686414, 11997.580024199759]",14.524609088897705,0.0,14.491626501083374,1.1396337139318287,14.55855679512024
"[88664.55062011364, 11992.163827604207]",14.594618678092957,0.0,14.561585426330566,1.139295292359966,14.628682374954224
"[88652.41347586525, 11992.780072199279]",14.663784742355347,0.0,14.63068151473999,1.1367782819192365,14.697864055633545
"[88581.52595662297, 11995.58789410946]",14.73493766784668,0.0,14.701863288879395,1.1407758867368656,14.769011735916138
"[88589.79461630309, 11992.31586168551]",14.804494857788086,0.0,14.771011352539062,1.1414104271841083,14.83797836303711
"[88582.30589920028, 11987.003779064244]",14.875106930732727,0.0,14.842005729675293,1.1423833892032138,14.909207582473755
"[88509.9, 11999.3]",14.94323444366455,0.0,14.910207271575928,1.144985005036909,14.977261543273926
"[88524.41475585244, 11994.380056199438]",15.013888955116272,0.0,14.981227159500122,1.1511400473751636,15.04755163192749
"[88510.61489385106, 11996.880031199687]",15.082663893699646,0.0,15.049519300460815,1.1481365559248813,15.116808891296387
"[88502.58154904944, 11995.92792263053]",15.154801964759827,0.0,15.120805978775024,1.1509919879374735,15.188797950744629
"[88537.88221976218, 11989.227795328112]",15.22326385974884,0.0,15.189767122268677,1.1507593231068178,15.256760597229004
"[88611.20639050864, 11993.503889566122]",15.293824315071106,0.0,15.26072382926941,1.1493844854711253,15.327964067459106
"[88584.69452450145, 11993.715886885964]",15.361986517906189,0.0,15.328963994979858,1.1474174100846728,15.396008968353271
"[88551.7, 11996.699999999999]",15.433201313018799,0.0,15.399975538253784,1.1485595828897097,15.467458248138428
"[88527.09999999999, 11988.6]",15.501492500305176,0.0,15.468432426452637,1.1446888861615292,15.535553216934204
"[88493.56987139743, 11990.539810796216]",15.57258141040802,0.0,15.539568424224854,1.1446677348132877,15.606626749038696
"[88446.81553184468, 11992.980070199299]",15.641001224517822,0.0,15.607625722885132,1.1422564811137654,15.67538571357727
"[88481.91204780119, 11995.899897497437]",15.711249947547913,0.0,15.67838454246521,1.1396337139318287,15.745084524154663
"[88504.0885040885, 11993.611993611994]",15.780364751815796,0.0,15.74711298942566,1.1388934167433789,15.813616514205933
"[88453.54989614864, 11994.955934427147]",15.872189164161682,0.0,15.818642616271973,1.1376243358488936,15.926712989807129
"[88494.21505784943, 11989.280107198929]",15.981979608535767,0.0,15.928711652755737,1.1404586165132442,16.03624677658081
"[88475.02340056162, 11990.98778370681]",16.072407484054565,0.0,16.039276123046875,1.1390626275293103,16.10653591156006
"[88514.40137443575, 11990.011740305248]",16.14218235015869,0.0,16.108531951904297,1.1408816434780729,16.175832748413086
"[88501.74703843484, 11993.463856204835]",16.21329641342163,0.0,16.179830312728882,1.1468886263786373,16.24676251411438
"[88541.03644383821, 11990.575783243014]",16.28191077709198,0.0,16.248767614364624,1.1460637237972218,16.316060543060303
"[88522.69670427033, 11990.107910971199]",16.352332592010498,0.0,16.319082975387573,1.1456618481806347,16.386593103408813
"[88514.02771041566, 11987.479812197182]",16.421602487564087,0.0,16.388620376586914,1.1442024051519764,16.455551385879517
"[88498.75847392796, 11985.651698685673]",16.492034673690796,0.0,16.45855712890625,1.1459579670560145,16.525512218475342
"[88486.22729340939, 11990.379855697835]",16.56050968170166,0.0,16.527517557144165,1.1456618481806347,16.594472646713257
"[88493.53535131308, 11985.775672840477]",16.631991982460022,0.0,16.598469257354736,1.14767122626357,16.666513681411743
"[88504.7585999306, 11988.851765887084]",16.701008558273315,0.0,16.66751217842102,1.1495325449088152,16.735504150390625
"[88585.49180827882, 11984.123571336426]",16.771482944488525,0.0,16.738502025604248,1.1418546054971783,16.805463790893555
"[88555.53677734587, 11987.875721141587]",16.840485215187073,0.0,16.80746364593506,1.1426795080785939,16.874477863311768
"[88561.66273995288, 11989.443873326481]",16.910569429397583,0.0,16.877506017684937,1.146571356155016,16.94463610649109
"[88550.22520540493, 11988.8877333056]",16.97975492477417,0.0,16.946632385253906,1.1468040209856716,17.012877464294434
"[88531.31468685315, 11991.680083199168]",17.05135476589203,0.0,17.017873525619507,1.143779378187148,17.08483600616455
"[88529.85912704167, 11987.151730186335]",17.11984634399414,0.0,17.086865186691284,1.1428698702127666,17.153826236724854
"[88530.27060541211, 11991.439828796576]",17.190565943717957,0.0,17.15779209136963,1.142193027069041,17.224337816238403
"[88549.6251910046, 11991.987807707386]",17.2593275308609,0.0,17.226362228393555,1.1397183193247944,17.293292760849
"[88536.45414581658, 11987.947951791808]",17.330774307250977,0.0,17.29729723930359,1.1407758867368656,17.364251375198364
"[88582.32597582342, 11981.88756530157]",17.399234533309937,0.0,17.366257190704346,1.1434198052670437,17.43321132659912
"[88543.16251795023, 11985.54382652592]",17.470327854156494,0.0,17.43720841407776,1.1446888861615292,17.50344729423523
"[88569.40280447292, 11986.111638902612]",17.538414239883423,0.0,17.50544571876526,1.1472058966022587,17.572378635406494
"[88523.39671057039, 11988.50789657107]",17.608938932418823,0.0,17.575374364852905,1.1502305394007823,17.64250349998474
"[88522.33601372832, 11984.775649839945]",17.677501440048218,0.0,17.644509315490723,1.1523456742249247,17.711464643478394
"[88497.8, 11987.199999999999]",17.74944019317627,0.0,17.716458320617676,1.14767122626357,17.78342318534851
"[88523.72456938967, 11989.487747705945]",17.81841552257538,0.0,17.78545045852661,1.1530013660204088,17.85238218307495
"[88540.21350533763, 11981.399534988375]",17.88852369785309,0.0,17.85538625717163,1.1483480694072956,17.922701835632324
"[88501.48152814903, 11986.527744027137]",17.95765793323517,0.0,17.92467713356018,1.148369220755537,17.99163818359375
"[88531.93944715225, 11983.867774148839]",18.028639435768127,0.0,17.99565815925598,1.1454503346982203,18.062591075897217
"[88465.47312020432, 11984.63183095014]",18.097652316093445,0.0,18.064589262008667,1.1443716159379078,18.131714344024658
"[88501.97352170873, 11984.931834250176]",18.16880452632904,0.0,18.135740518569946,1.1429756269539737,18.202868461608887
"[88532.92479019497, 11983.587606102546]",18.23783254623413,0.0,18.204867362976074,1.141093156960487,18.271798133850098
"[88544.59999999999, 11987.1]",18.308795928955078,0.0,18.275803089141846,1.143737075490665,18.342787742614746
"[88564.29999999999, 11987.0]",18.37680745124817,0.0,18.34378695487976,1.1423833892032138,18.41082787513733
"[88498.54696803329, 11980.763576798689]",18.448063850402832,0.0,18.414793729782104,1.141495032577074,18.4823637008667
"[88517.61482385176, 11984.780152198478]",18.51635754108429,0.0,18.483332633972168,1.144223556500218,18.550381660461426
"[88460.746136415, 11983.663640600093]",18.587361454963684,0.0,18.55437922477722,1.1452599725640475,18.62136721611023
"[88549.0770981542, 11983.723967447935]",18.656342387199402,0.0,18.623364686965942,1.1443927672861491,18.690303087234497
"[88512.93579752334, 11988.975746442167]",18.726293444633484,0.0,18.693300247192383,1.1490883665957454,18.760286331176758
"[88498.82748241223, 11987.279809197138]",18.795419812202454,0.0,18.762285232543945,1.1467405669409474,18.829524517059326
"[88469.24234621173, 11987.459937299685]",18.866559624671936,0.0,18.83351969718933,1.149321031426401,18.900599241256714
"[88476.82344376265, 11984.987639703353]",18.936046838760376,0.0,18.902565717697144,1.1471847452540171,18.97052836418152
"[88503.0885030885, 11979.21197921198]",19.006590008735657,0.0,18.973524808883667,1.1456406968323933,19.040683031082153
"[88482.4120603015, 11984.099602490061]",19.075745463371277,0.0,19.04268169403076,1.141981513586627,19.108809232711792
"[88520.01479985201, 11976.680233197669]",19.145813941955566,0.0,19.112775325775146,1.1434621079635265,19.179827451705933
"[88489.40072441884, 11980.211485498623]",19.214887499809265,0.0,19.18182635307312,1.1449638536886677,19.248921394348145
"[88424.59903957503, 11985.31161810207]",19.284944653511047,0.0,19.25194811820984,1.143440956615285,19.31894016265869
"[88442.45376981508, 11982.147928591714]",19.35394287109375,0.0,19.320961713790894,1.1443504645896663,19.38789463043213
"[88398.09999999999, 11976.199999999999]",19.423984169960022,0.0,19.390921115875244,1.144329313241425,19.45804738998413
"[88468.63477859991, 11981.775580838359]",19.49321746826172,0.0,19.46004629135132,1.143292897177595,19.52738857269287
"[88459.11540884593, 11981.58018419816]",19.565406441688538,0.0,19.53238558769226,1.1410085515675212,19.599427700042725
"[88423.57265929924, 11983.13181444996]",19.63440704345703,0.0,19.601426601409912,1.1402048003343472,19.668386697769165
"[88446.83427718838, 11979.175521036985]",19.704866528511047,0.0,19.671385765075684,1.1425102972926624,19.73834729194641
"[88411.81458903343, 11981.09169746716]",19.773342490196228,0.0,19.74034547805786,1.1459368157077732,19.807339906692505
"[88392.6330305597, 11976.675463535661]",19.845293283462524,0.0,19.81230616569519,1.1481577072731226,19.879270315170288
"[88420.51051276282, 11984.699617490438]",19.914748191833496,0.0,19.88126492500305,1.1487287936756412,19.94823145866394
"[88415.44513979307, 11984.36365600043]",19.985212564468384,0.0,19.952229022979736,1.1455137887429447,20.01919436454773
"[88399.09999999999, 11980.499999999998]",20.054184794425964,0.0,20.02119255065918,1.145429183349979,20.088178157806396
"[88315.78968421431, 10189.583412501424]",20.131136894226074,0.0,20.09817123413086,1.1474597127811557,20.16613221168518
"[88212.77604274481, 10205.09389678404]",20.208083391189575,-0.116,20.175101280212402,1.1473116533434657,20.24206519126892
"[88738.91982271717, 10282.064513032208]",20.283552646636963,-0.292,20.250083446502686,1.149913269177161,20.31702184677124
"[89526.21147180648, 10396.887143968592]",20.35952055454254,-0.472,20.326040267944336,1.1449427023404262,20.393000841140747
"[90346.04553672859, 10537.668602697642]",20.435100555419922,-0.648,20.40199613571167,1.1472693506469829,20.468204975128174
"[91501.47252208782, 10689.46034190513]",20.51023542881012,-0.824,20.477168083190918,1.1465079021102915,20.544326066970825
"[92453.87926206819, 10860.373765980255]",20.585275769233704,-1.0,20.552299737930298,1.1446042807685635,20.61925196647644
"[93707.30560958413, 11056.465846987703]",20.662230968475342,-1.176,20.629254579544067,1.1433140485258366,20.69620704650879
"[94947.81916510664, 11264.780236483784]",20.73768413066864,-1.356,20.704204082489014,1.14054322190621,20.771164178848267
"[96171.84257763866, 11489.07233608504]",20.814139246940613,-1.532,20.781157732009888,1.1429333242574908,20.848121166229248
"[97623.36197379159, 11716.487463799422]",20.889653086662292,-1.712,20.856146335601807,1.1408604921298313,20.92315983772278
"[98933.78187429186, 11947.503107552828]",20.965176820755005,-1.888,20.93215250968933,1.14039516246852,20.99922776222229
"[99926.49889748346, 12175.382630739461]",21.040204644203186,-2.064,21.007222890853882,1.1440543457142864,21.074185609817505
"[101276.51914778721, 12402.286034290515]",21.115228533744812,-2.24,21.082181930541992,1.1433563512223195,21.149275541305542
"[102464.53696805451, 12623.189347840218]",21.190807104110718,-2.412,21.15730047225952,1.1507381717585765,21.224313735961914
"[103648.65837853406, 12833.305332885326]",21.266302943229675,-2.588,21.233337879180908,1.1496806043465053,21.300267934799194
"[104789.78142628423, 13041.921712669115]",21.342259168624878,-2.764,21.3092622756958,1.1507804744550594,21.376224279403687
"[105931.69490711851, 13247.511960191365]",21.417707324028015,-2.944,21.38423180580139,1.1491941233369525,21.45118284225464
"[107088.60632909492, 13447.301709525644]",21.493170976638794,-3.12,21.46020483970642,1.1508439284997836,21.527137279510498
"[107742.72388358213, 13639.718235491768]",21.56912934780121,-3.296,21.536132097244263,1.1471424425575343,21.603094816207886
"[108517.62776441645, 13823.907358610379]",21.645073533058167,-3.476,21.61209511756897,1.1432082917846293,21.679057836532593
"[109406.75050800813, 14016.424262788205]",21.721057653427124,-3.652,21.688076496124268,1.1463598426726016,21.755008459091187
"[110009.54013356187, 14198.498778982907]",21.7961767911911,-3.828,21.76300358772278,1.140289405727313,21.830321311950684
"[110657.65986489797, 14369.315539733097]",21.871851444244385,-4.004,21.838314056396484,1.137201308884065,21.906392574310303
"[111168.00102401843, 14528.161506907123]",21.94757890701294,-4.18,21.914350748062134,1.1399721355036916,21.98180627822876
"[111595.67393510901, 14678.32017480262]",22.02286982536316,-4.356,21.989890575408936,1.1392741410117246,22.05684518814087
"[111734.89949329138, 14830.15211258591]",22.098838090896606,-4.532,22.065874576568604,1.141537335273557,22.132801294326782
"[112324.68487027305, 14980.824712370684]",22.174293160438538,-4.712,22.140828132629395,1.1443504645896663,22.20775818824768
"[112731.91644257952, 15124.557117470995]",22.250751733779907,-4.888,22.21778392791748,1.1447523402062534,22.28471541404724
"[113017.80828493257, 15260.644170306725]",22.326703429222107,-5.068,22.293712377548218,1.1466982642444645,22.360676050186157
"[113350.58690821673, 15390.71547001658]",22.40214443206787,-5.244,22.368663787841797,1.1450696104298748,22.435625076293945
"[113529.58941425181, 15529.21740904373]",22.47761857509613,-5.42,22.44462275505066,1.1495959989535396,22.511587858200073
"[113740.81985311765, 15678.150850413607]",22.553070783615112,-5.596,22.519603729248047,1.150124782659575,22.58753728866577
"[114352.60093641312, 15831.321638502941]",22.629514694213867,-5.772,22.596534490585327,1.1465502048067744,22.663493871688843
"[114469.71704575568, 15846.437696565446]",22.705485939979553,-5.952,22.672488689422607,1.1486230369344341,22.7394540309906
"[113598.47678019814, 19442.052746685706]",22.780926942825317,-6.0,22.747446537017822,1.1400144382001745,22.814407348632812
"[113370.94764463877, 19376.203781298314]",22.857414960861206,-6.0,22.82443332672119,1.1445196753755977,22.891366958618164
"[113042.67825606953, 19333.215999295997]",22.93234145641327,-6.0,22.899362564086914,1.1461906318866704,22.966319799423218
"[112688.69033035495, 19300.089501342518]",23.008299589157104,-6.0,22.975314617156982,1.1439697403213207,23.041284561157227
"[112323.14504806134, 19250.13900389211]",23.083755254745483,-6.0,23.050273418426514,1.1427641134715596,23.11823534965515
"[112073.46561624356, 19227.723009906218]",23.160708785057068,-6.0,23.12722897529602,1.143187140436388,23.195191860198975
"[111850.13180369051, 19196.337497449927]",23.23616647720337,-6.0,23.2031888961792,1.1424256918996967,23.270143508911133
"[111606.88393116069, 19164.908350916492]",23.31212067604065,-6.0,23.278146743774414,1.1450484590816334,23.346101760864258
"[111408.45098592169, 19139.321065063432]",23.387588024139404,-6.0,23.35409641265869,1.1431448377399052,23.422056674957275
"[111196.33358900077, 19118.057354172062]",23.46454882621765,-6.0,23.431052684783936,1.1418969081936612,23.498044967651367
"[111057.55480576729, 19100.467406543692]",23.54000437259674,-6.0,23.507006883621216,1.1467194155927058,23.573975324630737
"[110824.54896462618, 19080.638854693658]",23.61494529247284,-6.0,23.581964015960693,1.1474385614329143,23.648924827575684
"[110595.21654738202, 19051.90957100528]",23.68992257118225,-6.0,23.656925439834595,1.1460002697524974,23.72391414642334
"[110410.99999999999, 19030.1]",23.76585841178894,-6.0,23.732877492904663,1.1422353297655239,23.799842834472656
"[110305.772140405, 19013.433094031658]",23.84081518650055,-6.0,23.80783438682556,1.1448580969474604,23.87479567527771
"[110263.97712738244, 18992.012784345177]",23.91680419445038,-6.0,23.883822441101074,1.1421295730243168,23.950752019882202
"[110096.42212128667, 18979.017538385844]",23.992729425430298,-6.0,23.9597487449646,1.1436524700976993,24.026707887649536
"[109970.5293221744, 18958.0360348288]",24.068703651428223,-6.0,24.03571105003357,1.1441389511072522,24.10266613960266
"[109816.52578009292, 18953.635933626472]",24.144144296646118,-6.0,24.110661029815674,1.148221161317847,24.17862629890442
"[109677.9032209678, 18927.510724892752]",24.21961236000061,-6.0,24.186647176742554,1.144879248295702,24.25357699394226
"[109625.9037409626, 18926.51073489265]",24.294726490974426,-6.0,24.261573791503906,1.1400355895484158,24.328850507736206
"[109371.73429335734, 18916.872921823044]",24.36988115310669,-6.0,24.336844205856323,1.141537335273557,24.403918266296387
"[109262.99999999999, 18901.399999999998]",24.446575164794922,-6.0,24.41291308403015,1.1418757568454196,24.479206085205078
"[109166.0, 18877.699999999997]",24.520527124404907,-6.0,24.487261533737183,1.1445408267238393,24.554792642593384
"[109044.99999999999, 18861.899999999998]",24.595911502838135,-6.0,24.56279468536377,1.1409239461745557,24.63002848625183
"[108924.9107508925, 18855.411445885544]",24.671182870864868,-6.0,24.638023376464844,1.1452599725640475,24.705341577529907
"[108923.54461772308, 18838.194190970953]",24.746549606323242,-6.0,24.713443994522095,1.1471635939057758,24.780622959136963
"[108958.76271133899, 18829.73180812266]",24.82171356678009,-6.0,24.78865122795105,1.1434621079635265,24.855775833129883
"[108811.87049496395, 18822.65058120465]",24.89751970767975,-6.0,24.864739418029785,1.1467617182891887,24.931298971176147
"[108718.39180461968, 18807.81377190298]",24.972398281097412,-6.0,24.939294815063477,1.1491306692922283,25.00650191307068
"[108647.93349420434, 18788.80729779704]",25.047600626945496,-6.0,25.01449728012085,1.1480519505319156,25.081704139709473
"[108566.82273739116, 18781.288313496152]",25.12283146381378,-6.0,25.089674711227417,1.1515419229917505,25.1569881439209
"[108486.43394573579, 18774.075096300385]",25.198251605033875,-6.0,25.164984226226807,1.1522187661354761,25.23249101638794
"[108409.21681843365, 18767.737535475073]",25.273951172828674,-6.0,25.240719079971313,1.1463809940208431,25.30817699432373
"[108335.62503437551, 18751.381270719063]",25.349214792251587,-6.0,25.316181421279907,1.1479461937907085,25.383248329162598
"[108233.9176608234, 18744.712552874473]",25.425457000732422,-6.0,25.392219305038452,1.1452388212158062,25.45869469642639
"[108181.13725298035, 18731.943226353567]",25.50072693824768,-6.0,25.467666149139404,1.1407758867368656,25.53478717803955
"[108024.48456314494, 18730.630804508502]",25.57685899734497,-6.0,25.54378318786621,1.1398663787624843,25.60993480682373
"[107951.59083818013, 18719.64927158252]",25.65199303627014,-6.0,25.618930339813232,1.1383857843855847,25.686055660247803
"[107942.92057079429, 18708.412915870842]",25.727089762687683,-6.0,25.694023847579956,1.1414527298805912,25.761154413223267
"[107792.72468359493, 18704.99927998848]",25.802372932434082,-6.0,25.769225358963013,1.1411354596569698,25.836520671844482
"[107805.01854051913, 18686.523222650234]",25.878177881240845,-6.0,25.84552025794983,1.142742962123318,25.911805868148804
"[107739.0, 18678.7]",25.952934503555298,-6.0,25.919830322265625,1.1463175399761187,25.9870388507843
"[107702.0, 18675.8]",26.029120445251465,-6.0,25.99603295326233,1.142044967631351,26.0622079372406
"[107588.29105949274, 18667.924015088185]",26.104183316230774,-6.0,26.071202516555786,1.148876853113331,26.13813352584839
"[107546.2150924302, 18662.137324274652]",26.179290771484375,-6.0,26.146159648895264,1.148665339630917,26.21342158317566
"[107482.90203835502, 18652.803625697892]",26.254381895065308,-6.0,26.221385955810547,1.1479038910942256,26.288350105285645
"[107387.6846921173, 18646.766169154227]",26.32939577102661,-6.0,26.29637360572815,1.1516899824294407,26.363417863845825
"[107401.00722820239, 18631.421679807034]",26.40442419052124,-6.0,26.37139081954956,1.153508998378203,26.43842840194702
"[107331.14662293246, 18629.672593451865]",26.48057234287262,-6.0,26.447421073913574,1.1471847452540171,26.514721870422363
"[107241.42896571588, 18625.974503898018]",26.555914163589478,-6.0,26.522794485092163,1.1419180595419025,26.590007781982422
"[107192.9294727305, 18614.335058031043]",26.632157683372498,-6.0,26.598997116088867,1.1424045405514553,26.665318250656128
"[107245.39419012447, 18610.0419305451]",26.707622289657593,-6.0,26.674395322799683,1.141389275835867,26.740849256515503
"[107205.5008770123, 18602.96044144618]",26.78256404399872,-6.0,26.749844789505005,1.1411143083087285,26.81632351875305
"[107048.99999999999, 18598.799999999996]",26.85755145549774,-6.0,26.824369192123413,1.14054322190621,26.891757488250732
"[106969.85575884607, 18590.748725989804]",26.932856798171997,-6.0,26.899752140045166,1.1401624976378644,26.966931104660034
"[106893.92409063363, 18575.534359618472]",27.00902783870697,-6.0,26.975923538208008,1.1407335840403827,27.042132139205933
"[106924.56618958856, 18575.145803499287]",27.084219574928284,-6.0,27.051156997680664,1.1422564811137654,27.117282152175903
"[106885.4583655424, 18561.326910518943]",27.159229516983032,-6.0,27.12625002861023,1.1424045405514553,27.193238735198975
"[106842.9315706843, 18559.314406855934]",27.23425590991974,-6.0,27.201233863830566,1.1443716159379078,27.268248558044434
"[106838.67096677417, 18551.863796594916]",27.309378743171692,-6.0,27.276273488998413,1.1458099076183246,27.343483924865723
"[106701.66754168856, 18544.663616590413]",27.385011434555054,-6.0,27.351531505584717,1.1466348101997401,27.41949152946472
"[106666.55999743995, 18542.345016280393]",27.46046805381775,-6.0,27.427486658096313,1.143737075490665,27.49444890022278
"[106652.98628361594, 18533.31893293012]",27.535924077033997,-6.0,27.502443552017212,1.1464867507620502,27.570404529571533
"[106533.21306642615, 18524.237048474097]",27.61141276359558,-6.0,27.578431129455566,1.1450696104298748,27.645363807678223
"[106484.34265553842, 18523.80752376552]",27.6863534450531,-6.0,27.65335726737976,1.1456406968323933,27.720319986343384
"[106418.66046651166, 18517.962949073728]",27.762293338775635,-6.0,27.729312419891357,1.1463598426726016,27.796274662017822
"[106422.66056651417, 18509.362734068352]",27.83725130558014,-6.0,27.804270029067993,1.1453868806534961,27.871233463287354
"[106309.27571130855, 18506.02207226487]",27.91272234916687,-6.0,27.879257440567017,1.1414315785323499,27.947187900543213
"[106298.85039080313, 18498.947991583933]",27.988664984703064,-6.0,27.95518398284912,1.1449215509921848,28.023144483566284
"[106222.86801743647, 18491.599273180374]",28.06462299823761,-6.0,28.03113889694214,1.1441601024554935,28.09810709953308
"[106153.99999999999, 18485.8]",28.14008402824402,-6.0,28.10710334777832,1.1400567408966573,28.175055980682373
"[106076.65191629791, 18483.162079051974]",28.21653699874878,-6.0,28.18306016921997,1.1433775025705608,28.250013828277588
"[105963.9403605964, 18474.215257847423]",28.29300332069397,-6.0,28.260038375854492,1.1436947727941822,28.32696771621704
"[105977.6358658152, 18472.910837465024]",28.368959188461304,-6.0,28.335962295532227,1.1436736214459409,28.402955532073975
"[105876.0587605876, 18468.384683846838]",28.44391667842865,-6.0,28.4109206199646,1.1388722653951375,28.477882385253906
"[105863.32899323785, 18462.406172935804]",28.519875288009644,-6.0,28.486881494522095,1.143081383695181,28.553844928741455
"[105825.64564114103, 18458.761469036726]",28.595844388008118,-6.0,28.56286334991455,1.145133064474599,28.62979531288147
"[105743.0, 18446.499999999996]",28.672786355018616,-6.0,28.63981866836548,1.1495536962570567,28.70675039291382
"[105813.85697413831, 18445.19802034655]",28.748745918273926,-6.0,28.715776443481445,1.152811003886236,28.78273606300354
"[105789.3173679521, 18435.955307865923]",28.824185609817505,-6.0,28.790709018707275,1.1536359064676516,28.857662200927734
"[105795.64489112228, 18428.060701517537]",28.89965319633484,-6.0,28.86665678024292,1.1519226472600963,28.9336199760437
"[105722.74879146858, 18424.179028654748]",28.975598216056824,-6.0,28.942620515823364,1.1491095179439867,29.009576320648193
"[105655.95836683427, 18424.51588644482]",29.05105173587799,-6.0,29.017570734024048,1.148876853113331,29.084532737731934
"[105598.63996599914, 18416.760419010476]",29.12650966644287,-6.0,29.093525409698486,1.1485172801932269,29.16049361228943
"[105649.42993688855, 18412.32348344012]",29.2014821767807,-6.0,29.16848874092102,1.143842832231872,29.235445976257324
"[105668.0, 18402.199999999997]",29.277434945106506,-6.0,29.24446988105774,1.1395491085388632,29.3114070892334
"[105690.056900569, 18400.884008840087]",29.35238230228424,-6.0,29.319401264190674,1.1355303523729925,29.386363744735718
"[105556.53335680056, 18399.04157699785]",29.42883539199829,-6.0,29.395352363586426,1.1343881795679556,29.462318420410156
"[105336.9466305337, 18392.216077839224]",29.50528907775879,-6.0,29.472307682037354,1.1353399902388197,29.53926992416382
"[105356.00176403351, 18388.149374838125]",29.580244779586792,-6.0,29.54726481437683,1.1378781520277905,29.614224910736084
"[105290.89523611426, 18380.530849555293]",29.656203746795654,-6.0,29.623218774795532,1.1430179296504566,29.69018793106079
"[105264.73688315896, 18378.777848224054]",29.73315930366516,-6.0,29.700175523757935,1.140500919209727,29.767142295837402
"[105136.15649772147, 18371.202083222917]",29.8086177110672,-6.0,29.775140285491943,1.1435678647047336,29.842095136642456
"[105101.94898051019, 18371.11628883711]",29.884084939956665,-6.0,29.851088047027588,1.147882739745984,29.918052434921265
"[105129.84103872831, 18364.746917975343]",29.959250807762146,-6.0,29.926045656204224,1.1496806043465053,29.993419885635376
"[105042.94957050431, 18360.916390836093]",30.034576058387756,-6.0,30.001415014266968,1.1495959989535396,30.0687358379364
"[104993.99488590284, 18360.648852328195]",30.10993766784668,-6.0,30.076730728149414,1.1535936037711687,30.144145488739014
"[105007.9499205008, 18347.616523834764]",30.185417890548706,-6.0,30.152230501174927,1.1460637237972218,30.219604969024658
"[104985.30967681289, 18346.9036318799]",30.261394381523132,-6.0,30.228681087493896,1.1495325449088152,30.295077323913574
"[104934.78389132615, 18341.01179720055]",30.337216019630432,-6.0,30.304069757461548,1.148073101880157,30.37139081954956
"[104945.30879679353, 18342.60353727782]",30.41307771205902,-6.0,30.380354166030884,1.1433563512223195,30.446842193603516
"[104896.62241556038, 18337.658441461037]",30.487916111946106,-6.0,30.454806089401245,1.146571356155016,30.52202582359314
"[104858.9514104859, 18333.616663833363]",30.564075708389282,-6.0,30.531094789505005,1.1387242059574476,30.598055601119995
"[104777.25732708794, 18327.419929039148]",30.640069603919983,-6.0,30.607051849365234,1.1391683842705174,30.674118995666504
"[104715.9528404716, 18331.516684833154]",30.715179204940796,-6.0,30.682114601135254,1.1408816434780729,30.74921679496765
"[104706.0, 18326.6]",30.79054820537567,-6.0,30.757238149642944,1.143039080998698,30.824858903884888
"[104700.9529904701, 18320.416795832043]",30.865935683250427,-6.0,30.83285427093506,1.1412835190946597,30.90001344680786
"[104628.40645334842, 18306.6210522842]",30.961116671562195,-6.0,30.90800976753235,1.1402048003343472,31.015223741531372
"[104661.6165404135, 18298.757468936725]",31.077460646629333,-6.0,31.024218320846558,1.1420238162831098,31.13170289993286
"[104544.195428104, 18293.58416526747]",31.172821044921875,-6.0,31.13967537879944,1.1442658591967005,31.206966638565063
"[104490.04490044901, 18293.082930829307]",31.248032212257385,-6.0,31.214954376220703,1.1492364260334353,31.28208041191101
"[104478.35821865684, 18291.1377847912]",31.324137687683105,-6.0,31.290104627609253,1.1446042807685635,31.357201099395752
"[104385.19208903388, 18287.084028764606]",31.399260640144348,-6.0,31.366201877593994,1.1419603622383854,31.432319402694702
"[104353.99999999999, 18277.3]",31.475398182868958,-6.0,31.442314863204956,1.146677112896223,31.509480714797974
"[104333.46066844936, 18272.155810181343]",31.550648093223572,-6.0,31.517529249191284,1.149870966480678,31.58476686477661
"[104325.08650173004, 18266.565331306625]",31.625865697860718,-6.0,31.592761754989624,1.147925042442467,31.659969568252563
"[104308.39909317915, 18276.020348468013]",31.70102822780609,-6.0,31.66804790496826,1.1458099076183246,31.735008716583252
"[104264.9194177437, 18262.111339117495]",31.77673065662384,-6.0,31.744003295898438,1.1453445779570133,31.810434579849243
"[104302.0, 18264.699999999997]",31.852405428886414,-6.0,31.819427967071533,1.1434198052670437,31.886383533477783
"[104247.50194004658, 18266.238389721355]",31.927859663963318,-6.0,31.894378662109375,1.1441177997590106,31.96134066581726
"[104281.29418847215, 18255.40161883561]",32.00433433055878,-6.0,31.971341848373413,1.1441601024554935,32.03829598426819
"[104163.95836041639, 18250.817491825084]",32.07977259159088,-6.0,32.0462908744812,1.1400567408966573,32.11325430870056
"[104095.39419406645, 18249.819745854154]",32.15624260902405,-6.0,32.12324595451355,1.137751243938342,32.19021773338318
"[104121.18654491745, 18250.183253848332]",32.231274127960205,-6.0,32.19820713996887,1.1409027948263142,32.26534080505371
"[104135.18683892363, 18241.18306484436]",32.306816935539246,-6.0,32.2733359336853,1.1447100375097705,32.34029793739319
"[104108.56162842442, 18241.673625104377]",32.38238060474396,-6.0,32.34926795959473,1.1441389511072522,32.41649127006531
"[104135.60339008475, 18235.355883897097]",32.457539439201355,-6.0,32.42448687553406,1.143737075490665,32.49159121513367
"[104065.66505064082, 18227.89164626634]",32.53360629081726,-6.0,32.50058555603027,1.1443716159379078,32.56762647628784
"[104144.97875459635, 18228.346338580435]",32.60878789424896,-6.0,32.57564878463745,1.1494902422123325,32.64291977882385
"[104086.45721040096, 18224.355140971973]",32.68408501148224,-6.0,32.650938987731934,1.1517322851259233,32.71820020675659
"[104049.1850328857, 18211.682445331353]",32.75928819179535,-6.0,32.72622513771057,1.1516265283847162,32.79335069656372
"[104022.14424358669, 18215.100366104027]",32.834922671318054,-6.0,32.801315784454346,1.152113009394269,32.86953568458557
"[104037.45652439134, 18212.85497996972]",32.91080725193024,-6.0,32.87752366065979,1.1484538261485027,32.945091247558594
"[103940.51970259851, 18210.89105445527]",32.98617386817932,-6.0,32.95308518409729,1.1499344205254023,33.02026915550232
"[104001.76803005651, 18200.0094001598]",33.06139945983887,-6.0,33.0282883644104,1.1463809940208431,33.09552359580994
"[103915.07830156604, 18201.964039280785]",33.13651168346405,-6.0,33.10351514816284,1.1412412163981769,33.170475482940674
"[103936.87086367555, 18196.627539295707]",33.21172761917114,-6.0,33.17858409881592,1.1395491085388632,33.24587035179138
"[103944.55916838752, 18190.972864592968]",33.287168741226196,-6.0,33.25401282310486,1.1393587464046901,33.3213005065918
"[103873.96126038741, 18185.918140818594]",33.36265730857849,-6.0,33.329453229904175,1.14024710303083,33.396827936172485
"[103856.38869694003, 18179.61813121702]",33.43806028366089,-6.0,33.404908657073975,1.1366725251780294,33.472179651260376
"[103811.41524566099, 18186.27274509098]",33.513376116752625,-6.0,33.48028898239136,1.1432717458293538,33.547473669052124
"[103835.07670153402, 18181.863637272745]",33.58947992324829,-6.0,33.55645775794983,1.1444985240273564,33.62353253364563
"[103844.0, 18174.399999999998]",33.66446125507355,-6.0,33.63177514076233,1.1458522103148074,33.698145627975464
"[103820.387868921, 18169.217892011515]",33.73977220058441,-6.0,33.7071099281311,1.1462752372796359,33.77343463897705
"[103765.96234037662, 18171.918280817194]",33.814685463905334,-6.0,33.781511545181274,1.1539320253430316,33.848830223083496
"[103772.96227037732, 18161.818381816185]",33.89036214351654,-6.0,33.85682439804077,1.150674717713852,33.92389988899231
"[103821.86879363829, 18163.926950685112]",33.96604144573212,-6.0,33.93289494514465,1.152409128269649,33.99918794631958
"[103772.49053977297, 18159.035816859607]",34.04128646850586,-6.0,34.008182764053345,1.146423296717326,34.075361013412476
"[103696.99999999999, 18151.9]",34.1166718006134,-6.0,34.08343029022217,1.1458099076183246,34.150883197784424
"[103667.24400692809, 18151.91782301388]",34.19200146198273,-6.0,34.158886432647705,1.149913269177161,34.22611594200134
"[103587.76099193686, 18151.408573945755]",34.26824510097504,-6.0,34.235111474990845,1.1457887562700833,34.3023784160614
"[103561.27834812365, 18148.79927358402]",34.343470096588135,-6.0,34.310365438461304,1.1433563512223195,34.378580808639526
"[103517.5879396985, 18145.85364634116]",34.42073678970337,-6.0,34.387598752975464,1.1444562213308735,34.453874826431274
"[103535.13888652774, 18140.199542194965]",34.495890974998474,-6.0,34.46286916732788,1.1425949026856281,34.529884576797485
"[103529.24235090821, 18140.517686212235]",34.57087683677673,-6.0,34.53790760040283,1.1436524700976993,34.604846715927124
"[103538.86369954658, 18136.426455676203]",34.64591443538666,-6.0,34.61286473274231,1.137455125062962,34.67994165420532
"[103538.96461035391, 18126.418735812644]",34.721970558166504,-6.0,34.68893647193909,1.138301178992619,34.756004095077515
"[103550.99999999999, 18126.5]",34.79710829257965,-6.0,34.763999223709106,1.1455137887429447,34.831188440322876
"[103548.27806211736, 18119.69863336993]",34.87327551841736,-6.0,34.84021353721619,1.1426795080785939,34.90733814239502
"[103493.62096172576, 18121.208727252364]",34.94843578338623,-6.0,34.915332555770874,1.1482634640143299,34.982511043548584
"[103486.690653957, 18116.2710230466]",35.02365231513977,-6.0,34.990588903427124,1.1460002697524974,35.05768585205078
"[103469.27632407912, 18120.898659770515]",35.09977722167969,-6.0,35.066678524017334,1.1472058966022587,35.13287591934204
"[103393.9660603394, 18116.818831811685]",35.17503535747528,-6.0,35.14190149307251,1.142785264819801,35.20816922187805
"[103410.06820136403, 18115.162303246063]",35.2501825094223,-6.0,35.21715593338013,1.144033194366045,35.2842071056366
"[103410.79209138647, 18112.889048004297]",35.325356245040894,-6.0,35.292195081710815,1.1466559615479817,35.359517097473145
"[103431.96520733894, 18113.144149738848]",35.40059041976929,-6.0,35.36748194694519,1.146677112896223,35.43472146987915
"[103368.17073158537, 18106.680240285048]",35.47585904598236,-6.0,35.44268536567688,1.1466348101997401,35.51003289222717
"[103371.0337103371, 18098.980989809897]",35.55201828479767,-6.0,35.51899576187134,1.1445619780720806,35.586040019989014
"[103328.96671033291, 18101.91898081019]",35.627113342285156,-6.0,35.59406590461731,1.1449638536886677,35.661160469055176
"[103311.47947550743, 18091.434194420664]",35.70227575302124,-6.0,35.66915535926819,1.1448580969474604,35.73639440536499
"[103262.96737032631, 18094.81905180948]",35.77738583087921,-6.0,35.74435997009277,1.143292897177595,35.81141114234924
"[103232.92909636186, 18094.06284656562]",35.85311508178711,-6.0,35.82042908668518,1.1415161839253154,35.88680100440979
"[103257.47817947633, 18085.634055217328]",35.927969217300415,-6.0,35.89485025405884,1.1425949026856281,35.9620578289032
"[103219.75473583052, 18083.007411125986]",36.00321304798126,-6.0,35.97005248069763,1.1417065460594884,36.037343978881836
"[103253.27157197458, 18079.597751150526]",36.07909572124481,-6.0,36.04636788368225,1.1413681244876255,36.112791776657104
"[103195.06390127803, 18075.061501230022]",36.154338121414185,-6.0,36.12081575393677,1.1451965185193234,36.1878604888916
"[103149.968500315, 18077.719222807773]",36.22997343540192,-6.0,36.196831703186035,1.144773491554495,36.2631151676178
"[103190.96062825194, 18074.243410624804]",36.304744720458984,-6.0,36.27214002609253,1.1458310589665661,36.33834910392761
"[103010.0, 18070.1]",36.379947900772095,-6.0,36.347344398498535,1.1504843555796793,36.413551568984985
"[102986.26569784536, 18072.99760594733]",36.45569312572479,-6.0,36.42254662513733,1.1531494254580987,36.48981022834778
"[103032.30909692727, 18065.354196062588]",36.53182756900787,-6.0,36.498809576034546,1.1533820902887546,36.56585121154785
"[103047.72133404935, 18056.226393584755]",36.60704946517944,-6.0,36.573840856552124,1.1502728420972652,36.641257524490356
"[102994.9700502995, 18060.61939380606]",36.68321871757507,-6.0,36.65025353431702,1.1492787287299182,36.71719765663147
"[102997.41198964797, 18059.672238688956]",36.75827896595001,-6.0,36.725178241729736,1.148919155809814,36.79240393638611
"[103012.47229933519, 18058.433402401657]",36.83366799354553,-6.0,36.80048131942749,1.1457676049218417,36.8678252696991
"[102988.05976119523, 18053.861077221543]",36.90935659408569,-6.0,36.87581920623779,1.1446254321168048,36.942893981933594
"[102999.4719873277, 18047.833147995552]",36.98461592197418,-6.0,36.95188808441162,1.1396337139318287,37.01834416389465
"[102980.9701902981, 18044.119558804414]",37.05944216251373,-6.0,37.02633881568909,1.1357418658554066,37.09351587295532
"[102972.16241541073, 18046.77898235863]",37.13464534282684,-6.0,37.10154128074646,1.1420026649348682,37.16874933242798
"[102974.0, 18042.199999999997]",37.210546016693115,-6.0,37.17782735824585,1.1404797678614857,37.24423551559448
"[102822.05644112882, 18045.160903218064]",37.28539323806763,-6.0,37.25223636627197,1.1413681244876255,37.31954836845398
"[102781.43894014518, 18036.952517335245]",37.361271023750305,-6.0,37.327627182006836,1.1449427023404262,37.394914865493774
"[102858.54287814317, 18029.670445056676]",37.437000155448914,-6.0,37.40390992164612,1.1461694805384288,37.471091747283936
"[102731.74643968948, 18033.70657301174]",37.512165904045105,-6.0,37.479168176651,1.1480096478354327,37.5461630821228
"[102768.26090173984, 18028.196620325645]",37.587151885032654,-6.0,37.554126262664795,1.1446254321168048,37.621201038360596
"[102789.97210027902, 18024.719752802474]",37.6624790430069,-6.0,37.6292507648468,1.1525360363590975,37.69670510292053
"[102836.9716302837, 18019.119808801912]",37.737905859947205,-6.0,37.704731941223145,1.1522187661354761,37.772083044052124
"[102745.05490109802, 18024.560491209824]",37.813371658325195,-6.0,37.78014898300171,1.1491095179439867,37.84761047363281
"[102736.0547210944, 18018.360367207344]",37.889151215553284,-6.0,37.855629205703735,1.1462540859313946,37.92267322540283
"[102677.61606569639, 18018.90811344868]",37.9647980928421,-6.0,37.93166732788086,1.1456195454841518,37.99893045425415
"[102699.05398107962, 18013.360267205346]",38.03996133804321,-6.0,38.006924629211426,1.1444773726791149,38.07396936416626
"[102685.9731402686, 18009.019909800903]",38.1160808801651,-6.0,38.08307409286499,1.1442447078484592,38.150086402893066
"[102686.74567467647, 18008.606146304486]",38.191216588020325,-6.0,38.15811276435852,1.1424045405514553,38.22532105445862
"[102612.94964604329, 18011.242213602058]",38.266765117645264,-6.0,38.23328399658203,1.141643092014764,38.300246238708496
"[102597.9740202598, 18012.319876801233]",38.34199917316437,-6.0,38.308353662490845,1.1432505944811122,38.3756217956543
"[102610.84699524591, 18009.824176835184]",38.417717814445496,-6.0,38.38461494445801,1.144985005036909,38.451820373535156
"[102459.5368930534, 18003.170047550713]",38.49293518066406,-6.0,38.45981431007385,1.1412623677464184,38.52705478668213
"[102508.1526712061, 17998.577970137372]",38.56807231903076,-6.0,38.53505039215088,1.1435044106600094,38.60209393501282
"[102479.10247910248, 17995.517995517996]",38.64317786693573,-6.0,38.610140562057495,1.1415796379700398,38.6771924495697
"[102461.25414759123, 17995.895909710012]",38.71834444999695,-6.0,38.68521070480347,1.144223556500218,38.752477169036865
"[102398.9760102399, 17990.020099799003]",38.793694496154785,-6.0,38.76057744026184,1.1469309290751202,38.82783889770508
"[102412.25306956752, 17995.695905309916]",38.86899387836456,-6.0,38.835803747177124,1.1455560914394276,38.903183460235596
"[102377.81902255218, 17996.943975551803]",38.94432544708252,-6.0,38.911179304122925,1.1432717458293538,38.97847270965576
"[102362.63780220483, 17988.187811004977]",39.019479751586914,-6.0,38.98646831512451,1.1427641134715596,39.053489446640015
"[102323.5348530228, 17986.96980454707]",39.094862937927246,-6.0,39.06156778335571,1.1445408267238393,39.12815809249878
"[102333.9766602334, 17981.320186798133]",39.17032825946808,-6.0,39.137152671813965,1.1484961288449855,39.20350384712219
"[102277.22732672792, 17983.615803389643]",39.24599289894104,-6.0,39.21246695518494,1.1490037612027797,39.28051805496216
"[102267.32947528317, 17975.833685837915]",39.321749329566956,-6.0,39.28862929344177,1.1452388212158062,39.35586953163147
"[102279.99999999999, 17977.699999999997]",39.3979012966156,-6.0,39.36489415168762,1.1445196753755977,39.431915521621704
"[102357.99999999999, 17970.899999999998]",39.47312808036804,-6.0,39.43990111351013,1.1422564811137654,39.50733757019043
"[102319.04638092761, 17976.359527190543]",39.54842662811279,-6.0,39.51536297798157,1.1422776324620068,39.58248949050903
"[102306.97693023071, 17971.920280797192]",39.623488545417786,-6.0,39.59048366546631,1.143885134928355,39.657493591308594
"[102301.943736931, 17964.24132058509]",39.698530435562134,-6.0,39.66549730300903,1.1438216808836308,39.73256301879883
"[102256.55641391035, 17964.749118727967]",39.774728655815125,-6.0,39.74164009094238,1.1423833892032138,39.80881714820862
"[102235.04470089401, 17963.459269185383]",39.84983825683594,-6.0,39.81681251525879,1.1405220705579686,39.88388729095459
"[102195.04390087801, 17963.059261185223]",39.92515051364899,-6.0,39.89196443557739,1.1418969081936612,39.95933675765991
"[102225.1467280813, 17963.277228821808]",40.00044786930084,-6.0,39.967331886291504,1.1409662488710384,40.03456163406372
"[102221.94221690213, 17961.141261683973]",40.07659435272217,-6.0,40.043556690216064,1.1428275675162838,40.10963201522827
"[102279.22735072822, 17951.115413384963]",40.151432394981384,-6.0,40.118595600128174,1.1454926373947032,40.18530988693237
"[102090.020900209, 14225.942259422593]",40.22766470909119,-6.0,40.19442176818848,1.1483057667108127,40.26187586784363
"[102207.32869527303, 14213.884780502147]",40.30311477184296,-5.884,40.26990246772766,1.1471001398610514,40.337297439575195
"[102152.02152021519, 14226.042260422602]",40.37947952747345,-5.708,40.34629797935486,1.1480096478354327,40.41366481781006
"[102547.23056676681, 14279.171350056202]",40.45473539829254,-5.532,40.42165732383728,1.1499555718736438,40.48878335952759
"[103225.23870286444, 14347.472169666036]",40.52996289730072,-5.356,40.496776819229126,1.1475020154776385,40.56414842605591
"[103948.35132856725, 14425.887536537974]",40.605764508247375,-5.18,40.572145223617554,1.149215274685194,40.6393837928772
"[104719.94247948233, 14508.6305776752]",40.68145501613617,-5.004,40.6483473777771,1.145429183349979,40.71456265449524
"[105746.37470287114, 14585.689613964982]",40.75657522678375,-4.828,40.72355556488037,1.14039516246852,40.79059553146362
"[106511.27813533762, 14662.27594731137]",40.8317254781723,-4.652,40.798622846603394,1.1426795080785939,40.86580276489258
"[107438.39669915709, 14734.391547090112]",40.90697705745697,-4.476,40.873796701431274,1.1397817733695188,40.940157413482666
"[108356.30027560332, 14794.277531330375]",40.98193621635437,-4.3,40.94918251037598,1.1409662488710384,41.01572012901306
"[109153.41899444693, 14907.39379611935]",41.12904369831085,-4.124,41.02371525764465,1.1429121729092495,41.23437213897705
"[111492.3379080549, 14919.879038548463]",41.27657401561737,-3.612,41.2433443069458,1.1396548652800702,41.31076955795288
"[111881.1188111881, 14912.949129491295]",41.35190284252167,-3.436,41.31879734992981,1.1449638536886677,41.38601040840149
"[112291.45978897726, 14895.09363621727]",41.427048563957214,-3.26,41.393980264663696,1.1429333242574908,41.46111607551575
"[112724.57814409402, 14859.808037312523]",41.502164363861084,-3.084,41.4691424369812,1.1446042807685635,41.53615713119507
"[112893.46761507899, 14804.592459701977]",41.578214049339294,-2.908,41.54515027999878,1.1497863610877124,41.61227583885193
"[113171.58440218163, 14734.506283087963]",41.65335929393768,-2.732,41.620378255844116,1.1486018855861926,41.687340259552
"[113398.58758022611, 14645.00503007042]",41.72948622703552,-2.556,41.696311950683594,1.1479461937907085,41.763659715652466
"[113307.47299714896, 14543.289062757816]",41.8048574924469,-2.38,41.771655321121216,1.1485807342379513,41.83805966377258
"[113209.4717231324, 14424.687520937774]",41.88114523887634,-2.204,41.84805607795715,1.1452599725640475,41.91423439979553
"[113021.58230215225, 14291.100075401057]",41.95585501194,-2.024,41.923235177993774,1.143885134928355,41.98947310447693
"[112920.69381040715, 14148.912233683504]",42.03118395805359,-1.852,41.998467683792114,1.1429544756057324,42.06489872932434
"[112590.80145282326, 13992.923886782188]",42.10652279853821,-1.676,42.07291793823242,1.1409662488710384,42.14115881919861
"[111830.6774601619, 13813.807207108106]",42.1823273897171,-1.496,42.14912819862366,1.14083934078159,42.21649742126465
"[111372.44784182194, 13637.377285904717]",42.25756025314331,-1.32,42.22449564933777,1.1419180595419025,42.29162359237671
"[110504.43655767525, 13455.274918573941]",42.33281445503235,-1.144,42.29972553253174,1.1415796379700398,42.36590337753296
"[109738.53633950875, 13259.28562999882]",42.407614946365356,-0.972,42.374929666519165,1.143885134928355,42.441269874572754
"[108771.41402838235, 13061.269796507355]",42.482510685920715,-0.796,42.44927215576172,1.1421507243725582,42.516719818115234
"[107941.51118115653, 12856.179986519812]",42.55779588222504,-0.62,42.52474403381348,1.1452176698675647,42.59184694290161
"[107288.50203902855, 12657.377203280845]",42.63295125961304,-0.444,42.59986615180969,1.1451119131263576,42.667076110839844
"[106674.70679530872, 12465.89945439127]",42.708094239234924,-0.268,42.67507219314575,1.1465502048067744,42.74211668968201
"[105417.47584466184, 12257.171600402406]",42.78331744670868,-0.092,42.75011157989502,1.147925042442467,42.81756329536438
"[103966.66346661547, 14126.726027616442]",42.87162435054779,0.0,42.838529109954834,1.145027307733392,42.905760765075684
"[103517.1035171035, 13928.113928113928]",42.946818232536316,0.0,42.913755655288696,1.1420238162831098,42.98088026046753
"[103123.99059572729, 13856.0018240529]",43.02193772792816,0.0,42.98887515068054,1.1440543457142864,43.0559778213501
"[102645.99999999999, 13799.6]",43.09701907634735,0.0,43.063995361328125,1.143990891669562,43.131040811538696
"[102160.6561770606, 13750.857522295579]",43.17250156402588,0.0,43.13900566101074,1.1437582268389064,43.205997467041016
"[101737.84865976247, 13694.383442736398]",43.24747395515442,0.0,43.213993072509766,1.1478615883977428,43.2819550037384
"[101499.23298312562, 13821.504073089607]",43.3249135017395,0.0,43.29194760322571,1.1455983941359105,43.358877658843994
"[101223.21467857614, 13773.665283983408]",43.400869965553284,0.0,43.367873430252075,1.1454714860464619,43.43483638763428
"[100847.42033808812, 13746.62991911806]",43.476810693740845,0.0,43.44382929801941,1.1423622378549725,43.51079797744751
"[100556.91615056839, 13711.697639231541]",43.55178248882294,0.0,43.51878595352173,1.1423833892032138,43.58577847480774
"[100281.30647004882, 13685.314762239532]",43.62772297859192,0.0,43.59474158287048,1.1418546054971783,43.66170954704285
"[100109.40262566302, 13661.227869468868]",43.70267939567566,0.0,43.6696982383728,1.1399721355036916,43.73666071891785
"[99802.39525748619, 13627.027048649168]",43.77865290641785,0.0,43.745657444000244,1.1394222004494146,43.81261658668518
"[99692.49446490036, 13597.144748605475]",43.85427689552307,0.0,43.82064366340637,1.1422776324620068,43.88791012763977
"[99432.38694489973, 13573.012179280122]",43.92900824546814,0.0,43.89590382575989,1.1416007893182811,43.96312165260315
"[99242.10757892422, 13550.164498355018]",44.00435471534729,0.0,43.971221923828125,1.1452388212158062,44.038488149642944
"[99067.57482452026, 13530.665327963856]",44.079638719558716,0.0,44.04647970199585,1.1493844854711253,44.11279773712158
"[98964.91035089649, 13510.864891351088]",44.15427362918854,0.0,44.120792865753174,1.1486441882826754,44.1877543926239
"[98837.5662894224, 13492.291276447018]",44.22892379760742,0.0,44.19572067260742,1.1505478096244037,44.26309609413147
"[98719.09999999999, 13472.199999999999]",44.30424928665161,0.0,44.27117133140564,1.1482423126660883,44.33829641342163
"[98628.56434267292, 13448.049649290884]",44.3791298866272,0.0,44.34632205963135,1.146571356155016,44.41291332244873
"[98486.51513484865, 13439.265607343928]",44.45408499240875,0.0,44.42093086242676,1.1473962587364315,44.4882378578186
"[98301.66433495104, 13421.781857419006]",44.52924382686615,0.0,44.49623489379883,1.144583129420322,44.563251972198486
"[98165.8504779629, 13397.46173146675]",44.604360461235046,0.0,44.571274757385254,1.145429183349979,44.63841533660889
"[97968.74921873046, 13382.034550863771]",44.68000245094299,0.0,44.646440267562866,1.1402048003343472,44.71356463432312
"[97926.19999999998, 13362.199999999997]",44.75507068634033,0.0,44.72153687477112,1.1411566110052114,44.788604497909546
"[97771.65988987802, 13338.64009552172]",44.82969844341278,0.0,44.796600103378296,1.1423833892032138,44.86379671096802
"[97762.29999999999, 13303.799999999997]",44.904911279678345,0.0,44.871768951416016,1.1463809940208431,44.93903112411499
"[97628.3478236521, 13256.391640616093]",44.980154395103455,0.0,44.94704985618591,1.1427218107750767,45.013258934020996
"[97527.59752759752, 13219.21321921322]",45.054970383644104,0.0,45.02222990989685,1.1445408267238393,45.08868765830994
"[97438.53340186845, 13175.942574506938]",45.129788517951965,0.0,45.09668326377869,1.147121291209293,45.16389346122742
"[97340.73883699325, 13141.902263752067]",45.20506799221039,0.0,45.171911001205444,1.1472481992987416,45.23922896385193
"[97266.94807201337, 13046.347880609732]",45.28085696697235,0.0,45.24721646308899,1.1507593231068178,45.31345725059509
"[97164.54612637642, 13019.24736569995]",45.35457694530487,0.0,45.32145166397095,1.1498921178289194,45.388741970062256
"[97043.26747594224, 12869.74156715724]",45.42997348308563,0.0,45.3967068195343,1.14678286963743,45.46324014663696
"[96939.07245165207, 12689.114202027818]",45.50462448596954,0.0,45.4713990688324,1.149574847605298,45.53885793685913
"[96366.17456322195, 12666.388664720655]",45.57986521720886,0.0,45.54688477516174,1.1458522103148074,45.61384153366089
"[96173.23826761733, 12711.272887271129]",45.654905915260315,0.0,45.62192392349243,1.146529053458533,45.688886404037476
"[95966.31529262115, 12698.8666762002]",45.72994387149811,0.0,45.69688034057617,1.1439274376248378,45.76400685310364
"[95830.8124470614, 12681.466310792528]",45.80465543270111,0.0,45.7720091342926,1.1431236863916638,45.83829951286316
"[95773.42392163059, 12668.928040704732]",45.879568338394165,0.0,45.84646248817444,1.145027307733392,45.91364789009094
"[95594.92070857275, 12657.62783730107]",45.954805970191956,0.0,45.92166519165039,1.1423833892032138,45.98794674873352
"[95372.54627453726, 12526.574734252657]",46.04958486557007,0.0,45.99594187736511,1.139295292359966,46.10419726371765
"[95349.74650253498, 12515.374846251538]",46.16530001163483,0.0,46.112191677093506,1.1401201949413815,46.21940803527832
"[95308.12492999888, 12499.499991999874]",46.26049566268921,0.0,46.22740340232849,1.1411777623534527,46.29458498954773
"[95208.14791852083, 12484.775152248478]",46.33569347858429,0.0,46.30257987976074,1.144181253803735,46.36980748176575
"[94994.87997951993, 12479.049916199665]",46.41094732284546,0.0,46.37780261039734,1.144287010544942,46.44512319564819
"[94938.9937188681, 12474.461963701238]",46.48627591133118,0.0,46.45308589935303,1.1450061563851506,46.519465923309326
"[94966.2, 12471.8]",46.560532450675964,0.0,46.5274543762207,1.1502728420972652,46.5946102142334
"[94787.0521294787, 12490.37509624904]",46.635708689689636,0.0,46.60260581970215,1.1450907617781163,46.669811725616455
"[94811.10141092681, 12571.238853538216]",46.711103320121765,0.0,46.67780637741089,1.1455137887429447,46.74440026283264
"[94650.69301386028, 12566.45132902658]",46.785582542419434,0.0,46.75256061553955,1.1455560914394276,46.81960439682007
"[94624.58711632945, 12561.56379283965]",46.86074638366699,0.0,46.82760000228882,1.145682999528876,46.89486074447632
"[94492.7898557971, 12553.451069021381]",46.93597614765167,0.0,46.90296959877014,1.146571356155016,46.969982385635376
"[94393.45514764117, 12541.600332802662]",47.01104700565338,0.0,46.97800827026367,1.146677112896223,47.045084953308105
"[94339.80943695099, 12535.800572809165]",47.08657658100128,0.0,47.05311179161072,1.143779378187148,47.120041370391846
"[94352.48704974099, 12532.550651013018]",47.16203212738037,0.0,47.12903547286987,1.1459156643595318,47.196006298065186
"[94231.75768242318, 12423.075769242309]",47.237128376960754,0.0,47.20402407646179,1.142193027069041,47.27120280265808
"[94220.8, 12398.3]",47.312708377838135,0.0,47.27922749519348,1.1409662488710384,47.347158670425415
"[94189.28378567571, 12396.64793295866]",47.389633536338806,0.0,47.35615253448486,1.1422564811137654,47.42411279678345
"[94114.13525548781, 12387.836266198929]",47.46610510349274,0.0,47.43310809135437,1.143335199874078,47.500070571899414
"[94096.35903640963, 12500.27499725003]",47.54204511642456,0.0,47.50906467437744,1.144181253803735,47.57702398300171
"[94119.55880441196, 12516.87483125169]",47.618499994277954,0.0,47.5850191116333,1.1422141784172826,47.65298581123352
"[94104.87030714675, 12819.38202640458]",47.69406986236572,0.0,47.66100788116455,1.1443081618931834,47.72813153266907
"[93969.88542782313, 12881.144741750095]",47.7692312002182,0.0,47.73620939254761,1.1422987838102483,47.803252935409546
"[94036.39861877651, 12921.519665834317]",47.84433698654175,0.0,47.81121754646301,1.1459156643595318,47.87842392921448
"[94046.53451187964, 12941.342354765902]",47.91991627216339,0.0,47.886420011520386,1.1481365559248813,47.954381227493286
"[93991.0, 12945.4]",47.99637508392334,0.0,47.96338081359863,1.149765209739471,48.03033638000488
"[93915.46084539156, 12936.270637293628]",48.071813344955444,0.0,48.038331747055054,1.1519014959118548,48.10630130767822
"[93893.66106338937, 12929.470705292948]",48.1472852230072,0.0,48.114319801330566,1.1537628145571002,48.18126583099365
"[93909.9842897015, 12932.345714568577]",48.22322940826416,0.0,48.19025182723999,1.1517322851259233,48.2572135925293
"[93698.67397347947, 12927.158543170863]",48.2990083694458,0.0,48.266207456588745,1.1476077722188456,48.33280849456787
"[93608.25938170639, 12920.284246253417]",48.37494444847107,0.0,48.341795682907104,1.1450061563851506,48.40909481048584
"[93558.47116942338, 12915.258305166102]",48.45056629180908,0.0,48.417086362838745,1.142193027069041,48.48504066467285
"[93566.58419851557, 12910.532389583012]",48.526119232177734,0.0,48.49304246902466,1.1444773726791149,48.56019639968872
"[93585.59736955792, 12902.30643690299]",48.601226925849915,0.0,48.568159103393555,1.1417276974077297,48.63529348373413
"[93580.09999999999, 12900.3]",48.67684853076935,0.0,48.64328932762146,1.1397817733695188,48.711405992507935
"[93578.35230210295, 12894.096564220978]",48.75239849090576,0.0,48.71940755844116,1.1405220705579686,48.786365032196045
"[93480.56961139223, 12887.557751155022]",48.828354597091675,0.0,48.795358419418335,1.1406701299956585,48.86235070228577
"[93505.08309149565, 12885.231934174813]",48.90345215797424,0.0,48.870314598083496,1.1450696104298748,48.9375581741333
"[93372.96745934918, 12883.357667153343]",48.97889494895935,0.0,48.94566774368286,1.145133064474599,49.01312184333801
"[93308.7661753235, 12878.857577151544]",49.055065751075745,0.0,49.0220844745636,1.14707898851281,49.089051723480225
"[93285.05299537098, 12878.890152231068]",49.131524443626404,0.0,49.09804582595825,1.1474808641293972,49.16603350639343
"[93203.66407328147, 12869.057381147622]",49.207144021987915,0.0,49.17399621009827,1.1468463236821544,49.24126887321472
"[93148.17944453833, 12863.638590915773]",49.28230881690979,0.0,49.24928641319275,1.1497863610877124,49.31533122062683
"[93079.16920830793, 12866.571334286658]",49.356539487838745,0.0,49.32329559326172,1.1522187661354761,49.390753984451294
"[93091.95493105355, 12858.270023670497]",49.431777358055115,0.0,49.39874815940857,1.1476923776118113,49.465800523757935
"[93025.8697413026, 12855.671443285568]",49.50826847553253,0.0,49.474791526794434,1.1422564811137654,49.542744874954224
"[93118.2623652473, 12847.356947138942]",49.584280014038086,0.0,49.550740480422974,1.1463598426726016,49.6178195476532
"[93116.9, 12842.899999999998]",49.658971309661865,0.0,49.62581491470337,1.1407970380851071,49.693127155303955
"[93033.26966730334, 12836.47163528365]",49.73418581485748,0.0,49.70112228393555,1.1416853947112469,49.76824903488159
"[93002.7600552011, 12838.256765135302]",49.80937647819519,0.0,49.77624440193176,1.140500919209727,49.843514919281006
"[92946.27053729464, 12838.371616283837]",49.88498377799988,0.0,49.851507902145386,1.1449427023404262,49.919493198394775
"[92827.17172828273, 12826.371736282637]",49.96096634864807,0.0,49.927485942840576,1.145323426608772,49.994446754455566
"[92799.27200727993, 12824.471755282448]",50.035544872283936,0.0,50.00244164466858,1.1457041508771175,50.069647789001465
"[92711.77288227118, 12827.171728282718]",50.11095476150513,0.0,50.07772612571716,1.141389275835867,50.14418339729309
"[92764.94806390934, 12828.169391557223]",50.1862256526947,0.0,50.153146266937256,1.1455560914394276,50.21930503845215
"[92676.9047997624, 12818.666642666354]",50.26127350330353,0.0,50.22729969024658,1.1473539560399486,50.29523038864136
"[92678.52678526785, 12812.82812828128]",50.33770680427551,0.0,50.30422568321228,1.146232934583153,50.37219834327698
"[92613.27783983352, 12808.93842681528]",50.41379523277283,0.0,50.38018584251404,1.1456195454841518,50.447404623031616
"[92602.55205104101, 12808.856177123542]",50.488478779792786,0.0,50.45536947250366,1.1482423126660883,50.52260661125183
"[92554.2, 12807.999999999998]",50.56356704235077,0.0,50.530601263046265,1.1465079021102915,50.59753084182739
"[92578.51836370201, 12800.640807048878]",50.638566851615906,0.0,50.605530977249146,1.142891021561008,50.67257833480835
"[92477.77522224779, 12793.272067279328]",50.714075326919556,0.0,50.680596351623535,1.1467194155927058,50.748541593551636
"[92540.02096050307, 12794.507068169636]",50.790502429008484,0.0,50.757521629333496,1.143335199874078,50.82451367378235
"[92460.14722103055, 12793.28955302687]",50.866474628448486,0.0,50.83347773551941,1.1428487188645253,50.90044641494751
"[92395.40988524712, 12781.619540488513]",50.94147181510925,0.0,50.908435106277466,1.1462540859313946,50.97547698020935
"[92400.11760282247, 12775.806619358866]",51.01655399799347,0.0,50.98350381851196,1.1433986539188024,51.05060648918152
"[92338.57781875676, 12776.37051474493]",51.09122967720032,0.0,51.05862498283386,1.1447523402062534,51.12483358383179
"[92309.9, 12777.4]",51.1663920879364,0.0,51.13282895088196,1.1425525999891453,51.199955224990845
"[92282.37717622824, 12767.57232427676]",51.24194383621216,0.0,51.208919048309326,1.1419180595419025,51.27596926689148
"[92233.22913104088, 12764.580820778057]",51.31695473194122,0.0,51.28398895263672,1.1424256918996967,51.351919651031494
"[92178.85921946596, 12765.129772335904]",51.392995953559875,0.0,51.35992074012756,1.1421718757207997,51.42707133293152
"[92214.2131411154, 12757.70618494844]",51.468254804611206,0.0,51.43506717681885,1.1400778922448986,51.501442432403564
"[92175.30610367324, 12757.253087037045]",51.54252815246582,0.0,51.509437561035156,1.1429333242574908,51.57661819458008
"[92038.79650435456, 12758.465860056182]",51.61765229701996,0.0,51.58464050292969,1.1435890160529751,51.65166258811951
"[92017.85632141378, 12754.029572532307]",51.69282877445221,0.0,51.65968179702759,1.1473539560399486,51.72597575187683
"[92079.92575836668, 12746.280418169197]",51.76710903644562,0.0,51.733971118927,1.147925042442467,51.801217555999756
"[92046.62841965578, 12742.514682632145]",51.84319710731506,0.0,51.8102171421051,1.1509285338927493,51.877177476882935
"[92001.20003000073, 12744.218605465136]",51.919175028800964,0.0,51.886199712753296,1.1482000099696055,51.9531307220459
"[92034.05661301904, 12741.529347528256]",51.995203614234924,0.0,51.96212553977966,1.1468040209856716,52.02928137779236
"[91956.63913278266, 12737.054741094822]",52.07126820087433,0.0,52.038246870040894,1.1461483291901875,52.104289531707764
"[91929.28385856772, 12733.025466050933]",52.1460417509079,0.0,52.11331605911255,1.1458945130112903,52.179768085479736
"[91937.9, 12729.599999999999]",52.220860719680786,0.0,52.18776273727417,1.142193027069041,52.25494194030762
"[91949.6228917036, 12729.680052961163]",52.297138810157776,0.0,52.26396608352661,1.1410720056122456,52.33031153678894
"[91813.43626872537, 12722.654453089062]",52.371665716171265,0.0,52.338337659835815,1.1410085515675212,52.406025648117065
"[91864.81289069648, 12724.192656431098]",52.44712710380554,0.0,52.413997411727905,1.1427641134715596,52.48125720024109
"[91832.30397529542, 12719.105258526206]",52.52183198928833,0.0,52.48928380012512,1.139252989663483,52.55540919303894
"[91848.04511285716, 12712.341534489156]",52.596911787986755,0.0,52.563374519348145,1.1440120430178036,52.630449056625366
"[91874.24311970184, 12714.989004923036]",52.672491908073425,0.0,52.63944458961487,1.141981513586627,52.70553922653198
"[91800.80321927727, 12711.805083322]",52.74669420719147,0.0,52.713534116744995,1.1419603622383854,52.7808313369751
"[91812.28187718123, 12704.972950270498]",52.822134256362915,0.0,52.78882670402527,1.1439274376248378,52.856441259384155
"[91866.80240162883, 12700.252403028837]",52.896819829940796,0.0,52.86360001564026,1.1456618481806347,52.93104004859924
"[91801.30323127756, 12697.804747313938]",52.972055554389954,0.0,52.93903851509094,1.1466136588514988,53.006101846694946
"[91721.69304232605, 12697.017425435635]",53.04728281497955,0.0,53.01409673690796,1.1451542158228405,53.081440448760986
"[91723.38412737778, 12691.97768768763]",53.12215054035187,0.0,53.08946371078491,1.1527475498415118,53.155837535858154
"[91733.7752013256, 12688.138064414192]",53.19694423675537,0.0,53.16383242607117,1.151266955464612,53.23105573654175
"[91737.94216559516, 12691.988843921908]",53.27214324474335,0.0,53.239052534103394,1.1480307991836742,53.30623412132263
"[91737.79999999999, 12684.1]",53.34699833393097,0.0,53.31422710418701,1.1446888861615292,53.38076853752136
"[91697.11733658139, 12683.179029938658]",53.422096252441406,0.0,53.38878774642944,1.1442024051519764,53.45540475845337
"[91666.67500022499, 12680.242366543895]",53.496623158454895,0.0,53.46348810195923,1.1446254321168048,53.53073000907898
"[91575.7663030652, 12677.750711002844]",53.571911692619324,0.0,53.53872275352478,1.1416007893182811,53.606099367141724
"[91511.73023460469, 12670.853417068342]",53.646793603897095,0.0,53.61409568786621,1.1400990435931402,53.680461406707764
"[91489.92128834706, 12672.166115488426]",53.721590876579285,0.0,53.68848633766174,1.142489145944421,53.755695104599
"[91491.78729468236, 12664.416610415261]",53.79677867889404,0.0,53.76369047164917,1.1416642433630055,53.830867290496826
"[91424.68561714044, 12667.716692917324]",53.87216079235077,0.0,53.83889317512512,1.1444773726791149,53.905428409576416
"[91385.69325663816, 12669.204060897462]",53.94663429260254,0.0,53.91339325904846,1.1446465834650463,53.98087453842163
"[91423.75711878558, 12663.563317816588]",54.02199614048004,0.0,53.988839626312256,1.1455983941359105,54.056121587753296
"[91390.04834029004, 12662.675976055854]",54.09737706184387,0.0,54.06423282623291,1.1469097777268786,54.13149046897888
"[91434.79443506645, 12658.303799291183]",54.17280638217926,0.0,54.13948464393616,1.1447946429027362,54.20612812042236
"[91467.31228087017, 12655.678424925347]",54.247212529182434,0.0,54.21409273147583,1.1436947727941822,54.28130269050598
"[91439.18560814393, 12651.873481265187]",54.32254195213318,0.0,54.28932762145996,1.1419603622383854,54.35675644874573
"[91388.99333584007, 12650.703616886807]",54.39753568172455,0.0,54.3647825717926,1.142489145944421,54.43131875991821
"[91428.81143385153, 12641.178105918329]",54.472649335861206,0.0,54.43936777114868,1.1453657293052548,54.50593090057373
"[91354.10114432631, 12646.39086698994]",54.546974539756775,0.0,54.513896226882935,1.1465502048067744,54.58102321624756
"[91342.78356958924, 12645.21613040326]",54.62255907058716,0.0,54.589025259017944,1.1444773726791149,54.65609288215637
"[91285.34313617645, 12641.627549295887]",54.697150111198425,0.0,54.664087533950806,1.1490672152475039,54.73118329048157
"[91161.78838211618, 12639.373606263938]",54.77255868911743,0.0,54.739290714263916,1.1461694805384288,54.80582666397095
"[91176.68824051777, 12639.203340880182]",54.847034335136414,0.0,54.81387400627136,1.1452599725640475,54.881194829940796
"[91157.39662012226, 12634.590595583699]",54.922200083732605,0.0,54.88918972015381,1.1443927672861491,54.95620584487915
"[91119.59999999999, 12628.7]",54.996994495391846,0.0,54.964229345321655,1.1458310589665661,55.030760049819946
"[91098.97747443686, 12629.315732893323]",55.07220757007599,0.0,55.038899183273315,1.1429121729092495,55.10551595687866
"[91092.1574745196, 12628.502056032898]",55.14667999744415,0.0,55.113534450531006,1.1421084216760753,55.18079614639282
"[91064.5855500532, 12626.40303367281]",55.22189688682556,0.0,55.18879055976868,1.1431659890881465,55.25603413581848
"[91054.38370698818, 12620.564067332876]",55.296218395233154,0.0,55.26311445236206,1.1451753671710818,55.330322265625
"[90994.17485437136, 12622.215555388884]",55.37138092517853,0.0,55.33831787109375,1.147565469522363,55.40541481971741
"[91003.4, 12612.999999999998]",55.44658446311951,0.0,55.41343927383423,1.1466136588514988,55.48070001602173
"[90972.20138843053, 12616.177555906228]",55.52177584171295,0.0,55.48872399330139,1.1468886263786373,55.55582785606384
"[90931.59093159092, 12614.812614812616]",55.59888303279877,0.0,55.56581473350525,1.1493421827746424,55.63293981552124
"[90867.49132508675, 12618.673813261868]",55.67423486709595,0.0,55.64096546173096,1.1499767232218852,55.70847296714783
"[90870.8717717943, 12614.115352883822]",55.74928665161133,0.0,55.7164990901947,1.1485807342379513,55.783069133758545
"[90854.19999999998, 12609.0]",55.824241399765015,0.0,55.79109454154968,1.1479673451389498,55.8583881855011
"[90863.47158678966, 12606.315157878948]",55.90013802051544,0.0,55.86735200881958,1.1476289235670871,55.933924436569214
"[90858.1440280328, 12605.75296108291]",55.97526788711548,0.0,55.94200110435486,1.146232934583153,56.00953435897827
"[90877.87194679867, 12605.115127878196]",56.050122022628784,0.0,56.01753044128418,1.1447100375097705,56.08370757102966
"[90789.72631781053, 12597.50078000624]",56.12479507923126,0.0,56.09173226356506,1.1428698702127666,56.15885806083679
"[90807.85181199892, 12600.940225386086]",56.20091950893402,0.0,56.16782832145691,1.1414104271841083,56.23401069641113
"[90745.4, 12594.199999999999]",56.27608275413513,0.0,56.243035316467285,1.1395491085388632,56.31013059616089
"[90827.97069926748, 12596.614915372884]",56.350751638412476,0.0,56.31815719604492,1.143779378187148,56.38433480262756
"[90768.76921923048, 12591.314782869571]",56.425546288490295,0.0,56.39236068725586,1.1417700001042126,56.45973563194275
"[90695.78139156279, 12590.525181050361]",56.500399589538574,0.0,56.46772766113281,1.1448369455992191,56.53407049179077
"[90672.59999999999, 12580.4]",56.57529628276825,0.0,56.54206585884094,1.1472905019952244,56.609527587890625
"[90613.65595505483, 12585.32721850768]",56.651142954826355,0.0,56.617499113082886,1.149870966480678,56.684786796569824
"[90597.17433218399, 12580.401929646312]",56.72633385658264,0.0,56.692811727523804,1.1530013660204088,56.76085615158081
"[90634.8936510635, 12574.474255257448]",56.80253458023071,0.0,56.769850730895996,1.1484326748002611,56.83621835708618
"[90635.99699596695, 12572.038292421217]",56.877317667007446,0.0,56.84421348571777,1.1492787287299182,56.911420822143555
"[90584.07401777644, 12574.001776042625]",56.952521204948425,0.0,56.91941690444946,1.1491729719887112,56.98662567138672
"[90662.9159662437, 12574.213167918511]",57.02793729305267,0.0,56.994757413864136,1.1412412163981769,57.06111717224121
"[90663.29999999999, 12561.099999999999]",57.102338671684265,0.0,57.06911253929138,1.1422776324620068,57.136605739593506
"[90633.58760305124, 12567.250807009686]",57.17732918262482,0.0,57.144599199295044,1.143039080998698,57.21105766296387
"[90572.74546412753, 12556.539026553717]",57.25207495689392,0.0,57.21905279159546,1.1466136588514988,57.28609752655029
"[90605.54029418499, 12558.31349132935]",57.32722628116608,0.0,57.2941517829895,1.139401049101173,57.36130094528198
"[90670.04809129846, 12551.238883449854]",57.40194094181061,0.0,57.369295835494995,1.1434832593117679,57.43558645248413
"[90692.79307206928, 12552.774472255278]",57.47675311565399,0.0,57.443581342697144,1.1411143083087285,57.51089549064636
"[90664.68528776162, 12553.088721040584]",57.551942229270935,0.0,57.51892042160034,1.139697167976553,57.58596348762512
"[90647.9532397662, 12550.062750313751]",57.62692415714264,0.0,57.59392809867859,1.1411354596569698,57.66091990470886
"[90628.5469707682, 12547.238775446936]",57.70215344429016,0.0,57.668885707855225,1.1452176698675647,57.73642134666443
"[90666.4759954239, 12548.301159227824]",57.777453899383545,0.0,57.744415283203125,1.1436947727941822,57.81146049499512
"[90650.40365847683, 12540.06334133017]",57.85195314884186,0.0,57.818487882614136,1.1419180595419025,57.88641691207886
"[90639.69360306398, 12537.07462925371]",57.927424907684326,0.0,57.89444351196289,1.1457253022253588,57.961374282836914
"[90678.09321906781, 12535.574644253558]",58.002371072769165,0.0,57.96937680244446,1.141791151452454,58.03636407852173
"[90633.66584164603, 12536.11340283507]",58.07856285572052,0.0,58.04532551765442,1.1431448377399052,58.11180019378662
"[90568.99999999999, 12540.299999999997]",58.15314865112305,0.0,58.1197726726532,1.145323426608772,58.186524629592896
"[90572.90572905728, 12536.225362253621]",58.228166341781616,0.0,58.19460320472717,1.1468674750303958,58.26172947883606
"[90555.88667064006, 12527.250327003925]",58.30291450023651,0.0,58.26972532272339,1.1468886263786373,58.33710336685181
"[90488.30976619532, 12527.35054701094]",58.37832164764404,0.0,58.345067739486694,1.148073101880157,58.412575483322144
"[90445.9955400446, 12528.77471225288]",58.45370125770569,0.0,58.420570373535156,1.1462540859313946,58.48683214187622
"[90514.69485305148, 12521.374786252138]",58.527878761291504,0.0,58.49485683441162,1.1430179296504566,58.56190061569214
"[90477.40954819096, 12523.15046300926]",58.603155851364136,0.0,58.56989622116089,1.1439274376248378,58.637415170669556
"[90388.0077601552, 12516.85033700674]",58.67837929725647,0.0,58.6443874835968,1.1437159241424235,58.712371587753296
"[90412.89041289041, 12516.412516412516]",58.75252175331116,0.0,58.719367265701294,1.1414315785323499,58.7867169380188
"[90431.23733103462, 12513.81273481649]",58.82791078090668,0.0,58.79468035697937,1.143885134928355,58.8621392250061
"[90384.47884301339, 12516.187872321063]",58.902469515800476,0.0,58.86924147605896,1.1457253022253588,58.936668157577515
"[90405.48892075625, 12510.37522825502]",58.97754204273224,0.0,58.94477415084839,1.1385126924750333,59.01127791404724
"[90419.79999999999, 12505.699999999999]",59.052478671073914,0.0,59.019280433654785,1.1425737513373868,59.086676836013794
"[90381.79801775838, 12514.46280371888]",59.128385066986084,0.0,59.09564018249512,1.1449003996439433,59.16213035583496
"[90426.3702328856, 12507.400177604262]",59.20334434509277,0.0,59.170125007629395,1.145873361663049,59.237581729888916
"[90418.370040881, 12509.300223205359]",59.27872145175934,0.0,59.24557709693909,1.1534455443334788,59.31186580657959
"[90348.8965110349, 12500.774992250079]",59.35328197479248,0.0,59.31994366645813,1.1453022752605304,59.38662028312683
"[90403.95605934088, 12503.087546313194]",59.42799115180969,0.0,59.3947012424469,1.148073101880157,59.46225047111511
"[90365.5784083034, 12501.98754571355]",59.503515124320984,0.0,59.47040891647339,1.146973231771603,59.53762125968933
"[90365.59999999999, 12496.8]",59.578678607940674,0.0,59.545616149902344,1.1510342906339563,59.612709522247314
"[90348.99732894391, 12504.162587414337]",59.653785943984985,0.0,59.620710611343384,1.1502093880525408,59.68786096572876
"[90340.57783329017, 12493.98736170932]",59.72873306274414,0.0,59.695908546447754,1.1446677348132877,59.76252603530884
"[90395.44632714124, 12493.999903998463]",59.8036162853241,0.0,59.77063512802124,1.141050854264004,59.837597608566284
"[90338.51643181221, 12494.637398110564]",59.87954545021057,0.0,59.84656119346619,1.1424679945961795,59.91352152824402
"[90355.75889397235, 12488.012200305007]",59.954678654670715,0.0,59.92154908180237,1.14083934078159,59.98780822753906
"[90308.38678450925, 12492.87484324655]",60.03011107444763,0.0,59.996803283691406,1.1400144382001745,60.06341886520386
"[90336.787409323, 12489.674772845003]",60.104533672332764,0.0,60.071414947509766,1.1415161839253154,60.1386513710022
"[90343.34892707212, 12488.224693842041]",60.179723620414734,0.0,60.14662265777588,1.143737075490665,60.213825941085815
"[90332.19999999998, 12480.599999999999]",60.25530934333801,0.0,60.22201442718506,1.1454503346982203,60.289634227752686
